symbol,hour_ms,funding_rate
BNBUSDT,1581321600000,0.0
BNBUSDT,1581350400000,0.00304635
BNBUSDT,1581379200000,0.00161571
BNBUSDT,1581408000000,0.00261274
BNBUSDT,1581436800000,0.00155591
BNBUSDT,1581465600000,0.00326618
BNBUSDT,1581494400000,0.00222329
BNBUSDT,1581523200000,0.00123233
BNBUSDT,1581552000000,0.00066404
BNBUSDT,1581580800000,0.00339783
BNBUSDT,1581609600000,0.00051288
BNBUSDT,1581638400000,0.0
BNBUSDT,1581667200000,0.0008311
BNBUSDT,1581696000000,0.00045706
BNBUSDT,1581724800000,0.00205219
BNBUSDT,1581753600000,0.00121877
BNBUSDT,1581782400000,0.00231415
BNBUSDT,1581811200000,0.0
BNBUSDT,1581840000000,0.0
BNBUSDT,1581868800000,0.0
BNBUSDT,1581897600000,0.0
BNBUSDT,1581926400000,0.0003025
BNBUSDT,1581955200000,0.00110646
BNBUSDT,1581984000000,7.369e-05
BNBUSDT,1582012800000,0.0
BNBUSDT,1582041600000,0.00017557
BNBUSDT,1582070400000,2.421e-05
BNBUSDT,1582099200000,0.00137686
BNBUSDT,1582128000000,0.0
BNBUSDT,1582156800000,0.00046778
BNBUSDT,1582185600000,0.00072738
BNBUSDT,1582214400000,0.00020171
BNBUSDT,1582243200000,0.0
BNBUSDT,1582272000000,0.0002414
BNBUSDT,1582300800000,0.00042486
BNBUSDT,1582329600000,0.00064889
BNBUSDT,1582358400000,0.00049596
BNBUSDT,1582387200000,0.00052603
BNBUSDT,1582416000000,0.00075795
BNBUSDT,1582444800000,0.00081155
BNBUSDT,1582473600000,0.00020372
BNBUSDT,1582502400000,0.00043004
BNBUSDT,1582531200000,0.00015968
BNBUSDT,1582560000000,0.00043662
BNBUSDT,1582588800000,0.00012455
BNBUSDT,1582617600000,0.00030493
BNBUSDT,1582646400000,0.00031773
BNBUSDT,1582675200000,0.00015623
BNBUSDT,1582704000000,0.00018209
BNBUSDT,1582732800000,0.0
BNBUSDT,1582761600000,0.0
BNBUSDT,1582790400000,0.0
BNBUSDT,1582819200000,0.0
BNBUSDT,1582848000000,0.0
BNBUSDT,1582876800000,0.0
BNBUSDT,1582905600000,0.0
BNBUSDT,1582934400000,0.0
BNBUSDT,1582963200000,0.0
BNBUSDT,1582992000000,0.00028972
BNBUSDT,1583020800000,0.00019026
BNBUSDT,1583049600000,0.00031743
BNBUSDT,1583078400000,0.00038074
BNBUSDT,1583107200000,0.0
BNBUSDT,1583136000000,0.0
BNBUSDT,1583164800000,0.0
BNBUSDT,1583193600000,-1.823e-05
BNBUSDT,1583222400000,-0.00020427
BNBUSDT,1583251200000,0.0
BNBUSDT,1583280000000,0.0
BNBUSDT,1583308800000,0.0
BNBUSDT,1583337600000,-0.0006366
BNBUSDT,1583366400000,0.0
BNBUSDT,1583395200000,0.00016672
BNBUSDT,1583424000000,3.555e-05
BNBUSDT,1583452800000,0.00072615
BNBUSDT,1583481600000,6.931e-05
BNBUSDT,1583510400000,0.00018643
BNBUSDT,1583539200000,0.0
BNBUSDT,1583568000000,0.00099038
BNBUSDT,1583596800000,0.00076374
BNBUSDT,1583625600000,0.00084351
BNBUSDT,1583654400000,0.00050183
BNBUSDT,1583683200000,0.00066063
BNBUSDT,1583712000000,0.00076211
BNBUSDT,1583740800000,0.0
BNBUSDT,1583769600000,0.0
BNBUSDT,1583798400000,0.0
BNBUSDT,1583827200000,0.0
BNBUSDT,1583856000000,0.0
BNBUSDT,1583884800000,0.0
BNBUSDT,1583913600000,0.0
BNBUSDT,1583942400000,0.0
BNBUSDT,1583971200000,0.0
BNBUSDT,1584000000000,0.0
BNBUSDT,1584028800000,-0.0004214
BNBUSDT,1584057600000,1.447e-05
BNBUSDT,1584086400000,-0.00584369
BNBUSDT,1584115200000,-0.00142512
BNBUSDT,1584144000000,-3.866e-05
BNBUSDT,1584172800000,0.00138786
BNBUSDT,1584201600000,0.00061685
BNBUSDT,1584230400000,0.00031569
BNBUSDT,1584259200000,0.0
BNBUSDT,1584288000000,0.00049659
BNBUSDT,1584316800000,0.0
BNBUSDT,1584345600000,0.0
BNBUSDT,1584374400000,-0.00025194
BNBUSDT,1584403200000,0.0
BNBUSDT,1584432000000,6.145e-05
BNBUSDT,1584460800000,0.0
BNBUSDT,1584489600000,0.0
BNBUSDT,1584518400000,0.0
BNBUSDT,1584547200000,0.0
BNBUSDT,1584576000000,0.0
BNBUSDT,1584604800000,0.0
BNBUSDT,1584633600000,0.0
BNBUSDT,1584662400000,0.0
BNBUSDT,1584691200000,0.0
BNBUSDT,1584720000000,3.196e-05
BNBUSDT,1584748800000,0.0
BNBUSDT,1584777600000,0.0
BNBUSDT,1584806400000,0.0
BNBUSDT,1584835200000,0.0
BNBUSDT,1584864000000,0.0
BNBUSDT,1584892800000,0.0
BNBUSDT,1584921600000,0.0
BNBUSDT,1584950400000,0.0
BNBUSDT,1584979200000,0.0
BNBUSDT,1585008000000,0.0
BNBUSDT,1585036800000,0.0
BNBUSDT,1585065600000,0.0
BNBUSDT,1585094400000,-0.00028381
BNBUSDT,1585123200000,-0.00063857
BNBUSDT,1585152000000,-0.00116804
BNBUSDT,1585180800000,-0.00136474
BNBUSDT,1585209600000,-0.00101418
BNBUSDT,1585238400000,0.0
BNBUSDT,1585267200000,0.0
BNBUSDT,1585296000000,0.0
BNBUSDT,1585324800000,-0.00088447
BNBUSDT,1585353600000,-0.00069922
BNBUSDT,1585382400000,0.0
BNBUSDT,1585411200000,-0.00096105
BNBUSDT,1585440000000,-0.0009582
BNBUSDT,1585468800000,-0.00071773
BNBUSDT,1585497600000,-0.00030985
BNBUSDT,1585526400000,-0.00058307
BNBUSDT,1585555200000,-0.00051558
BNBUSDT,1585584000000,-0.00037297
BNBUSDT,1585612800000,-0.00034341
BNBUSDT,1585641600000,-0.00044911
BNBUSDT,1585670400000,0.0
BNBUSDT,1585699200000,0.0
BNBUSDT,1585728000000,0.0
BNBUSDT,1585756800000,0.0
BNBUSDT,1585785600000,-0.00038278
BNBUSDT,1585814400000,-0.0005377
BNBUSDT,1585843200000,0.0
BNBUSDT,1585872000000,-5.878e-05
BNBUSDT,1585900800000,-0.00093878
BNBUSDT,1585929600000,0.0
BNBUSDT,1585958400000,0.0
BNBUSDT,1585987200000,0.0
BNBUSDT,1586016000000,0.0
BNBUSDT,1586044800000,1.815e-05
BNBUSDT,1586073600000,3.597e-05
BNBUSDT,1586102400000,0.0
BNBUSDT,1586131200000,0.0001949
BNBUSDT,1586160000000,0.00012984
BNBUSDT,1586188800000,0.0
BNBUSDT,1586217600000,0.0
BNBUSDT,1586246400000,8.068e-05
BNBUSDT,1586275200000,6.871e-05
BNBUSDT,1586304000000,0.0
BNBUSDT,1586332800000,0.0
BNBUSDT,1586361600000,0.0
BNBUSDT,1586390400000,0.0
BNBUSDT,1586419200000,0.0
BNBUSDT,1586448000000,0.0
BNBUSDT,1586476800000,0.0
BNBUSDT,1586505600000,0.0
BNBUSDT,1586534400000,0.0
BNBUSDT,1586563200000,-0.00012615
BNBUSDT,1586592000000,0.0
BNBUSDT,1586620800000,0.0
BNBUSDT,1586649600000,0.0
BNBUSDT,1586678400000,0.0
BNBUSDT,1586707200000,0.0
BNBUSDT,1586736000000,0.0
BNBUSDT,1586764800000,0.0
BNBUSDT,1586793600000,-0.00106444
BNBUSDT,1586822400000,-0.00105536
BNBUSDT,1586851200000,-0.00048669
BNBUSDT,1586880000000,-0.00163126
BNBUSDT,1586908800000,-0.00161834
BNBUSDT,1586937600000,-0.00054383
BNBUSDT,1586966400000,0.0
BNBUSDT,1586995200000,-0.00022565
BNBUSDT,1587024000000,-0.00154515
BNBUSDT,1587052800000,-0.00162046
BNBUSDT,1587081600000,-0.00244099
BNBUSDT,1587110400000,-0.0021833
BNBUSDT,1587139200000,-0.00082619
BNBUSDT,1587168000000,-0.00088774
BNBUSDT,1587196800000,-0.00023463
BNBUSDT,1587225600000,-0.00019125
BNBUSDT,1587254400000,-0.0007285
BNBUSDT,1587283200000,-0.00098575
BNBUSDT,1587312000000,-0.00097202
BNBUSDT,1587340800000,-0.00083493
BNBUSDT,1587369600000,-0.00040011
BNBUSDT,1587398400000,-0.00120041
BNBUSDT,1587427200000,-0.00205524
BNBUSDT,1587456000000,-0.0002257
BNBUSDT,1587484800000,-0.00129702
BNBUSDT,1587513600000,-0.00099634
BNBUSDT,1587542400000,-0.00048035
BNBUSDT,1587571200000,0.0
BNBUSDT,1587600000000,0.0
BNBUSDT,1587628800000,-0.0005323
BNBUSDT,1587657600000,0.0
BNBUSDT,1587686400000,0.0
BNBUSDT,1587715200000,0.0
BNBUSDT,1587744000000,0.0
BNBUSDT,1587772800000,0.0
BNBUSDT,1587801600000,0.0
BNBUSDT,1587830400000,0.0
BNBUSDT,1587859200000,0.0
BNBUSDT,1587888000000,-9.795e-05
BNBUSDT,1587916800000,0.0
BNBUSDT,1587945600000,0.0
BNBUSDT,1587974400000,0.0
BNBUSDT,1588003200000,0.0
BNBUSDT,1588032000000,0.0
BNBUSDT,1588060800000,-0.00064392
BNBUSDT,1588089600000,0.0
BNBUSDT,1588118400000,0.0
BNBUSDT,1588147200000,0.0
BNBUSDT,1588176000000,0.0
BNBUSDT,1588204800000,-0.00065188
BNBUSDT,1588233600000,-0.00016727
BNBUSDT,1588262400000,-0.00190521
BNBUSDT,1588291200000,-0.00132408
BNBUSDT,1588320000000,-0.00021921
BNBUSDT,1588348800000,-0.00043006
BNBUSDT,1588377600000,-0.00069085
BNBUSDT,1588406400000,-0.00080576
BNBUSDT,1588435200000,-6.443e-05
BNBUSDT,1588464000000,0.0
BNBUSDT,1588492800000,0.0
BNBUSDT,1588521600000,-0.00121372
BNBUSDT,1588550400000,-0.00119549
BNBUSDT,1588579200000,0.0
BNBUSDT,1588608000000,0.0
BNBUSDT,1588636800000,0.0
BNBUSDT,1588665600000,0.0
BNBUSDT,1588694400000,0.0
BNBUSDT,1588723200000,-0.00056844
BNBUSDT,1588752000000,-0.00080135
BNBUSDT,1588780800000,0.0
BNBUSDT,1588809600000,0.0
BNBUSDT,1588838400000,-0.00021386
BNBUSDT,1588867200000,0.0
BNBUSDT,1588896000000,0.0
BNBUSDT,1588924800000,0.0
BNBUSDT,1588953600000,0.0
BNBUSDT,1588982400000,0.0
BNBUSDT,1589011200000,0.0
BNBUSDT,1589040000000,0.0
BNBUSDT,1589068800000,0.0
BNBUSDT,1589097600000,-0.00078928
BNBUSDT,1589126400000,-0.00060654
BNBUSDT,1589155200000,0.0
BNBUSDT,1589184000000,-0.00025328
BNBUSDT,1589212800000,0.0
BNBUSDT,1589241600000,-0.00029358
BNBUSDT,1589270400000,0.0
BNBUSDT,1589299200000,0.0
BNBUSDT,1589328000000,-0.00025472
BNBUSDT,1589356800000,-0.00099136
BNBUSDT,1589385600000,0.0
BNBUSDT,1589414400000,0.0
BNBUSDT,1589443200000,-0.00095429
BNBUSDT,1589472000000,-9.641e-05
BNBUSDT,1589500800000,0.0
BNBUSDT,1589529600000,0.0
BNBUSDT,1589558400000,0.0
BNBUSDT,1589587200000,0.0
BNBUSDT,1589616000000,0.0
BNBUSDT,1589644800000,0.0
BNBUSDT,1589673600000,0.0
BNBUSDT,1589702400000,0.0
BNBUSDT,1589731200000,0.0
BNBUSDT,1589760000000,0.0
BNBUSDT,1589788800000,0.0
BNBUSDT,1589817600000,0.0
BNBUSDT,1589846400000,0.0
BNBUSDT,1589875200000,0.0
BNBUSDT,1589904000000,0.0
BNBUSDT,1589932800000,0.0
BNBUSDT,1589961600000,0.0
BNBUSDT,1589990400000,0.0
BNBUSDT,1590019200000,0.0
BNBUSDT,1590048000000,0.0
BNBUSDT,1590076800000,0.0
BNBUSDT,1590105600000,0.0
BNBUSDT,1590134400000,2.744e-05
BNBUSDT,1590163200000,0.0
BNBUSDT,1590192000000,9.99e-05
BNBUSDT,1590220800000,5.223e-05
BNBUSDT,1590249600000,0.0
BNBUSDT,1590278400000,5.841e-05
BNBUSDT,1590307200000,0.00023836
BNBUSDT,1590336000000,0.0
BNBUSDT,1590364800000,0.0
BNBUSDT,1590393600000,0.0
BNBUSDT,1590422400000,0.0
BNBUSDT,1590451200000,0.0
BNBUSDT,1590480000000,0.0
BNBUSDT,1590508800000,0.0
BNBUSDT,1590537600000,0.0
BNBUSDT,1590566400000,0.0
BNBUSDT,1590595200000,0.0
BNBUSDT,1590624000000,0.0
BNBUSDT,1590652800000,0.0
BNBUSDT,1590681600000,0.0
BNBUSDT,1590710400000,0.0
BNBUSDT,1590739200000,0.0
BNBUSDT,1590768000000,0.0
BNBUSDT,1590796800000,0.0
BNBUSDT,1590825600000,0.0
BNBUSDT,1590854400000,8.96e-06
BNBUSDT,1590883200000,3.531e-05
BNBUSDT,1590912000000,0.00035834
BNBUSDT,1590940800000,0.0
BNBUSDT,1590969600000,0.0
BNBUSDT,1590998400000,0.0
BNBUSDT,1591027200000,0.0
BNBUSDT,1591056000000,8.273e-05
BNBUSDT,1591084800000,0.00150317
BNBUSDT,1591113600000,0.00015673
BNBUSDT,1591142400000,0.0
BNBUSDT,1591171200000,0.0
BNBUSDT,1591200000000,0.0
BNBUSDT,1591228800000,0.0
BNBUSDT,1591257600000,0.0
BNBUSDT,1591286400000,0.0
BNBUSDT,1591315200000,0.0
BNBUSDT,1591344000000,0.0
BNBUSDT,1591372800000,0.0
BNBUSDT,1591401600000,0.0
BNBUSDT,1591430400000,0.0
BNBUSDT,1591459200000,0.0
BNBUSDT,1591488000000,0.0
BNBUSDT,1591516800000,0.0
BNBUSDT,1591545600000,3.662e-05
BNBUSDT,1591574400000,0.0
BNBUSDT,1591603200000,0.0
BNBUSDT,1591632000000,0.0
BNBUSDT,1591660800000,0.0
BNBUSDT,1591689600000,0.0
BNBUSDT,1591718400000,0.00028021
BNBUSDT,1591747200000,0.0
BNBUSDT,1591776000000,0.0
BNBUSDT,1591804800000,0.0
BNBUSDT,1591833600000,3.271e-05
BNBUSDT,1591862400000,6.225e-05
BNBUSDT,1591891200000,0.00022627
BNBUSDT,1591920000000,0.0
BNBUSDT,1591948800000,0.0
BNBUSDT,1591977600000,0.0
BNBUSDT,1592006400000,0.0
BNBUSDT,1592035200000,0.0
BNBUSDT,1592064000000,0.0
BNBUSDT,1592092800000,0.0
BNBUSDT,1592121600000,0.0
BNBUSDT,1592150400000,0.0
BNBUSDT,1592179200000,0.0
BNBUSDT,1592208000000,0.0
BNBUSDT,1592236800000,0.0
BNBUSDT,1592265600000,0.0
BNBUSDT,1592294400000,0.0
BNBUSDT,1592323200000,0.0
BNBUSDT,1592352000000,0.0
BNBUSDT,1592380800000,0.0
BNBUSDT,1592409600000,0.0
BNBUSDT,1592438400000,0.0
BNBUSDT,1592467200000,0.0
BNBUSDT,1592496000000,0.0
BNBUSDT,1592524800000,0.0
BNBUSDT,1592553600000,0.0
BNBUSDT,1592582400000,0.0
BNBUSDT,1592611200000,0.0
BNBUSDT,1592640000000,0.0
BNBUSDT,1592668800000,0.0
BNBUSDT,1592697600000,0.00022272
BNBUSDT,1592726400000,0.00023167
BNBUSDT,1592755200000,0.00012856
BNBUSDT,1592784000000,0.00015194
BNBUSDT,1592812800000,0.00055942
BNBUSDT,1592841600000,0.00050433
BNBUSDT,1592870400000,0.00041717
BNBUSDT,1592899200000,0.00032418
BNBUSDT,1592928000000,0.00022358
BNBUSDT,1592956800000,0.00032558
BNBUSDT,1592985600000,0.00031154
BNBUSDT,1593014400000,0.00022791
BNBUSDT,1593043200000,0.00065156
BNBUSDT,1593072000000,0.0
BNBUSDT,1593100800000,0.0
BNBUSDT,1593129600000,0.0
BNBUSDT,1593158400000,0.0
BNBUSDT,1593187200000,0.0
BNBUSDT,1593216000000,0.0
BNBUSDT,1593244800000,0.0
BNBUSDT,1593273600000,0.0
BNBUSDT,1593302400000,0.0
BNBUSDT,1593331200000,0.0
BNBUSDT,1593360000000,0.0
BNBUSDT,1593388800000,0.0
BNBUSDT,1593417600000,0.0
BNBUSDT,1593446400000,0.0
BNBUSDT,1593475200000,0.0
BNBUSDT,1593504000000,7.46e-05
BNBUSDT,1593532800000,0.0
BNBUSDT,1593561600000,6.488e-05
BNBUSDT,1593590400000,0.00022682
BNBUSDT,1593619200000,3.501e-05
BNBUSDT,1593648000000,0.0
BNBUSDT,1593676800000,0.0
BNBUSDT,1593705600000,0.0
BNBUSDT,1593734400000,0.00015225
BNBUSDT,1593763200000,0.0
BNBUSDT,1593792000000,0.0
BNBUSDT,1593820800000,0.0
BNBUSDT,1593849600000,0.00026054
BNBUSDT,1593878400000,0.00020423
BNBUSDT,1593907200000,0.0
BNBUSDT,1593936000000,0.0
BNBUSDT,1593964800000,0.0
BNBUSDT,1593993600000,0.0
BNBUSDT,1594022400000,0.0
BNBUSDT,1594051200000,0.0010617
BNBUSDT,1594080000000,0.00045655
BNBUSDT,1594108800000,0.00098882
BNBUSDT,1594137600000,0.00088952
BNBUSDT,1594166400000,0.00078954
BNBUSDT,1594195200000,0.0
BNBUSDT,1594224000000,0.00013316
BNBUSDT,1594252800000,0.00048519
BNBUSDT,1594281600000,0.00010307
BNBUSDT,1594310400000,0.00019539
BNBUSDT,1594339200000,0.0
BNBUSDT,1594368000000,4.959e-05
BNBUSDT,1594396800000,0.00016453
BNBUSDT,1594425600000,0.00013604
BNBUSDT,1594454400000,0.00028831
BNBUSDT,1594483200000,0.0
BNBUSDT,1594512000000,0.0
BNBUSDT,1594540800000,0.0
BNBUSDT,1594569600000,0.00078054
BNBUSDT,1594598400000,0.00095522
BNBUSDT,1594627200000,0.00044795
BNBUSDT,1594656000000,0.000551
BNBUSDT,1594684800000,0.00010593
BNBUSDT,1594713600000,0.00066729
BNBUSDT,1594742400000,0.00084732
BNBUSDT,1594771200000,0.000419
BNBUSDT,1594800000000,0.00032947
BNBUSDT,1594828800000,0.00023178
BNBUSDT,1594857600000,0.00060186
BNBUSDT,1594886400000,0.0003019
BNBUSDT,1594915200000,0.0
BNBUSDT,1594944000000,0.0
BNBUSDT,1594972800000,0.0
BNBUSDT,1595001600000,0.0
BNBUSDT,1595030400000,0.0
BNBUSDT,1595059200000,0.0
BNBUSDT,1595088000000,0.0
BNBUSDT,1595116800000,0.0
BNBUSDT,1595145600000,0.0
BNBUSDT,1595174400000,0.0
BNBUSDT,1595203200000,0.00054102
BNBUSDT,1595232000000,0.0
BNBUSDT,1595260800000,0.0004598
BNBUSDT,1595289600000,0.00027418
BNBUSDT,1595318400000,0.00069242
BNBUSDT,1595347200000,0.0
BNBUSDT,1595376000000,0.0
BNBUSDT,1595404800000,0.0
BNBUSDT,1595433600000,0.00019297
BNBUSDT,1595462400000,0.00028134
BNBUSDT,1595491200000,0.0
BNBUSDT,1595520000000,0.00020308
BNBUSDT,1595548800000,7.66e-06
BNBUSDT,1595577600000,0.0
BNBUSDT,1595606400000,0.00020401
BNBUSDT,1595635200000,4.774e-05
BNBUSDT,1595664000000,3.634e-05
BNBUSDT,1595692800000,0.0
BNBUSDT,1595721600000,0.00012314
BNBUSDT,1595750400000,0.00052438
BNBUSDT,1595779200000,0.00015007
BNBUSDT,1595808000000,0.00014051
BNBUSDT,1595836800000,0.00073344
BNBUSDT,1595865600000,0.00015918
BNBUSDT,1595894400000,0.00012999
BNBUSDT,1595923200000,0.00027606
BNBUSDT,1595952000000,0.00076482
BNBUSDT,1595980800000,0.00017989
BNBUSDT,1596009600000,0.00062354
BNBUSDT,1596038400000,0.00068354
BNBUSDT,1596067200000,0.0005463
BNBUSDT,1596096000000,0.00044976
BNBUSDT,1596124800000,0.00042414
BNBUSDT,1596153600000,0.00061617
BNBUSDT,1596182400000,0.00051379
BNBUSDT,1596211200000,0.00024454
BNBUSDT,1596240000000,0.00010009
BNBUSDT,1596268800000,0.00027659
BNBUSDT,1596297600000,0.0002282
BNBUSDT,1596326400000,0.00129589
BNBUSDT,1596355200000,0.0
BNBUSDT,1596384000000,0.0
BNBUSDT,1596412800000,0.0
BNBUSDT,1596441600000,0.0
BNBUSDT,1596470400000,0.00049705
BNBUSDT,1596499200000,0.000442
BNBUSDT,1596528000000,0.00069085
BNBUSDT,1596556800000,0.00060812
BNBUSDT,1596585600000,0.00043398
BNBUSDT,1596614400000,0.00027106
BNBUSDT,1596643200000,0.0
BNBUSDT,1596672000000,0.0
BNBUSDT,1596700800000,-0.00013679
BNBUSDT,1596729600000,-0.00020248
BNBUSDT,1596758400000,0.0
BNBUSDT,1596787200000,0.0
BNBUSDT,1596816000000,0.0
BNBUSDT,1596844800000,-0.00219836
BNBUSDT,1596873600000,-0.00055752
BNBUSDT,1596902400000,-0.00150728
BNBUSDT,1596931200000,-0.00058693
BNBUSDT,1596960000000,-0.00029548
BNBUSDT,1596988800000,-0.00036793
BNBUSDT,1597017600000,0.0
BNBUSDT,1597046400000,0.0
BNBUSDT,1597075200000,0.00035918
BNBUSDT,1597104000000,0.00041831
BNBUSDT,1597132800000,0.00024776
BNBUSDT,1597161600000,0.0
BNBUSDT,1597190400000,0.0
BNBUSDT,1597219200000,0.0
BNBUSDT,1597248000000,0.00019557
BNBUSDT,1597276800000,0.0
BNBUSDT,1597305600000,0.00074298
BNBUSDT,1597334400000,0.00063237
BNBUSDT,1597363200000,0.00075067
BNBUSDT,1597392000000,0.00057341
BNBUSDT,1597420800000,0.00097859
BNBUSDT,1597449600000,0.00014737
BNBUSDT,1597478400000,0.00038377
BNBUSDT,1597507200000,0.00053827
BNBUSDT,1597536000000,0.00042953
BNBUSDT,1597564800000,0.00017072
BNBUSDT,1597593600000,0.00014081
BNBUSDT,1597622400000,0.00066913
BNBUSDT,1597651200000,0.0005746
BNBUSDT,1597680000000,0.00047913
BNBUSDT,1597708800000,0.00156863
BNBUSDT,1597737600000,0.00080128
BNBUSDT,1597766400000,0.00047931
BNBUSDT,1597795200000,0.00014429
BNBUSDT,1597824000000,0.00015509
BNBUSDT,1597852800000,0.00037422
BNBUSDT,1597881600000,0.00133633
BNBUSDT,1597910400000,0.0004041
BNBUSDT,1597939200000,0.00045232
BNBUSDT,1597968000000,0.00072622
BNBUSDT,1597996800000,0.0002474
BNBUSDT,1598025600000,0.0001544
BNBUSDT,1598054400000,0.00016151
BNBUSDT,1598083200000,0.0
BNBUSDT,1598112000000,7.395e-05
BNBUSDT,1598140800000,0.00027256
BNBUSDT,1598169600000,0.00023605
BNBUSDT,1598198400000,6.471e-05
BNBUSDT,1598227200000,0.0
BNBUSDT,1598256000000,0.0001374
BNBUSDT,1598284800000,0.00031156
BNBUSDT,1598313600000,0.00039606
BNBUSDT,1598342400000,0.00015343
BNBUSDT,1598371200000,0.00027732
BNBUSDT,1598400000000,0.00018175
BNBUSDT,1598428800000,0.00014978
BNBUSDT,1598457600000,0.00026014
BNBUSDT,1598486400000,0.00019237
BNBUSDT,1598515200000,0.00012595
BNBUSDT,1598544000000,0.00020294
BNBUSDT,1598572800000,0.00016187
BNBUSDT,1598601600000,0.00065202
BNBUSDT,1598630400000,0.00063368
BNBUSDT,1598659200000,0.00010505
BNBUSDT,1598688000000,0.00031093
BNBUSDT,1598716800000,0.00038383
BNBUSDT,1598745600000,0.00048968
BNBUSDT,1598774400000,0.0002535
BNBUSDT,1598803200000,0.00070995
BNBUSDT,1598832000000,0.00084799
BNBUSDT,1598860800000,0.00038615
BNBUSDT,1598889600000,0.00014816
BNBUSDT,1598918400000,0.00052251
BNBUSDT,1598947200000,0.00068999
BNBUSDT,1598976000000,0.00106256
BNBUSDT,1599004800000,0.0020059
BNBUSDT,1599033600000,0.00070794
BNBUSDT,1599062400000,0.00037792
BNBUSDT,1599091200000,0.00048099
BNBUSDT,1599120000000,0.00015812
BNBUSDT,1599148800000,0.00032226
BNBUSDT,1599177600000,0.0
BNBUSDT,1599206400000,0.0
BNBUSDT,1599235200000,-9.235e-05
BNBUSDT,1599264000000,-0.00035671
BNBUSDT,1599292800000,0.0
BNBUSDT,1599321600000,-0.00098128
BNBUSDT,1599350400000,-0.00227287
BNBUSDT,1599379200000,-0.00038531
BNBUSDT,1599408000000,0.0
BNBUSDT,1599436800000,0.0
BNBUSDT,1599465600000,0.0
BNBUSDT,1599494400000,-0.00145349
BNBUSDT,1599523200000,-0.00081396
BNBUSDT,1599552000000,-0.00186081
BNBUSDT,1599580800000,-0.00095672
BNBUSDT,1599609600000,-0.00112424
BNBUSDT,1599638400000,-0.00151416
BNBUSDT,1599667200000,-7.669e-05
BNBUSDT,1599696000000,-0.00014308
BNBUSDT,1599724800000,0.0
BNBUSDT,1599753600000,-5.155e-05
BNBUSDT,1599782400000,-0.00055362
BNBUSDT,1599811200000,-0.00055812
BNBUSDT,1599840000000,-0.00015613
BNBUSDT,1599868800000,-0.00044648
BNBUSDT,1599897600000,-0.00091674
BNBUSDT,1599926400000,-0.00171385
BNBUSDT,1599955200000,-0.00136262
BNBUSDT,1599984000000,-0.00046387
BNBUSDT,1600012800000,-0.00218179
BNBUSDT,1600041600000,-0.00170488
BNBUSDT,1600070400000,-0.00177477
BNBUSDT,1600099200000,-0.0025029
BNBUSDT,1600128000000,-0.00162444
BNBUSDT,1600156800000,-0.00050242
BNBUSDT,1600185600000,-0.0021692
BNBUSDT,1600214400000,-0.00066392
BNBUSDT,1600243200000,-0.00044773
BNBUSDT,1600272000000,-0.00158392
BNBUSDT,1600300800000,-0.00065281
BNBUSDT,1600329600000,-7.914e-05
BNBUSDT,1600358400000,0.0
BNBUSDT,1600387200000,-0.00013131
BNBUSDT,1600416000000,-0.00116222
BNBUSDT,1600444800000,0.0
BNBUSDT,1600473600000,0.0
BNBUSDT,1600502400000,9.9e-07
BNBUSDT,1600531200000,0.00036939
BNBUSDT,1600560000000,0.00046118
BNBUSDT,1600588800000,0.00042487
BNBUSDT,1600617600000,0.0
BNBUSDT,1600646400000,6.052e-05
BNBUSDT,1600675200000,0.0
BNBUSDT,1600704000000,0.0
BNBUSDT,1600732800000,0.0
BNBUSDT,1600761600000,0.0
BNBUSDT,1600790400000,0.0
BNBUSDT,1600819200000,0.0
BNBUSDT,1600848000000,0.0
BNBUSDT,1600876800000,0.0
BNBUSDT,1600905600000,0.0
BNBUSDT,1600934400000,0.0
BNBUSDT,1600963200000,0.0
BNBUSDT,1600992000000,0.0
BNBUSDT,1601020800000,-0.00014236
BNBUSDT,1601049600000,0.0
BNBUSDT,1601078400000,0.0
BNBUSDT,1601107200000,0.0
BNBUSDT,1601136000000,0.0
BNBUSDT,1601164800000,-0.00067742
BNBUSDT,1601193600000,-0.00135555
BNBUSDT,1601222400000,-0.00065884
BNBUSDT,1601251200000,-0.00098357
BNBUSDT,1601280000000,0.0
BNBUSDT,1601308800000,-0.00060424
BNBUSDT,1601337600000,-0.00160076
BNBUSDT,1601366400000,-0.00138124
BNBUSDT,1601395200000,-0.00151
BNBUSDT,1601424000000,-0.00066187
BNBUSDT,1601452800000,-0.00223882
BNBUSDT,1601481600000,-0.00281779
BNBUSDT,1601510400000,-0.00123407
BNBUSDT,1601539200000,-0.00076986
BNBUSDT,1601568000000,-0.00066939
BNBUSDT,1601596800000,-0.00071798
BNBUSDT,1601625600000,-0.00122515
BNBUSDT,1601654400000,-0.00044083
BNBUSDT,1601683200000,-0.00080154
BNBUSDT,1601712000000,-0.0015424
BNBUSDT,1601740800000,-0.00174458
BNBUSDT,1601769600000,-0.00219036
BNBUSDT,1601798400000,-0.00239764
BNBUSDT,1601827200000,-0.00220642
BNBUSDT,1601856000000,-0.00209453
BNBUSDT,1601884800000,-0.00209556
BNBUSDT,1601913600000,-0.00079132
BNBUSDT,1601942400000,-0.000497
BNBUSDT,1601971200000,-0.00149526
BNBUSDT,1602000000000,-0.00081215
BNBUSDT,1602028800000,-0.00070831
BNBUSDT,1602057600000,-0.00057549
BNBUSDT,1602086400000,-0.00034934
BNBUSDT,1602115200000,-0.00053273
BNBUSDT,1602144000000,0.0
BNBUSDT,1602172800000,0.0
BNBUSDT,1602201600000,-0.00020094
BNBUSDT,1602230400000,0.0
BNBUSDT,1602259200000,-0.0001996
BNBUSDT,1602288000000,-0.00087665
BNBUSDT,1602316800000,0.0
BNBUSDT,1602345600000,0.0
BNBUSDT,1602374400000,0.0
BNBUSDT,1602403200000,0.0
BNBUSDT,1602432000000,0.0
BNBUSDT,1602460800000,0.0
BNBUSDT,1602489600000,0.0
BNBUSDT,1602518400000,-0.00041136
BNBUSDT,1602547200000,-0.00184087
BNBUSDT,1602576000000,-0.00102663
BNBUSDT,1602604800000,-0.0010211
BNBUSDT,1602633600000,-0.00127855
BNBUSDT,1602662400000,-0.00057013
BNBUSDT,1602691200000,-0.00069117
BNBUSDT,1602720000000,-0.00055756
BNBUSDT,1602748800000,-0.00089281
BNBUSDT,1602777600000,-0.0015306
BNBUSDT,1602806400000,0.0
BNBUSDT,1602835200000,0.0
BNBUSDT,1602864000000,-6.873e-05
BNBUSDT,1602892800000,0.0
BNBUSDT,1602921600000,0.0
BNBUSDT,1602950400000,-0.00012938
BNBUSDT,1602979200000,0.0
BNBUSDT,1603008000000,-0.00015302
BNBUSDT,1603036800000,0.0
BNBUSDT,1603065600000,-0.00013596
BNBUSDT,1603094400000,-0.00013061
BNBUSDT,1603123200000,-0.00018203
BNBUSDT,1603152000000,0.0
BNBUSDT,1603180800000,0.0
BNBUSDT,1603209600000,0.0
BNBUSDT,1603238400000,0.0
BNBUSDT,1603267200000,0.0
BNBUSDT,1603296000000,0.0
BNBUSDT,1603324800000,0.0
BNBUSDT,1603353600000,0.00043594
BNBUSDT,1603382400000,0.00023644
BNBUSDT,1603411200000,0.00015567
BNBUSDT,1603440000000,0.0
BNBUSDT,1603468800000,0.0
BNBUSDT,1603497600000,0.0
BNBUSDT,1603526400000,0.0
BNBUSDT,1603555200000,0.0
BNBUSDT,1603584000000,0.0
BNBUSDT,1603612800000,0.0
BNBUSDT,1603641600000,0.0
BNBUSDT,1603670400000,0.0
BNBUSDT,1603699200000,0.0
BNBUSDT,1603728000000,-0.00029603
BNBUSDT,1603756800000,-0.00033136
BNBUSDT,1603785600000,0.0
BNBUSDT,1603814400000,0.0
BNBUSDT,1603843200000,0.0
BNBUSDT,1603872000000,0.0
BNBUSDT,1603900800000,0.0
BNBUSDT,1603929600000,0.0
BNBUSDT,1603958400000,0.0
BNBUSDT,1603987200000,0.0
BNBUSDT,1604016000000,0.0
BNBUSDT,1604044800000,-0.00055634
BNBUSDT,1604073600000,0.0
BNBUSDT,1604102400000,2.876e-05
BNBUSDT,1604131200000,0.0
BNBUSDT,1604160000000,1.981e-05
BNBUSDT,1604188800000,0.0
BNBUSDT,1604217600000,0.0
BNBUSDT,1604246400000,0.00017913
BNBUSDT,1604275200000,0.00018021
BNBUSDT,1604304000000,0.0
BNBUSDT,1604332800000,0.0
BNBUSDT,1604361600000,0.0
BNBUSDT,1604390400000,0.0
BNBUSDT,1604419200000,0.0
BNBUSDT,1604448000000,0.0
BNBUSDT,1604476800000,8.636e-05
BNBUSDT,1604505600000,0.0
BNBUSDT,1604534400000,0.0
BNBUSDT,1604563200000,0.0
BNBUSDT,1604592000000,0.00026077
BNBUSDT,1604620800000,0.0004253
BNBUSDT,1604649600000,0.00028471
BNBUSDT,1604678400000,0.00080594
BNBUSDT,1604707200000,0.00082688
BNBUSDT,1604736000000,0.00050306
BNBUSDT,1604764800000,0.00066532
BNBUSDT,1604793600000,6.083e-05
BNBUSDT,1604822400000,0.00024159
BNBUSDT,1604851200000,3.12e-06
BNBUSDT,1604880000000,0.00026115
BNBUSDT,1604908800000,0.0001787
BNBUSDT,1604937600000,0.00031898
BNBUSDT,1604966400000,0.00066931
BNBUSDT,1604995200000,0.00020756
BNBUSDT,1605024000000,0.00040816
BNBUSDT,1605052800000,0.00048119
BNBUSDT,1605081600000,0.00050153
BNBUSDT,1605110400000,0.00041231
BNBUSDT,1605139200000,0.00021018
BNBUSDT,1605168000000,0.00041082
BNBUSDT,1605196800000,0.00028223
BNBUSDT,1605225600000,0.00012098
BNBUSDT,1605254400000,0.00068895
BNBUSDT,1605283200000,0.0
BNBUSDT,1605312000000,0.00026108
BNBUSDT,1605340800000,7.188e-05
BNBUSDT,1605369600000,0.00045721
BNBUSDT,1605398400000,0.0
BNBUSDT,1605427200000,0.0
BNBUSDT,1605456000000,0.0
BNBUSDT,1605484800000,0.00012458
BNBUSDT,1605513600000,6.633e-05
BNBUSDT,1605542400000,0.00028833
BNBUSDT,1605571200000,0.00037759
BNBUSDT,1605600000000,0.00064437
BNBUSDT,1605628800000,0.00032459
BNBUSDT,1605657600000,0.00078963
BNBUSDT,1605686400000,0.00020545
BNBUSDT,1605715200000,0.00076341
BNBUSDT,1605744000000,0.00023643
BNBUSDT,1605772800000,0.00019603
BNBUSDT,1605801600000,0.00041661
BNBUSDT,1605830400000,0.0
BNBUSDT,1605859200000,0.0
BNBUSDT,1605888000000,0.00073079
BNBUSDT,1605916800000,0.00090816
BNBUSDT,1605945600000,0.00066893
BNBUSDT,1605974400000,0.00138168
BNBUSDT,1606003200000,0.00095751
BNBUSDT,1606032000000,0.00073493
BNBUSDT,1606060800000,0.00045091
BNBUSDT,1606089600000,0.00146231
BNBUSDT,1606118400000,0.00159497
BNBUSDT,1606147200000,0.0016533
BNBUSDT,1606176000000,0.00052801
BNBUSDT,1606204800000,0.00226902
BNBUSDT,1606233600000,0.00102967
BNBUSDT,1606262400000,0.00079941
BNBUSDT,1606291200000,0.00045736
BNBUSDT,1606320000000,0.0016366
BNBUSDT,1606348800000,0.00023057
BNBUSDT,1606377600000,0.0
BNBUSDT,1606406400000,0.0
BNBUSDT,1606435200000,0.0
BNBUSDT,1606464000000,0.0
BNBUSDT,1606492800000,0.00017518
BNBUSDT,1606521600000,0.0001589
BNBUSDT,1606550400000,3.871e-05
BNBUSDT,1606579200000,9.293e-05
BNBUSDT,1606608000000,9.222e-05
BNBUSDT,1606636800000,0.00016366
BNBUSDT,1606665600000,0.0
BNBUSDT,1606694400000,0.0
BNBUSDT,1606723200000,0.00024799
BNBUSDT,1606752000000,0.00048125
BNBUSDT,1606780800000,0.00067741
BNBUSDT,1606809600000,0.00087932
BNBUSDT,1606838400000,7.411e-05
BNBUSDT,1606867200000,0.00016771
BNBUSDT,1606896000000,0.00042473
BNBUSDT,1606924800000,0.00070363
BNBUSDT,1606953600000,0.00067342
BNBUSDT,1606982400000,0.00054614
BNBUSDT,1607011200000,0.00073819
BNBUSDT,1607040000000,0.00047345
BNBUSDT,1607068800000,0.00055499
BNBUSDT,1607097600000,3.769e-05
BNBUSDT,1607126400000,3.844e-05
BNBUSDT,1607155200000,0.00043845
BNBUSDT,1607184000000,0.00035579
BNBUSDT,1607212800000,0.0
BNBUSDT,1607241600000,0.0
BNBUSDT,1607270400000,0.0
BNBUSDT,1607299200000,0.0
BNBUSDT,1607328000000,0.0
BNBUSDT,1607356800000,7.966e-05
BNBUSDT,1607385600000,1.597e-05
BNBUSDT,1607414400000,0.0
BNBUSDT,1607443200000,0.0
BNBUSDT,1607472000000,0.0
BNBUSDT,1607500800000,0.0
BNBUSDT,1607529600000,0.0
BNBUSDT,1607558400000,0.0
BNBUSDT,1607587200000,0.0
BNBUSDT,1607616000000,0.0
BNBUSDT,1607644800000,0.0
BNBUSDT,1607673600000,0.0
BNBUSDT,1607702400000,0.0
BNBUSDT,1607731200000,0.00021507
BNBUSDT,1607760000000,0.0
BNBUSDT,1607788800000,0.0
BNBUSDT,1607817600000,0.0
BNBUSDT,1607846400000,0.0
BNBUSDT,1607875200000,0.00075115
BNBUSDT,1607904000000,0.00073964
BNBUSDT,1607932800000,0.000108
BNBUSDT,1607961600000,0.0
BNBUSDT,1607990400000,0.0
BNBUSDT,1608019200000,0.0
BNBUSDT,1608048000000,0.0
BNBUSDT,1608076800000,0.0
BNBUSDT,1608105600000,0.0
BNBUSDT,1608134400000,0.00031585
BNBUSDT,1608163200000,0.00086845
BNBUSDT,1608192000000,0.00099769
BNBUSDT,1608220800000,0.00115376
BNBUSDT,1608249600000,0.00036886
BNBUSDT,1608278400000,0.00025063
BNBUSDT,1608307200000,0.0011082
BNBUSDT,1608336000000,0.00068098
BNBUSDT,1608364800000,0.00040192
BNBUSDT,1608393600000,0.00195991
BNBUSDT,1608422400000,0.00154561
BNBUSDT,1608451200000,0.00171781
BNBUSDT,1608480000000,0.00092076
BNBUSDT,1608508800000,0.00072237
BNBUSDT,1608537600000,0.00100009
BNBUSDT,1608566400000,0.0
BNBUSDT,1608595200000,0.0
BNBUSDT,1608624000000,0.00023339
BNBUSDT,1608652800000,0.0
BNBUSDT,1608681600000,0.00022685
BNBUSDT,1608710400000,0.0
BNBUSDT,1608739200000,0.00011562
BNBUSDT,1608768000000,0.0
BNBUSDT,1608796800000,0.0
BNBUSDT,1608825600000,0.0
BNBUSDT,1608854400000,0.0
BNBUSDT,1608883200000,0.0
BNBUSDT,1608912000000,0.00010832
BNBUSDT,1608940800000,0.0
BNBUSDT,1608969600000,3.928e-05
BNBUSDT,1608998400000,7.426e-05
BNBUSDT,1609027200000,0.00013631
BNBUSDT,1609056000000,0.00056858
BNBUSDT,1609084800000,0.00040994
BNBUSDT,1609113600000,0.00055837
BNBUSDT,1609142400000,0.00049391
BNBUSDT,1609171200000,0.00078046
BNBUSDT,1609200000000,0.00153255
BNBUSDT,1609228800000,0.00052219
BNBUSDT,1609257600000,0.00043125
BNBUSDT,1609286400000,0.00046595
BNBUSDT,1609315200000,0.00061042
BNBUSDT,1609344000000,0.00080909
BNBUSDT,1609372800000,0.00053089
BNBUSDT,1609401600000,0.00069171
BNBUSDT,1609430400000,0.00051749
BNBUSDT,1609459200000,0.0005917
BNBUSDT,1609488000000,0.00056828
BNBUSDT,1609516800000,0.00087348
BNBUSDT,1609545600000,0.00011634
BNBUSDT,1609574400000,0.00033705
BNBUSDT,1609603200000,0.00067125
BNBUSDT,1609632000000,0.00062325
BNBUSDT,1609660800000,0.00137736
BNBUSDT,1609689600000,0.00189349
BNBUSDT,1609718400000,0.00287483
BNBUSDT,1609747200000,0.00343153
BNBUSDT,1609776000000,0.00112134
BNBUSDT,1609804800000,0.00089558
BNBUSDT,1609833600000,0.00039534
BNBUSDT,1609862400000,0.00088404
BNBUSDT,1609891200000,0.00124305
BNBUSDT,1609920000000,0.00257128
BNBUSDT,1609948800000,0.00282457
BNBUSDT,1609977600000,0.00138368
BNBUSDT,1610006400000,0.00157182
BNBUSDT,1610035200000,0.00183982
BNBUSDT,1610064000000,0.00136268
BNBUSDT,1610092800000,0.00021238
BNBUSDT,1610121600000,0.00065217
BNBUSDT,1610150400000,0.00030532
BNBUSDT,1610179200000,0.00011567
BNBUSDT,1610208000000,0.00023037
BNBUSDT,1610236800000,0.00139198
BNBUSDT,1610265600000,0.0009064
BNBUSDT,1610294400000,3.78e-05
BNBUSDT,1610323200000,0.0
BNBUSDT,1610352000000,0.0
BNBUSDT,1610380800000,0.0
BNBUSDT,1610409600000,0.0
BNBUSDT,1610438400000,0.0
BNBUSDT,1610467200000,0.0
BNBUSDT,1610496000000,0.0
BNBUSDT,1610524800000,0.00015524
BNBUSDT,1610553600000,0.00043853
BNBUSDT,1610582400000,0.00027043
BNBUSDT,1610611200000,0.00084769
BNBUSDT,1610640000000,0.00092805
BNBUSDT,1610668800000,0.00054411
BNBUSDT,1610697600000,0.0007094
BNBUSDT,1610726400000,0.00078102
BNBUSDT,1610755200000,0.00030613
BNBUSDT,1610784000000,0.00063134
BNBUSDT,1610812800000,0.00117698
BNBUSDT,1610841600000,0.00117036
BNBUSDT,1610870400000,0.00073946
BNBUSDT,1610899200000,0.00083505
BNBUSDT,1610928000000,0.00037017
BNBUSDT,1610956800000,0.00127435
BNBUSDT,1610985600000,0.00172842
BNBUSDT,1611014400000,0.00126416
BNBUSDT,1611043200000,0.00227175
BNBUSDT,1611072000000,0.00118764
BNBUSDT,1611100800000,0.0
BNBUSDT,1611129600000,0.0
BNBUSDT,1611158400000,0.0
BNBUSDT,1611187200000,0.00022178
BNBUSDT,1611216000000,0.00020751
BNBUSDT,1611244800000,1.846e-05
BNBUSDT,1611273600000,0.00030046
BNBUSDT,1611302400000,0.0
BNBUSDT,1611331200000,0.0
BNBUSDT,1611360000000,0.0
BNBUSDT,1611388800000,-0.00015448
BNBUSDT,1611417600000,0.0
BNBUSDT,1611446400000,0.00029714
BNBUSDT,1611475200000,0.00012677
BNBUSDT,1611504000000,0.00069247
BNBUSDT,1611532800000,0.00039638
BNBUSDT,1611561600000,0.00079754
BNBUSDT,1611590400000,0.00056007
BNBUSDT,1611619200000,0.00061107
BNBUSDT,1611648000000,0.00014018
BNBUSDT,1611676800000,0.00026739
BNBUSDT,1611705600000,0.00010778
BNBUSDT,1611734400000,0.0
BNBUSDT,1611763200000,0.00038909
BNBUSDT,1611792000000,6.272e-05
BNBUSDT,1611820800000,0.00025273
BNBUSDT,1611849600000,0.0
BNBUSDT,1611878400000,-0.00071147
BNBUSDT,1611907200000,0.0
BNBUSDT,1611936000000,0.00150672
BNBUSDT,1611964800000,0.0
BNBUSDT,1611993600000,0.0
BNBUSDT,1612022400000,-0.00038647
BNBUSDT,1612051200000,0.0
BNBUSDT,1612080000000,-0.00021993
BNBUSDT,1612108800000,-9.557e-05
BNBUSDT,1612137600000,0.0
BNBUSDT,1612166400000,0.0
BNBUSDT,1612195200000,-0.00210508
BNBUSDT,1612224000000,0.0
BNBUSDT,1612252800000,0.00028841
BNBUSDT,1612281600000,-0.00140269
BNBUSDT,1612310400000,-0.00137817
BNBUSDT,1612339200000,0.0
BNBUSDT,1612368000000,-3.41e-06
BNBUSDT,1612396800000,-0.00018986
BNBUSDT,1612425600000,0.0
BNBUSDT,1612454400000,-0.00028705
BNBUSDT,1612483200000,-7.679e-05
BNBUSDT,1612512000000,0.00018485
BNBUSDT,1612540800000,0.00028044
BNBUSDT,1612569600000,-0.00057475
BNBUSDT,1612598400000,0.0
BNBUSDT,1612627200000,0.00071564
BNBUSDT,1612656000000,-0.0002485
BNBUSDT,1612684800000,-0.000665
BNBUSDT,1612713600000,-0.00015453
BNBUSDT,1612742400000,-0.00033902
BNBUSDT,1612771200000,-0.00177124
BNBUSDT,1612800000000,0.00319303
BNBUSDT,1612828800000,0.0007417
BNBUSDT,1612857600000,0.00326459
BNBUSDT,1612886400000,0.00147289
BNBUSDT,1612915200000,0.00336062
BNBUSDT,1612944000000,0.00259611
BNBUSDT,1612972800000,0.00269911
BNBUSDT,1613001600000,0.00131536
BNBUSDT,1613030400000,0.00142378
BNBUSDT,1613059200000,0.0030064
BNBUSDT,1613088000000,0.00255821
BNBUSDT,1613116800000,0.00221925
BNBUSDT,1613145600000,0.00253196
BNBUSDT,1613174400000,0.00205233
BNBUSDT,1613203200000,0.00226669
BNBUSDT,1613232000000,0.0003426
BNBUSDT,1613260800000,0.0023488
BNBUSDT,1613289600000,0.00291102
BNBUSDT,1613318400000,0.00171654
BNBUSDT,1613347200000,0.00210067
BNBUSDT,1613376000000,0.0
BNBUSDT,1613404800000,0.0
BNBUSDT,1613433600000,1.485e-05
BNBUSDT,1613462400000,0.00075155
BNBUSDT,1613491200000,0.00098132
BNBUSDT,1613520000000,0.0004757
BNBUSDT,1613548800000,0.00050673
BNBUSDT,1613577600000,0.00173046
BNBUSDT,1613606400000,0.00190499
BNBUSDT,1613635200000,0.00167118
BNBUSDT,1613664000000,0.00144754
BNBUSDT,1613692800000,0.00090562
BNBUSDT,1613721600000,0.00201514
BNBUSDT,1613750400000,0.00397817
BNBUSDT,1613779200000,0.002824
BNBUSDT,1613808000000,0.00240137
BNBUSDT,1613836800000,0.00441898
BNBUSDT,1613865600000,0.00201279
BNBUSDT,1613894400000,0.0006923
BNBUSDT,1613923200000,0.00043311
BNBUSDT,1613952000000,0.00076508
BNBUSDT,1613980800000,0.00121046
BNBUSDT,1614009600000,0.0
BNBUSDT,1614038400000,0.00029882
BNBUSDT,1614067200000,0.0
BNBUSDT,1614096000000,-0.00044901
BNBUSDT,1614124800000,-0.00014344
BNBUSDT,1614153600000,-0.00089659
BNBUSDT,1614182400000,0.0
BNBUSDT,1614211200000,0.0
BNBUSDT,1614240000000,0.00028644
BNBUSDT,1614268800000,0.00013543
BNBUSDT,1614297600000,0.0
BNBUSDT,1614326400000,-0.00059456
BNBUSDT,1614355200000,0.0
BNBUSDT,1614384000000,0.0
BNBUSDT,1614412800000,9.595e-05
BNBUSDT,1614441600000,0.0
BNBUSDT,1614470400000,0.0
BNBUSDT,1614499200000,0.0
BNBUSDT,1614528000000,0.0001051
BNBUSDT,1614556800000,0.0
BNBUSDT,1614585600000,0.0
BNBUSDT,1614614400000,3.391e-05
BNBUSDT,1614643200000,0.0
BNBUSDT,1614672000000,0.0
BNBUSDT,1614700800000,0.00034725
BNBUSDT,1614729600000,0.0
BNBUSDT,1614758400000,0.0
BNBUSDT,1614787200000,0.0004679
BNBUSDT,1614816000000,0.00033678
BNBUSDT,1614844800000,2.204e-05
BNBUSDT,1614873600000,0.0001561
BNBUSDT,1614902400000,0.0
BNBUSDT,1614931200000,0.0
BNBUSDT,1614960000000,0.0
BNBUSDT,1614988800000,0.0
BNBUSDT,1615017600000,0.0
BNBUSDT,1615046400000,0.0
BNBUSDT,1615075200000,0.0
BNBUSDT,1615104000000,0.00012207
BNBUSDT,1615132800000,0.00085147
BNBUSDT,1615161600000,0.00061761
BNBUSDT,1615190400000,0.00024577
BNBUSDT,1615219200000,0.00084219
BNBUSDT,1615248000000,0.00060021
BNBUSDT,1615276800000,0.00108241
BNBUSDT,1615305600000,0.00156346
BNBUSDT,1615334400000,0.0009945
BNBUSDT,1615363200000,0.00019159
BNBUSDT,1615392000000,0.00095313
BNBUSDT,1615420800000,0.00021756
BNBUSDT,1615449600000,0.00072803
BNBUSDT,1615478400000,0.0018102
BNBUSDT,1615507200000,0.00184398
BNBUSDT,1615536000000,0.00108321
BNBUSDT,1615564800000,0.00048915
BNBUSDT,1615593600000,0.00063652
BNBUSDT,1615622400000,0.00026329
BNBUSDT,1615651200000,0.00151595
BNBUSDT,1615680000000,0.00121028
BNBUSDT,1615708800000,0.00113247
BNBUSDT,1615737600000,0.00101075
BNBUSDT,1615766400000,0.00111632
BNBUSDT,1615795200000,0.00120751
BNBUSDT,1615824000000,0.00017538
BNBUSDT,1615852800000,0.00075049
BNBUSDT,1615881600000,0.0
BNBUSDT,1615910400000,0.00032876
BNBUSDT,1615939200000,0.00069949
BNBUSDT,1615968000000,0.00077658
BNBUSDT,1615996800000,0.0008253
BNBUSDT,1616025600000,0.00068787
BNBUSDT,1616054400000,0.00033243
BNBUSDT,1616083200000,0.00101434
BNBUSDT,1616112000000,0.00044185
BNBUSDT,1616140800000,0.0005089
BNBUSDT,1616169600000,0.00078686
BNBUSDT,1616198400000,0.0006074
BNBUSDT,1616227200000,0.00082919
BNBUSDT,1616256000000,0.00174
BNBUSDT,1616284800000,0.00087788
BNBUSDT,1616313600000,0.00054596
BNBUSDT,1616342400000,0.00035663
BNBUSDT,1616371200000,0.00071726
BNBUSDT,1616400000000,0.00064104
BNBUSDT,1616428800000,0.00085694
BNBUSDT,1616457600000,0.00016046
BNBUSDT,1616486400000,6.827e-05
BNBUSDT,1616515200000,2.292e-05
BNBUSDT,1616544000000,0.00027494
BNBUSDT,1616572800000,0.00013666
BNBUSDT,1616601600000,0.0
BNBUSDT,1616630400000,0.0
BNBUSDT,1616659200000,0.0
BNBUSDT,1616688000000,-0.00042256
BNBUSDT,1616716800000,0.0
BNBUSDT,1616745600000,0.0
BNBUSDT,1616774400000,-0.00054376
BNBUSDT,1616803200000,0.0
BNBUSDT,1616832000000,-0.00032468
BNBUSDT,1616860800000,0.0
BNBUSDT,1616889600000,8.039e-05
BNBUSDT,1616918400000,0.00021146
BNBUSDT,1616947200000,0.00015098
BNBUSDT,1616976000000,0.0001046
BNBUSDT,1617004800000,0.00010607
BNBUSDT,1617033600000,0.00065241
BNBUSDT,1617062400000,0.00030035
BNBUSDT,1617091200000,0.00067628
BNBUSDT,1617120000000,0.00098543
BNBUSDT,1617148800000,0.00053492
BNBUSDT,1617177600000,0.00079309
BNBUSDT,1617206400000,0.00039337
BNBUSDT,1617235200000,0.00038678
BNBUSDT,1617264000000,0.00063875
BNBUSDT,1617292800000,0.00083402
BNBUSDT,1617321600000,0.00041167
BNBUSDT,1617350400000,0.00147709
BNBUSDT,1617379200000,0.00125716
BNBUSDT,1617408000000,0.00117138
BNBUSDT,1617436800000,0.00141924
BNBUSDT,1617465600000,0.00054845
BNBUSDT,1617494400000,0.00010345
BNBUSDT,1617523200000,0.00022305
BNBUSDT,1617552000000,0.00041287
BNBUSDT,1617580800000,0.00015106
BNBUSDT,1617609600000,2.577e-05
BNBUSDT,1617638400000,0.00164929
BNBUSDT,1617667200000,0.00073497
BNBUSDT,1617696000000,0.00195528
BNBUSDT,1617724800000,0.00031634
BNBUSDT,1617753600000,0.00071335
BNBUSDT,1617782400000,7.12e-06
BNBUSDT,1617811200000,0.00049727
BNBUSDT,1617840000000,0.00010663
BNBUSDT,1617868800000,0.00061145
BNBUSDT,1617897600000,0.00022063
BNBUSDT,1617926400000,0.00068515
BNBUSDT,1617955200000,0.00046039
BNBUSDT,1617984000000,0.00010097
BNBUSDT,1618012800000,0.0
BNBUSDT,1618041600000,0.00143481
BNBUSDT,1618070400000,0.00121535
BNBUSDT,1618099200000,0.00165386
BNBUSDT,1618128000000,0.00142916
BNBUSDT,1618156800000,0.00123461
BNBUSDT,1618185600000,0.00070132
BNBUSDT,1618214400000,0.00225006
BNBUSDT,1618243200000,0.00127767
BNBUSDT,1618272000000,0.00135657
BNBUSDT,1618300800000,0.00252418
BNBUSDT,1618329600000,0.00240702
BNBUSDT,1618358400000,0.00265731
BNBUSDT,1618387200000,0.00292519
BNBUSDT,1618416000000,0.00138875
BNBUSDT,1618444800000,0.00154067
BNBUSDT,1618473600000,0.00153437
BNBUSDT,1618502400000,0.0016646
BNBUSDT,1618531200000,0.00294158
BNBUSDT,1618560000000,0.00202932
BNBUSDT,1618588800000,0.00203238
BNBUSDT,1618617600000,0.00135713
BNBUSDT,1618646400000,0.00156647
BNBUSDT,1618675200000,0.00088307
BNBUSDT,1618704000000,0.00067694
BNBUSDT,1618732800000,-0.00030474
BNBUSDT,1618761600000,0.0
BNBUSDT,1618790400000,0.0
BNBUSDT,1618819200000,0.00044766
BNBUSDT,1618848000000,0.00047664
BNBUSDT,1618876800000,0.0
BNBUSDT,1618905600000,0.0
BNBUSDT,1618934400000,0.0
BNBUSDT,1618963200000,0.0006092
BNBUSDT,1618992000000,0.00032157
BNBUSDT,1619020800000,0.0004063
BNBUSDT,1619049600000,0.00047857
BNBUSDT,1619078400000,0.00061757
BNBUSDT,1619107200000,0.00048198
BNBUSDT,1619136000000,9.468e-05
BNBUSDT,1619164800000,0.00059952
BNBUSDT,1619193600000,3.041e-05
BNBUSDT,1619222400000,0.0
BNBUSDT,1619251200000,5.065e-05
BNBUSDT,1619280000000,0.00020691
BNBUSDT,1619308800000,0.0
BNBUSDT,1619337600000,0.0
BNBUSDT,1619366400000,0.0
BNBUSDT,1619395200000,0.00033529
BNBUSDT,1619424000000,0.00015626
BNBUSDT,1619452800000,0.00025275
BNBUSDT,1619481600000,0.0
BNBUSDT,1619510400000,0.0
BNBUSDT,1619539200000,0.00046534
BNBUSDT,1619568000000,0.00038386
BNBUSDT,1619596800000,0.00037287
BNBUSDT,1619625600000,0.00038748
BNBUSDT,1619654400000,0.00012761
BNBUSDT,1619683200000,0.0
BNBUSDT,1619712000000,0.00066704
BNBUSDT,1619740800000,0.00024164
BNBUSDT,1619769600000,0.00075987
BNBUSDT,1619798400000,0.00013237
BNBUSDT,1619827200000,0.00067731
BNBUSDT,1619856000000,0.00081693
BNBUSDT,1619884800000,0.00044737
BNBUSDT,1619913600000,0.00084511
BNBUSDT,1619942400000,0.00037474
BNBUSDT,1619971200000,6.867e-05
BNBUSDT,1620000000000,0.00012795
BNBUSDT,1620028800000,0.00079033
BNBUSDT,1620057600000,0.00073129
BNBUSDT,1620086400000,0.00075259
BNBUSDT,1620115200000,9.1e-05
BNBUSDT,1620144000000,0.00075677
BNBUSDT,1620172800000,3.701e-05
BNBUSDT,1620201600000,0.0005597
BNBUSDT,1620230400000,0.00030604
BNBUSDT,1620259200000,0.00099213
BNBUSDT,1620288000000,0.00081318
BNBUSDT,1620316800000,0.0018025
BNBUSDT,1620345600000,0.00050626
BNBUSDT,1620374400000,0.00122283
BNBUSDT,1620403200000,0.00037155
BNBUSDT,1620432000000,0.00066409
BNBUSDT,1620460800000,0.00063567
BNBUSDT,1620489600000,0.00082358
BNBUSDT,1620518400000,0.00046777
BNBUSDT,1620547200000,0.00014449
BNBUSDT,1620576000000,0.00074994
BNBUSDT,1620604800000,0.00056994
BNBUSDT,1620633600000,0.00039864
BNBUSDT,1620662400000,0.00082189
BNBUSDT,1620691200000,0.0
BNBUSDT,1620720000000,0.0
BNBUSDT,1620748800000,0.0
BNBUSDT,1620777600000,-0.00024352
BNBUSDT,1620806400000,0.0
BNBUSDT,1620835200000,0.00021819
BNBUSDT,1620864000000,0.00046965
BNBUSDT,1620892800000,0.0
BNBUSDT,1620921600000,4.765e-05
BNBUSDT,1620950400000,0.0
BNBUSDT,1620979200000,0.0
BNBUSDT,1621008000000,0.00025001
BNBUSDT,1621036800000,0.00046237
BNBUSDT,1621065600000,0.00065366
BNBUSDT,1621094400000,0.00031982
BNBUSDT,1621123200000,0.000223
BNBUSDT,1621152000000,0.00045998
BNBUSDT,1621180800000,0.00046329
BNBUSDT,1621209600000,0.00024769
BNBUSDT,1621238400000,0.000206
BNBUSDT,1621267200000,0.00045626
BNBUSDT,1621296000000,0.00042337
BNBUSDT,1621324800000,4.71e-05
BNBUSDT,1621353600000,0.00072366
BNBUSDT,1621382400000,0.00011351
BNBUSDT,1621411200000,0.00027662
BNBUSDT,1621440000000,-0.00303109
BNBUSDT,1621468800000,0.0
BNBUSDT,1621497600000,0.0
BNBUSDT,1621526400000,-0.00087888
BNBUSDT,1621555200000,0.0
BNBUSDT,1621584000000,-0.0004058
BNBUSDT,1621612800000,0.0
BNBUSDT,1621641600000,-0.00043913
BNBUSDT,1621670400000,0.0
BNBUSDT,1621699200000,0.0
BNBUSDT,1621728000000,0.0
BNBUSDT,1621756800000,0.0
BNBUSDT,1621785600000,-0.00019009
BNBUSDT,1621814400000,-0.00176447
BNBUSDT,1621843200000,-0.00017363
BNBUSDT,1621872000000,-0.00060706
BNBUSDT,1621900800000,-0.0002195
BNBUSDT,1621929600000,0.0
BNBUSDT,1621958400000,0.0
BNBUSDT,1621987200000,0.00013767
BNBUSDT,1622016000000,0.0
BNBUSDT,1622044800000,0.00030765
BNBUSDT,1622073600000,0.0
BNBUSDT,1622102400000,-1.668e-05
BNBUSDT,1622131200000,0.0
BNBUSDT,1622160000000,0.0
BNBUSDT,1622188800000,-0.00039361
BNBUSDT,1622217600000,-0.0005446
BNBUSDT,1622246400000,0.0
BNBUSDT,1622275200000,0.0
BNBUSDT,1622304000000,0.0
BNBUSDT,1622332800000,-0.00083951
BNBUSDT,1622361600000,-0.00115648
BNBUSDT,1622390400000,0.0
BNBUSDT,1622419200000,0.0
BNBUSDT,1622448000000,-0.00066724
BNBUSDT,1622476800000,0.0
BNBUSDT,1622505600000,0.0
BNBUSDT,1622534400000,0.0
BNBUSDT,1622563200000,-7.534e-05
BNBUSDT,1622592000000,0.0
BNBUSDT,1622620800000,-8.31e-06
BNBUSDT,1622649600000,0.0
BNBUSDT,1622678400000,0.0
BNBUSDT,1622707200000,-0.00013549
BNBUSDT,1622736000000,0.0
BNBUSDT,1622764800000,0.0
BNBUSDT,1622793600000,0.0
BNBUSDT,1622822400000,0.0
BNBUSDT,1622851200000,0.0
BNBUSDT,1622880000000,0.0
BNBUSDT,1622908800000,0.0
BNBUSDT,1622937600000,0.0
BNBUSDT,1622966400000,0.0
BNBUSDT,1622995200000,0.0
BNBUSDT,1623024000000,0.0
BNBUSDT,1623052800000,0.0
BNBUSDT,1623081600000,0.0
BNBUSDT,1623110400000,0.0
BNBUSDT,1623139200000,0.0
BNBUSDT,1623168000000,0.0
BNBUSDT,1623196800000,0.0
BNBUSDT,1623225600000,0.0
BNBUSDT,1623254400000,-6.007e-05
BNBUSDT,1623283200000,0.0
BNBUSDT,1623312000000,0.0
BNBUSDT,1623340800000,0.0
BNBUSDT,1623369600000,0.0
BNBUSDT,1623398400000,0.0
BNBUSDT,1623427200000,0.0
BNBUSDT,1623456000000,0.0
BNBUSDT,1623484800000,-1.534e-05
BNBUSDT,1623513600000,0.0
BNBUSDT,1623542400000,0.0
BNBUSDT,1623571200000,0.0
BNBUSDT,1623600000000,0.0
BNBUSDT,1623628800000,0.0
BNBUSDT,1623657600000,0.0
BNBUSDT,1623686400000,0.0
BNBUSDT,1623715200000,0.0
BNBUSDT,1623744000000,0.0
BNBUSDT,1623772800000,0.0
BNBUSDT,1623801600000,0.0
BNBUSDT,1623830400000,0.0
BNBUSDT,1623859200000,0.0
BNBUSDT,1623888000000,0.0
BNBUSDT,1623916800000,-8.312e-05
BNBUSDT,1623945600000,0.0
BNBUSDT,1623974400000,-7.25e-06
BNBUSDT,1624003200000,0.0
BNBUSDT,1624032000000,0.0
BNBUSDT,1624060800000,-0.00035235
BNBUSDT,1624089600000,0.0
BNBUSDT,1624118400000,0.0
BNBUSDT,1624147200000,-0.00010304
BNBUSDT,1624176000000,-9.143e-05
BNBUSDT,1624204800000,-0.00040332
BNBUSDT,1624233600000,0.0
BNBUSDT,1624262400000,0.0
BNBUSDT,1624291200000,-0.00030215
BNBUSDT,1624320000000,-0.00016777
BNBUSDT,1624348800000,-0.00041554
BNBUSDT,1624377600000,-0.00121365
BNBUSDT,1624406400000,-0.00033586
BNBUSDT,1624435200000,-0.00048865
BNBUSDT,1624464000000,-3.264e-05
BNBUSDT,1624492800000,-0.00050795
BNBUSDT,1624521600000,-0.00012498
BNBUSDT,1624550400000,0.0
BNBUSDT,1624579200000,-6.47e-06
BNBUSDT,1624608000000,-5.346e-05
BNBUSDT,1624636800000,0.0
BNBUSDT,1624665600000,0.0
BNBUSDT,1624694400000,-8.996e-05
BNBUSDT,1624723200000,-2.297e-05
BNBUSDT,1624752000000,-0.00030894
BNBUSDT,1624780800000,0.0
BNBUSDT,1624809600000,-0.00044564
BNBUSDT,1624838400000,-0.00038173
BNBUSDT,1624867200000,0.0
BNBUSDT,1624896000000,0.0
BNBUSDT,1624924800000,0.0
BNBUSDT,1624953600000,0.0
BNBUSDT,1624982400000,0.0
BNBUSDT,1625011200000,0.0
BNBUSDT,1625040000000,-0.00014264
BNBUSDT,1625068800000,0.0
BNBUSDT,1625097600000,-0.0002592
BNBUSDT,1625126400000,0.0
BNBUSDT,1625155200000,-0.0003286
BNBUSDT,1625184000000,-0.00023488
BNBUSDT,1625212800000,-0.00052655
BNBUSDT,1625241600000,-0.00092227
BNBUSDT,1625270400000,-0.0004581
BNBUSDT,1625299200000,-0.0002612
BNBUSDT,1625328000000,0.0
BNBUSDT,1625356800000,0.0
BNBUSDT,1625385600000,0.0
BNBUSDT,1625414400000,-2.51e-06
BNBUSDT,1625443200000,0.0
BNBUSDT,1625472000000,-0.00017506
BNBUSDT,1625500800000,-7.73e-05
BNBUSDT,1625529600000,-0.0001273
BNBUSDT,1625558400000,0.0
BNBUSDT,1625587200000,-0.00010615
BNBUSDT,1625616000000,-0.00019932
BNBUSDT,1625644800000,-0.00023745
BNBUSDT,1625673600000,-0.0002231
BNBUSDT,1625702400000,-3.055e-05
BNBUSDT,1625731200000,-8.925e-05
BNBUSDT,1625760000000,0.0
BNBUSDT,1625788800000,-0.00017712
BNBUSDT,1625817600000,-2.713e-05
BNBUSDT,1625846400000,-0.00038104
BNBUSDT,1625875200000,-0.00039217
BNBUSDT,1625904000000,-0.00034065
BNBUSDT,1625932800000,-0.00070106
BNBUSDT,1625961600000,-0.00030641
BNBUSDT,1625990400000,-0.00028462
BNBUSDT,1626019200000,-0.00034069
BNBUSDT,1626048000000,-0.00014834
BNBUSDT,1626076800000,-0.00028756
BNBUSDT,1626105600000,-0.00017111
BNBUSDT,1626134400000,-0.00109129
BNBUSDT,1626163200000,-0.00018288
BNBUSDT,1626192000000,0.0
BNBUSDT,1626220800000,0.0
BNBUSDT,1626249600000,0.0
BNBUSDT,1626278400000,-0.00037142
BNBUSDT,1626307200000,0.0
BNBUSDT,1626336000000,-0.0001495
BNBUSDT,1626364800000,-0.00071658
BNBUSDT,1626393600000,-0.0009896
BNBUSDT,1626422400000,-0.00074238
BNBUSDT,1626451200000,-0.00086301
BNBUSDT,1626480000000,-8.1e-05
BNBUSDT,1626508800000,-0.00117845
BNBUSDT,1626537600000,-0.00085262
BNBUSDT,1626566400000,-0.00075486
BNBUSDT,1626595200000,-0.00084031
BNBUSDT,1626624000000,-0.00073448
BNBUSDT,1626652800000,-0.00044604
BNBUSDT,1626681600000,-0.00034509
BNBUSDT,1626710400000,-0.00077746
BNBUSDT,1626739200000,-0.00014526
BNBUSDT,1626768000000,-0.00113106
BNBUSDT,1626796800000,-0.00051948
BNBUSDT,1626825600000,-0.00024253
BNBUSDT,1626854400000,-0.00076601
BNBUSDT,1626883200000,-0.00046886
BNBUSDT,1626912000000,0.0
BNBUSDT,1626940800000,0.0
BNBUSDT,1626969600000,0.0
BNBUSDT,1626998400000,-0.0003805
BNBUSDT,1627027200000,-0.00060895
BNBUSDT,1627056000000,0.0
BNBUSDT,1627084800000,0.0
BNBUSDT,1627113600000,0.0
BNBUSDT,1627142400000,0.0
BNBUSDT,1627171200000,-0.00013077
BNBUSDT,1627200000000,0.0
BNBUSDT,1627228800000,0.0
BNBUSDT,1627257600000,-0.00024538
BNBUSDT,1627286400000,0.0
BNBUSDT,1627315200000,0.0
BNBUSDT,1627344000000,-7.105e-05
BNBUSDT,1627372800000,-0.00029762
BNBUSDT,1627401600000,0.0
BNBUSDT,1627430400000,0.0
BNBUSDT,1627459200000,0.0
BNBUSDT,1627488000000,0.0
BNBUSDT,1627516800000,0.0
BNBUSDT,1627545600000,0.0
BNBUSDT,1627574400000,0.0
BNBUSDT,1627603200000,0.0
BNBUSDT,1627632000000,0.0
BNBUSDT,1627660800000,-0.00016185
BNBUSDT,1627689600000,0.0
BNBUSDT,1627718400000,0.0
BNBUSDT,1627747200000,0.0
BNBUSDT,1627776000000,0.0
BNBUSDT,1627804800000,0.0
BNBUSDT,1627833600000,0.0
BNBUSDT,1627862400000,0.0
BNBUSDT,1627891200000,0.0
BNBUSDT,1627920000000,0.0
BNBUSDT,1627948800000,0.0
BNBUSDT,1627977600000,0.0
BNBUSDT,1628006400000,0.0
BNBUSDT,1628035200000,0.0
BNBUSDT,1628064000000,0.0
BNBUSDT,1628092800000,0.0
BNBUSDT,1628121600000,0.0
BNBUSDT,1628150400000,0.0
BNBUSDT,1628179200000,0.0
BNBUSDT,1628208000000,0.0
BNBUSDT,1628236800000,0.0
BNBUSDT,1628265600000,0.0
BNBUSDT,1628294400000,0.0
BNBUSDT,1628323200000,0.00019655
BNBUSDT,1628352000000,5.519e-05
BNBUSDT,1628380800000,0.0
BNBUSDT,1628409600000,0.0
BNBUSDT,1628438400000,5.377e-05
BNBUSDT,1628467200000,0.0
BNBUSDT,1628496000000,0.0
BNBUSDT,1628524800000,0.0
BNBUSDT,1628553600000,0.0
BNBUSDT,1628582400000,0.0
BNBUSDT,1628611200000,0.00015928
BNBUSDT,1628640000000,3.839e-05
BNBUSDT,1628668800000,0.0
BNBUSDT,1628697600000,0.00017826
BNBUSDT,1628726400000,0.00062829
BNBUSDT,1628755200000,0.00042907
BNBUSDT,1628784000000,0.00031064
BNBUSDT,1628812800000,4.053e-05
BNBUSDT,1628841600000,0.00016258
BNBUSDT,1628870400000,0.00028382
BNBUSDT,1628899200000,0.00012725
BNBUSDT,1628928000000,0.00037961
BNBUSDT,1628956800000,0.00046486
BNBUSDT,1628985600000,0.0
BNBUSDT,1629014400000,0.00011936
BNBUSDT,1629043200000,0.0
BNBUSDT,1629072000000,0.00021688
BNBUSDT,1629100800000,0.0004423
BNBUSDT,1629129600000,0.00053165
BNBUSDT,1629158400000,0.000167
BNBUSDT,1629187200000,0.00035571
BNBUSDT,1629216000000,0.00029456
BNBUSDT,1629244800000,0.0
BNBUSDT,1629273600000,0.0
BNBUSDT,1629302400000,0.0001167
BNBUSDT,1629331200000,0.0
BNBUSDT,1629360000000,0.0
BNBUSDT,1629388800000,0.0
BNBUSDT,1629417600000,2.627e-05
BNBUSDT,1629446400000,0.0
BNBUSDT,1629475200000,0.00033569
BNBUSDT,1629504000000,0.00041808
BNBUSDT,1629532800000,0.00054738
BNBUSDT,1629561600000,0.00043634
BNBUSDT,1629590400000,0.00057623
BNBUSDT,1629619200000,0.00044363
BNBUSDT,1629648000000,0.00022649
BNBUSDT,1629676800000,0.00018494
BNBUSDT,1629705600000,0.0008496
BNBUSDT,1629734400000,0.00054251
BNBUSDT,1629763200000,0.00026917
BNBUSDT,1629792000000,0.00074689
BNBUSDT,1629820800000,0.0005905
BNBUSDT,1629849600000,0.00016288
BNBUSDT,1629878400000,0.00017896
BNBUSDT,1629907200000,0.00036777
BNBUSDT,1629936000000,0.00027002
BNBUSDT,1629964800000,0.0003879
BNBUSDT,1629993600000,3.328e-05
BNBUSDT,1630022400000,0.0
BNBUSDT,1630051200000,0.0
BNBUSDT,1630080000000,0.0
BNBUSDT,1630108800000,0.0
BNBUSDT,1630137600000,0.00030431
BNBUSDT,1630166400000,0.00042497
BNBUSDT,1630195200000,0.00062404
BNBUSDT,1630224000000,0.00029155
BNBUSDT,1630252800000,0.00021999
BNBUSDT,1630281600000,0.00026235
BNBUSDT,1630310400000,0.00061558
BNBUSDT,1630339200000,0.00055705
BNBUSDT,1630368000000,0.00051061
BNBUSDT,1630396800000,0.00030399
BNBUSDT,1630425600000,0.00021071
BNBUSDT,1630454400000,0.00054552
BNBUSDT,1630483200000,0.00035795
BNBUSDT,1630512000000,0.00051031
BNBUSDT,1630540800000,8.513e-05
BNBUSDT,1630569600000,0.00058676
BNBUSDT,1630598400000,0.00023242
BNBUSDT,1630627200000,0.00044367
BNBUSDT,1630656000000,0.00042711
BNBUSDT,1630684800000,0.00025233
BNBUSDT,1630713600000,0.00049804
BNBUSDT,1630742400000,0.00056228
BNBUSDT,1630771200000,0.00083205
BNBUSDT,1630800000000,0.00083872
BNBUSDT,1630828800000,0.00038216
BNBUSDT,1630857600000,0.00067472
BNBUSDT,1630886400000,0.00087994
BNBUSDT,1630915200000,0.00110313
BNBUSDT,1630944000000,0.00018174
BNBUSDT,1630972800000,0.00039914
BNBUSDT,1631001600000,0.00070154
BNBUSDT,1631030400000,-0.00141569
BNBUSDT,1631059200000,-0.00041319
BNBUSDT,1631088000000,0.0
BNBUSDT,1631116800000,0.0
BNBUSDT,1631145600000,0.0
BNBUSDT,1631174400000,0.0
BNBUSDT,1631203200000,0.0
BNBUSDT,1631232000000,0.0
BNBUSDT,1631260800000,0.0
BNBUSDT,1631289600000,0.0
BNBUSDT,1631318400000,0.0
BNBUSDT,1631347200000,0.0
BNBUSDT,1631376000000,0.0
BNBUSDT,1631404800000,0.0
BNBUSDT,1631433600000,0.0
BNBUSDT,1631462400000,0.0
BNBUSDT,1631491200000,0.0
BNBUSDT,1631520000000,0.0
BNBUSDT,1631548800000,0.0
BNBUSDT,1631577600000,0.0
BNBUSDT,1631606400000,0.0
BNBUSDT,1631635200000,0.0
BNBUSDT,1631664000000,0.0
BNBUSDT,1631692800000,0.0
BNBUSDT,1631721600000,0.0
BNBUSDT,1631750400000,0.0
BNBUSDT,1631779200000,0.0
BNBUSDT,1631808000000,0.0
BNBUSDT,1631836800000,0.00014813
BNBUSDT,1631865600000,8.261e-05
BNBUSDT,1631894400000,0.0
BNBUSDT,1631923200000,2.763e-05
BNBUSDT,1631952000000,0.0
BNBUSDT,1631980800000,0.0
BNBUSDT,1632009600000,0.0
BNBUSDT,1632038400000,0.0
BNBUSDT,1632067200000,0.00010744
BNBUSDT,1632096000000,0.0
BNBUSDT,1632124800000,0.0
BNBUSDT,1632153600000,0.0
BNBUSDT,1632182400000,0.0
BNBUSDT,1632211200000,0.0
BNBUSDT,1632240000000,0.0
BNBUSDT,1632268800000,0.0
BNBUSDT,1632297600000,-0.00018317
BNBUSDT,1632326400000,0.0
BNBUSDT,1632355200000,-0.00043523
BNBUSDT,1632384000000,-7.308e-05
BNBUSDT,1632412800000,0.0
BNBUSDT,1632441600000,-8.82e-05
BNBUSDT,1632470400000,-0.00016961
BNBUSDT,1632499200000,0.0
BNBUSDT,1632528000000,-6.607e-05
BNBUSDT,1632556800000,0.0
BNBUSDT,1632585600000,-6.666e-05
BNBUSDT,1632614400000,-0.00024844
BNBUSDT,1632643200000,-0.00042273
BNBUSDT,1632672000000,-5.51e-05
BNBUSDT,1632700800000,0.0
BNBUSDT,1632729600000,0.0
BNBUSDT,1632758400000,0.0
BNBUSDT,1632787200000,-7.669e-05
BNBUSDT,1632816000000,0.0
BNBUSDT,1632844800000,0.0
BNBUSDT,1632873600000,0.0
BNBUSDT,1632902400000,0.0
BNBUSDT,1632931200000,-0.00040927
BNBUSDT,1632960000000,-0.00100209
BNBUSDT,1632988800000,-0.00050155
BNBUSDT,1633017600000,-0.00063287
BNBUSDT,1633046400000,-0.00132805
BNBUSDT,1633075200000,-0.00050562
BNBUSDT,1633104000000,-0.00010282
BNBUSDT,1633132800000,-0.00098666
BNBUSDT,1633161600000,-0.00017296
BNBUSDT,1633190400000,-7.472e-05
BNBUSDT,1633219200000,-2.145e-05
BNBUSDT,1633248000000,-0.00059484
BNBUSDT,1633276800000,-0.00095523
BNBUSDT,1633305600000,-0.00020598
BNBUSDT,1633334400000,-0.00029886
BNBUSDT,1633363200000,-0.00051603
BNBUSDT,1633392000000,-2.176e-05
BNBUSDT,1633420800000,-0.00026348
BNBUSDT,1633449600000,-6.07e-06
BNBUSDT,1633478400000,-0.00058585
BNBUSDT,1633507200000,-0.00052793
BNBUSDT,1633536000000,-0.0001896
BNBUSDT,1633564800000,0.0
BNBUSDT,1633593600000,-1.46e-06
BNBUSDT,1633622400000,0.0
BNBUSDT,1633651200000,0.0
BNBUSDT,1633680000000,-0.00015581
BNBUSDT,1633708800000,0.00049807
BNBUSDT,1633737600000,2.603e-05
BNBUSDT,1633766400000,0.0
BNBUSDT,1633795200000,7.305e-05
BNBUSDT,1633824000000,6.252e-05
BNBUSDT,1633852800000,0.00035215
BNBUSDT,1633881600000,0.00035668
BNBUSDT,1633910400000,0.0
BNBUSDT,1633939200000,0.00019149
BNBUSDT,1633968000000,0.00024432
BNBUSDT,1633996800000,0.0
BNBUSDT,1634025600000,0.0
BNBUSDT,1634054400000,0.0
BNBUSDT,1634083200000,0.00013415
BNBUSDT,1634112000000,0.00022324
BNBUSDT,1634140800000,0.0
BNBUSDT,1634169600000,-3.305e-05
BNBUSDT,1634198400000,-0.00051909
BNBUSDT,1634227200000,-0.00010645
BNBUSDT,1634256000000,-5.124e-05
BNBUSDT,1634284800000,0.0
BNBUSDT,1634313600000,-0.00030906
BNBUSDT,1634342400000,-0.00032721
BNBUSDT,1634371200000,-0.00020611
BNBUSDT,1634400000000,-0.0004658
BNBUSDT,1634428800000,-0.0007323
BNBUSDT,1634457600000,-0.00061497
BNBUSDT,1634486400000,-0.00046742
BNBUSDT,1634515200000,-0.00155446
BNBUSDT,1634544000000,-0.00021453
BNBUSDT,1634572800000,-2.043e-05
BNBUSDT,1634601600000,-0.00078657
BNBUSDT,1634630400000,-2.352e-05
BNBUSDT,1634659200000,-0.00081327
BNBUSDT,1634688000000,-0.00065641
BNBUSDT,1634716800000,-0.00042888
BNBUSDT,1634745600000,-0.00019455
BNBUSDT,1634774400000,-0.00022341
BNBUSDT,1634803200000,-0.00088283
BNBUSDT,1634832000000,0.00094894
BNBUSDT,1634860800000,0.00018106
BNBUSDT,1634889600000,0.00020044
BNBUSDT,1634918400000,0.00060124
BNBUSDT,1634947200000,0.00044424
BNBUSDT,1634976000000,0.0002304
BNBUSDT,1635004800000,0.00032033
BNBUSDT,1635033600000,0.00039286
BNBUSDT,1635062400000,0.00029372
BNBUSDT,1635091200000,0.00052865
BNBUSDT,1635120000000,0.00031655
BNBUSDT,1635148800000,0.00044234
BNBUSDT,1635177600000,0.00036856
BNBUSDT,1635206400000,0.00045264
BNBUSDT,1635235200000,0.00052636
BNBUSDT,1635264000000,0.00042621
BNBUSDT,1635292800000,0.00024036
BNBUSDT,1635321600000,0.00042998
BNBUSDT,1635350400000,0.0
BNBUSDT,1635379200000,0.0
BNBUSDT,1635408000000,0.0
BNBUSDT,1635436800000,0.0
BNBUSDT,1635465600000,0.0
BNBUSDT,1635494400000,0.0
BNBUSDT,1635523200000,0.0
BNBUSDT,1635552000000,0.00035782
BNBUSDT,1635580800000,0.00020281
BNBUSDT,1635609600000,0.00014993
BNBUSDT,1635638400000,0.0
BNBUSDT,1635667200000,0.0
BNBUSDT,1635696000000,0.0
BNBUSDT,1635724800000,-0.00036528
BNBUSDT,1635753600000,0.0
BNBUSDT,1635782400000,0.0
BNBUSDT,1635811200000,0.0
BNBUSDT,1635840000000,-1.756e-05
BNBUSDT,1635868800000,0.0
BNBUSDT,1635897600000,0.0
BNBUSDT,1635926400000,0.0
BNBUSDT,1635955200000,0.0
BNBUSDT,1635984000000,0.0
BNBUSDT,1636012800000,0.0
BNBUSDT,1636041600000,0.0
BNBUSDT,1636070400000,0.0
BNBUSDT,1636099200000,0.00023238
BNBUSDT,1636128000000,0.0
BNBUSDT,1636156800000,-0.0001515
BNBUSDT,1636185600000,-0.00045138
BNBUSDT,1636214400000,0.0
BNBUSDT,1636243200000,-0.00062379
BNBUSDT,1636272000000,0.0
BNBUSDT,1636300800000,0.0
BNBUSDT,1636329600000,0.0
BNBUSDT,1636358400000,1.202e-05
BNBUSDT,1636387200000,0.0
BNBUSDT,1636416000000,0.0
BNBUSDT,1636444800000,0.0
BNBUSDT,1636473600000,3.602e-05
BNBUSDT,1636502400000,0.0003217
BNBUSDT,1636531200000,0.00019369
BNBUSDT,1636560000000,0.0
BNBUSDT,1636588800000,-0.0003087
BNBUSDT,1636617600000,-0.00011674
BNBUSDT,1636646400000,-5.11e-05
BNBUSDT,1636675200000,-0.00043283
BNBUSDT,1636704000000,-0.00035834
BNBUSDT,1636732800000,-0.00034697
BNBUSDT,1636761600000,-0.00066347
BNBUSDT,1636790400000,-0.00045186
BNBUSDT,1636819200000,-0.00013015
BNBUSDT,1636848000000,-0.00056032
BNBUSDT,1636876800000,-0.00010145
BNBUSDT,1636905600000,-0.00045547
BNBUSDT,1636934400000,-7.715e-05
BNBUSDT,1636963200000,0.0
BNBUSDT,1636992000000,0.0
BNBUSDT,1637020800000,0.0
BNBUSDT,1637049600000,-0.00037642
BNBUSDT,1637078400000,0.0
BNBUSDT,1637107200000,0.0
BNBUSDT,1637136000000,0.00012726
BNBUSDT,1637164800000,0.0
BNBUSDT,1637193600000,0.0
BNBUSDT,1637222400000,0.0
BNBUSDT,1637251200000,3.624e-05
BNBUSDT,1637280000000,0.0
BNBUSDT,1637308800000,0.0
BNBUSDT,1637337600000,0.0
BNBUSDT,1637366400000,0.0
BNBUSDT,1637395200000,0.0
BNBUSDT,1637424000000,4.6e-07
BNBUSDT,1637452800000,0.0
BNBUSDT,1637481600000,0.00010463
BNBUSDT,1637510400000,9.7e-07
BNBUSDT,1637539200000,0.0
BNBUSDT,1637568000000,0.00015492
BNBUSDT,1637596800000,0.0
BNBUSDT,1637625600000,0.0
BNBUSDT,1637654400000,0.0
BNBUSDT,1637683200000,0.00015094
BNBUSDT,1637712000000,0.00019831
BNBUSDT,1637740800000,6.496e-05
BNBUSDT,1637769600000,0.0001357
BNBUSDT,1637798400000,0.00010036
BNBUSDT,1637827200000,0.00035203
BNBUSDT,1637856000000,0.00057619
BNBUSDT,1637884800000,0.00029279
BNBUSDT,1637913600000,0.0002718
BNBUSDT,1637942400000,0.0
BNBUSDT,1637971200000,0.0
BNBUSDT,1638000000000,0.0
BNBUSDT,1638028800000,0.0
BNBUSDT,1638057600000,0.00013471
BNBUSDT,1638086400000,0.0
BNBUSDT,1638115200000,0.00011508
BNBUSDT,1638144000000,0.0
BNBUSDT,1638172800000,2.349e-05
BNBUSDT,1638201600000,5.117e-05
BNBUSDT,1638230400000,0.0
BNBUSDT,1638259200000,4.117e-05
BNBUSDT,1638288000000,3.202e-05
BNBUSDT,1638316800000,0.0
BNBUSDT,1638345600000,1.348e-05
BNBUSDT,1638374400000,1.416e-05
BNBUSDT,1638403200000,0.00011406
BNBUSDT,1638432000000,0.0
BNBUSDT,1638460800000,0.00010252
BNBUSDT,1638489600000,3.977e-05
BNBUSDT,1638518400000,0.0
BNBUSDT,1638547200000,0.0
BNBUSDT,1638576000000,0.0
BNBUSDT,1638604800000,-6.161e-05
BNBUSDT,1638633600000,-0.0001964
BNBUSDT,1638662400000,-0.00026037
BNBUSDT,1638691200000,0.0
BNBUSDT,1638720000000,0.0
BNBUSDT,1638748800000,0.0
BNBUSDT,1638777600000,0.0
BNBUSDT,1638806400000,-9.407e-05
BNBUSDT,1638835200000,-0.0005325
BNBUSDT,1638864000000,-0.00081513
BNBUSDT,1638892800000,-0.00076752
BNBUSDT,1638921600000,-0.00063789
BNBUSDT,1638950400000,-0.00045824
BNBUSDT,1638979200000,-0.00011763
BNBUSDT,1639008000000,-0.0004996
BNBUSDT,1639036800000,-0.00020967
BNBUSDT,1639065600000,-0.00035578
BNBUSDT,1639094400000,-0.00043999
BNBUSDT,1639123200000,-0.00046336
BNBUSDT,1639152000000,-0.00093486
BNBUSDT,1639180800000,-0.00020823
BNBUSDT,1639209600000,-0.00040625
BNBUSDT,1639238400000,-0.00050253
BNBUSDT,1639267200000,-0.00049651
BNBUSDT,1639296000000,-0.0004758
BNBUSDT,1639324800000,-0.00035172
BNBUSDT,1639353600000,-0.00049297
BNBUSDT,1639382400000,-0.00026124
BNBUSDT,1639411200000,-0.00030003
BNBUSDT,1639440000000,-0.00035707
BNBUSDT,1639468800000,-0.00016492
BNBUSDT,1639497600000,0.0
BNBUSDT,1639526400000,0.0
BNBUSDT,1639555200000,0.0
BNBUSDT,1639584000000,0.0
BNBUSDT,1639612800000,0.0
BNBUSDT,1639641600000,0.0
BNBUSDT,1639670400000,0.0
BNBUSDT,1639699200000,0.0
BNBUSDT,1639728000000,0.0
BNBUSDT,1639756800000,0.0
BNBUSDT,1639785600000,0.0
BNBUSDT,1639814400000,0.0
BNBUSDT,1639843200000,0.0
BNBUSDT,1639872000000,0.0
BNBUSDT,1639900800000,0.0
BNBUSDT,1639929600000,0.0
BNBUSDT,1639958400000,0.0
BNBUSDT,1639987200000,0.0
BNBUSDT,1640016000000,0.0
BNBUSDT,1640044800000,0.0
BNBUSDT,1640073600000,0.0
BNBUSDT,1640102400000,0.0
BNBUSDT,1640131200000,0.0
BNBUSDT,1640160000000,0.0
BNBUSDT,1640188800000,0.0
BNBUSDT,1640217600000,0.0
BNBUSDT,1640246400000,0.0
BNBUSDT,1640275200000,0.0
BNBUSDT,1640304000000,0.0
BNBUSDT,1640332800000,0.0
BNBUSDT,1640361600000,0.0
BNBUSDT,1640390400000,0.0
BNBUSDT,1640419200000,0.0
BNBUSDT,1640448000000,0.0
BNBUSDT,1640476800000,0.0
BNBUSDT,1640505600000,0.0
BNBUSDT,1640534400000,0.0
BNBUSDT,1640563200000,0.0
BNBUSDT,1640592000000,0.0
BNBUSDT,1640620800000,0.0
BNBUSDT,1640649600000,0.0
BNBUSDT,1640678400000,0.0
BNBUSDT,1640707200000,0.0
BNBUSDT,1640736000000,0.0
BNBUSDT,1640764800000,0.0
BNBUSDT,1640793600000,0.0
BNBUSDT,1640822400000,0.0
BNBUSDT,1640851200000,0.0
BNBUSDT,1640880000000,0.0
BNBUSDT,1640908800000,0.0
BNBUSDT,1640937600000,0.0
BNBUSDT,1640966400000,0.0
BNBUSDT,1640995200000,0.0
BNBUSDT,1641024000000,0.0
BNBUSDT,1641052800000,0.0
BNBUSDT,1641081600000,0.0
BNBUSDT,1641110400000,0.0
BNBUSDT,1641139200000,0.0
BNBUSDT,1641168000000,0.0
BNBUSDT,1641196800000,0.0
BNBUSDT,1641225600000,0.0
BNBUSDT,1641254400000,7.356e-05
BNBUSDT,1641283200000,0.0
BNBUSDT,1641312000000,0.0
BNBUSDT,1641340800000,0.0
BNBUSDT,1641369600000,0.0
BNBUSDT,1641398400000,0.0
BNBUSDT,1641427200000,0.0
BNBUSDT,1641456000000,0.0
BNBUSDT,1641484800000,0.0
BNBUSDT,1641513600000,0.0
BNBUSDT,1641542400000,0.0
BNBUSDT,1641571200000,0.0
BNBUSDT,1641600000000,0.0
BNBUSDT,1641628800000,0.0
BNBUSDT,1641657600000,0.0
BNBUSDT,1641686400000,-0.00017817
BNBUSDT,1641715200000,-0.00010275
BNBUSDT,1641744000000,0.0
BNBUSDT,1641772800000,-0.00035535
BNBUSDT,1641801600000,-0.00010057
BNBUSDT,1641830400000,0.0
BNBUSDT,1641859200000,0.0
BNBUSDT,1641888000000,0.0
BNBUSDT,1641916800000,-0.0002741
BNBUSDT,1641945600000,-0.00124953
BNBUSDT,1641974400000,-0.0005687
BNBUSDT,1642003200000,-0.00108975
BNBUSDT,1642032000000,-0.00158912
BNBUSDT,1642060800000,-0.00064833
BNBUSDT,1642089600000,-0.00079825
BNBUSDT,1642118400000,-0.00079953
BNBUSDT,1642147200000,-0.00047792
BNBUSDT,1642176000000,-0.00138791
BNBUSDT,1642204800000,-0.00075342
BNBUSDT,1642233600000,-0.00077696
BNBUSDT,1642262400000,-0.00087986
BNBUSDT,1642291200000,-0.00126663
BNBUSDT,1642320000000,-0.00052259
BNBUSDT,1642348800000,-0.00099898
BNBUSDT,1642377600000,-0.00128685
BNBUSDT,1642406400000,-0.00067301
BNBUSDT,1642435200000,-0.00060939
BNBUSDT,1642464000000,-0.0005153
BNBUSDT,1642492800000,-0.00058499
BNBUSDT,1642521600000,-0.00038108
BNBUSDT,1642550400000,-0.00066342
BNBUSDT,1642579200000,-0.00069935
BNBUSDT,1642608000000,-0.00051438
BNBUSDT,1642636800000,-0.00052222
BNBUSDT,1642665600000,-0.00037769
BNBUSDT,1642694400000,0.0
BNBUSDT,1642723200000,0.0
BNBUSDT,1642752000000,0.0
BNBUSDT,1642780800000,0.0
BNBUSDT,1642809600000,0.0
BNBUSDT,1642838400000,-7.151e-05
BNBUSDT,1642867200000,-0.00026144
BNBUSDT,1642896000000,0.0
BNBUSDT,1642924800000,0.0
BNBUSDT,1642953600000,-0.00012949
BNBUSDT,1642982400000,0.0
BNBUSDT,1643011200000,-7.805e-05
BNBUSDT,1643040000000,0.0
BNBUSDT,1643068800000,-0.00011132
BNBUSDT,1643097600000,0.0
BNBUSDT,1643126400000,-1.041e-05
BNBUSDT,1643155200000,-0.00013818
BNBUSDT,1643184000000,-8.717e-05
BNBUSDT,1643212800000,-7.18e-05
BNBUSDT,1643241600000,-0.00012189
BNBUSDT,1643270400000,-0.0002612
BNBUSDT,1643299200000,-0.0002404
BNBUSDT,1643328000000,-0.00027472
BNBUSDT,1643356800000,-1.656e-05
BNBUSDT,1643385600000,-0.00016179
BNBUSDT,1643414400000,0.0
BNBUSDT,1643443200000,-6.63e-06
BNBUSDT,1643472000000,-1.465e-05
BNBUSDT,1643500800000,-0.00015692
BNBUSDT,1643529600000,0.0
BNBUSDT,1643558400000,0.0
BNBUSDT,1643587200000,-0.00023536
BNBUSDT,1643616000000,-5.941e-05
BNBUSDT,1643644800000,0.0
BNBUSDT,1643673600000,0.0
BNBUSDT,1643702400000,0.0
BNBUSDT,1643731200000,-5.12e-05
BNBUSDT,1643760000000,0.0
BNBUSDT,1643788800000,0.0
BNBUSDT,1643817600000,-3.712e-05
BNBUSDT,1643846400000,-0.00013032
BNBUSDT,1643875200000,-8.246e-05
BNBUSDT,1643904000000,0.0
BNBUSDT,1643932800000,0.0
BNBUSDT,1643961600000,-0.00010614
BNBUSDT,1643990400000,0.0
BNBUSDT,1644019200000,0.0
BNBUSDT,1644048000000,-0.0003478
BNBUSDT,1644076800000,0.0
BNBUSDT,1644105600000,-0.00010182
BNBUSDT,1644134400000,-4.58e-05
BNBUSDT,1644163200000,-6.134e-05
BNBUSDT,1644192000000,-3.128e-05
BNBUSDT,1644220800000,-4.468e-05
BNBUSDT,1644249600000,-0.0002096
BNBUSDT,1644278400000,-7.65e-05
BNBUSDT,1644307200000,0.0
BNBUSDT,1644336000000,0.0
BNBUSDT,1644364800000,0.0
BNBUSDT,1644393600000,0.0
BNBUSDT,1644422400000,0.0
BNBUSDT,1644451200000,-5.75e-05
BNBUSDT,1644480000000,-6.47e-05
BNBUSDT,1644508800000,0.0
BNBUSDT,1644537600000,0.0
BNBUSDT,1644566400000,-0.00012609
BNBUSDT,1644595200000,-0.0001024
BNBUSDT,1644624000000,0.0
BNBUSDT,1644652800000,0.0
BNBUSDT,1644681600000,0.0
BNBUSDT,1644710400000,0.0
BNBUSDT,1644739200000,0.0
BNBUSDT,1644768000000,0.0
BNBUSDT,1644796800000,0.0
BNBUSDT,1644825600000,0.0
BNBUSDT,1644854400000,0.0
BNBUSDT,1644883200000,0.0
BNBUSDT,1644912000000,0.0
BNBUSDT,1644940800000,0.0
BNBUSDT,1644969600000,0.0
BNBUSDT,1644998400000,-1.311e-05
BNBUSDT,1645027200000,0.0
BNBUSDT,1645056000000,-0.00023939
BNBUSDT,1645084800000,0.0
BNBUSDT,1645113600000,0.0
BNBUSDT,1645142400000,-0.0001889
BNBUSDT,1645171200000,-0.00015659
BNBUSDT,1645200000000,-3.328e-05
BNBUSDT,1645228800000,-0.00016833
BNBUSDT,1645257600000,-0.00016878
BNBUSDT,1645286400000,0.0
BNBUSDT,1645315200000,-0.00017806
BNBUSDT,1645344000000,-0.00027941
BNBUSDT,1645372800000,-0.00028431
BNBUSDT,1645401600000,-9.596e-05
BNBUSDT,1645430400000,-0.00032626
BNBUSDT,1645459200000,0.0
BNBUSDT,1645488000000,-0.00022337
BNBUSDT,1645516800000,0.0
BNBUSDT,1645545600000,-6.405e-05
BNBUSDT,1645574400000,-3.262e-05
BNBUSDT,1645603200000,-2.415e-05
BNBUSDT,1645632000000,0.0
BNBUSDT,1645660800000,0.0
BNBUSDT,1645689600000,-3.529e-05
BNBUSDT,1645718400000,-0.00020486
BNBUSDT,1645747200000,-0.00011321
BNBUSDT,1645776000000,-2.775e-05
BNBUSDT,1645804800000,-0.00023451
BNBUSDT,1645833600000,-2.515e-05
BNBUSDT,1645862400000,0.0
BNBUSDT,1645891200000,0.0
BNBUSDT,1645920000000,-3.41e-06
BNBUSDT,1645948800000,-3.89e-06
BNBUSDT,1645977600000,0.0
BNBUSDT,1646006400000,0.0
BNBUSDT,1646035200000,-8.48e-06
BNBUSDT,1646064000000,0.0
BNBUSDT,1646092800000,0.0
BNBUSDT,1646121600000,0.0
BNBUSDT,1646150400000,0.0
BNBUSDT,1646179200000,0.0
BNBUSDT,1646208000000,-0.00013979
BNBUSDT,1646236800000,-0.00013356
BNBUSDT,1646265600000,-9.498e-05
BNBUSDT,1646294400000,0.0
BNBUSDT,1646323200000,-0.00014664
BNBUSDT,1646352000000,-0.00012499
BNBUSDT,1646380800000,-0.00023376
BNBUSDT,1646409600000,-0.00027034
BNBUSDT,1646438400000,-0.0002238
BNBUSDT,1646467200000,-0.00071402
BNBUSDT,1646496000000,-0.00017122
BNBUSDT,1646524800000,-0.00043414
BNBUSDT,1646553600000,-0.00027293
BNBUSDT,1646582400000,-0.00044034
BNBUSDT,1646611200000,-0.0004385
BNBUSDT,1646640000000,-0.00030887
BNBUSDT,1646668800000,-0.00034382
BNBUSDT,1646697600000,-0.00044868
BNBUSDT,1646726400000,-0.00021034
BNBUSDT,1646755200000,-0.00021489
BNBUSDT,1646784000000,-0.00034539
BNBUSDT,1646812800000,-3.886e-05
BNBUSDT,1646841600000,0.0
BNBUSDT,1646870400000,0.0
BNBUSDT,1646899200000,-2.639e-05
BNBUSDT,1646928000000,0.0
BNBUSDT,1646956800000,-0.00017397
BNBUSDT,1646985600000,-3.005e-05
BNBUSDT,1647014400000,-6.194e-05
BNBUSDT,1647043200000,0.0
BNBUSDT,1647072000000,0.0
BNBUSDT,1647100800000,0.0
BNBUSDT,1647129600000,0.0
BNBUSDT,1647158400000,-5.366e-05
BNBUSDT,1647187200000,-5.308e-05
BNBUSDT,1647216000000,-0.00024568
BNBUSDT,1647244800000,-5.074e-05
BNBUSDT,1647273600000,0.0
BNBUSDT,1647302400000,0.0
BNBUSDT,1647331200000,-0.00013892
BNBUSDT,1647360000000,-8.191e-05
BNBUSDT,1647388800000,0.0
BNBUSDT,1647417600000,0.0
BNBUSDT,1647446400000,0.0
BNBUSDT,1647475200000,0.0
BNBUSDT,1647504000000,0.0
BNBUSDT,1647532800000,0.0
BNBUSDT,1647561600000,0.0
BNBUSDT,1647590400000,-5.118e-05
BNBUSDT,1647619200000,0.0
BNBUSDT,1647648000000,0.0
BNBUSDT,1647676800000,0.0
BNBUSDT,1647705600000,0.0
BNBUSDT,1647734400000,0.0
BNBUSDT,1647763200000,0.0
BNBUSDT,1647792000000,0.0
BNBUSDT,1647820800000,0.0
BNBUSDT,1647849600000,0.0
BNBUSDT,1647878400000,0.0
BNBUSDT,1647907200000,0.0
BNBUSDT,1647936000000,0.0
BNBUSDT,1647964800000,0.0
BNBUSDT,1647993600000,0.0
BNBUSDT,1648022400000,0.0
BNBUSDT,1648051200000,0.0
BNBUSDT,1648080000000,0.0
BNBUSDT,1648108800000,0.0
BNBUSDT,1648137600000,0.0
BNBUSDT,1648166400000,0.0
BNBUSDT,1648195200000,0.0
BNBUSDT,1648224000000,0.0
BNBUSDT,1648252800000,0.0
BNBUSDT,1648281600000,0.0
BNBUSDT,1648310400000,0.0
BNBUSDT,1648339200000,0.0
BNBUSDT,1648368000000,0.0
BNBUSDT,1648396800000,0.0
BNBUSDT,1648425600000,0.0
BNBUSDT,1648454400000,0.0
BNBUSDT,1648483200000,0.0
BNBUSDT,1648512000000,0.0
BNBUSDT,1648540800000,0.0
BNBUSDT,1648569600000,0.0
BNBUSDT,1648598400000,0.0
BNBUSDT,1648627200000,0.0
BNBUSDT,1648656000000,8.729e-05
BNBUSDT,1648684800000,0.0
BNBUSDT,1648713600000,0.0
BNBUSDT,1648742400000,0.0
BNBUSDT,1648771200000,0.0
BNBUSDT,1648800000000,0.0
BNBUSDT,1648828800000,0.0
BNBUSDT,1648857600000,0.0
BNBUSDT,1648886400000,0.0
BNBUSDT,1648915200000,0.0
BNBUSDT,1648944000000,0.0
BNBUSDT,1648972800000,0.0
BNBUSDT,1649001600000,0.0
BNBUSDT,1649030400000,0.0
BNBUSDT,1649059200000,0.0
BNBUSDT,1649088000000,0.0
BNBUSDT,1649116800000,0.0
BNBUSDT,1649145600000,0.0
BNBUSDT,1649174400000,0.0
BNBUSDT,1649203200000,0.0
BNBUSDT,1649232000000,0.0
BNBUSDT,1649260800000,0.0
BNBUSDT,1649289600000,-2.025e-05
BNBUSDT,1649318400000,-7.42e-06
BNBUSDT,1649347200000,0.0
BNBUSDT,1649376000000,0.0
BNBUSDT,1649404800000,0.0
BNBUSDT,1649433600000,0.0
BNBUSDT,1649462400000,0.0
BNBUSDT,1649491200000,0.0
BNBUSDT,1649520000000,0.0
BNBUSDT,1649548800000,0.0
BNBUSDT,1649577600000,0.0
BNBUSDT,1649606400000,0.0
BNBUSDT,1649635200000,0.0
BNBUSDT,1649664000000,-2.485e-05
BNBUSDT,1649692800000,0.0
BNBUSDT,1649721600000,-1.02e-05
BNBUSDT,1649750400000,-2.03e-05
BNBUSDT,1649779200000,-2.025e-05
BNBUSDT,1649808000000,0.0
BNBUSDT,1649836800000,-0.00012415
BNBUSDT,1649865600000,0.0
BNBUSDT,1649894400000,-0.00011454
BNBUSDT,1649923200000,-0.0001157
BNBUSDT,1649952000000,-8.813e-05
BNBUSDT,1649980800000,0.0
BNBUSDT,1650009600000,0.0
BNBUSDT,1650038400000,0.0
BNBUSDT,1650067200000,-3.331e-05
BNBUSDT,1650096000000,0.0
BNBUSDT,1650124800000,-6.356e-05
BNBUSDT,1650153600000,0.0
BNBUSDT,1650182400000,0.0
BNBUSDT,1650211200000,0.0
BNBUSDT,1650240000000,-6.225e-05
BNBUSDT,1650268800000,-1.491e-05
BNBUSDT,1650297600000,-9.688e-05
BNBUSDT,1650326400000,0.0
BNBUSDT,1650355200000,0.0
BNBUSDT,1650384000000,0.0
BNBUSDT,1650412800000,0.0
BNBUSDT,1650441600000,0.0
BNBUSDT,1650470400000,0.0
BNBUSDT,1650499200000,0.0
BNBUSDT,1650528000000,0.0
BNBUSDT,1650556800000,0.0
BNBUSDT,1650585600000,0.0
BNBUSDT,1650614400000,-2.719e-05
BNBUSDT,1650643200000,0.0
BNBUSDT,1650672000000,0.0
BNBUSDT,1650700800000,-8.577e-05
BNBUSDT,1650729600000,0.0
BNBUSDT,1650758400000,0.0
BNBUSDT,1650787200000,-0.00011321
BNBUSDT,1650816000000,0.0
BNBUSDT,1650844800000,0.0
BNBUSDT,1650873600000,-4.16e-06
BNBUSDT,1650902400000,-0.00024334
BNBUSDT,1650931200000,0.0
BNBUSDT,1650960000000,0.0
BNBUSDT,1650988800000,0.0
BNBUSDT,1651017600000,-4.547e-05
BNBUSDT,1651046400000,-6.832e-05
BNBUSDT,1651075200000,0.0
BNBUSDT,1651104000000,0.0
BNBUSDT,1651132800000,-8.404e-05
BNBUSDT,1651161600000,0.0
BNBUSDT,1651190400000,-1.589e-05
BNBUSDT,1651219200000,-4.099e-05
BNBUSDT,1651248000000,-0.00015241
BNBUSDT,1651276800000,-0.0001572
BNBUSDT,1651305600000,0.0
BNBUSDT,1651334400000,0.0
BNBUSDT,1651363200000,-0.00024762
BNBUSDT,1651392000000,-0.00035999
BNBUSDT,1651420800000,-6.449e-05
BNBUSDT,1651449600000,-0.0001044
BNBUSDT,1651478400000,-0.00022186
BNBUSDT,1651507200000,-0.00019242
BNBUSDT,1651536000000,-0.00013821
BNBUSDT,1651564800000,0.0
BNBUSDT,1651593600000,-0.00026598
BNBUSDT,1651622400000,-0.0003764
BNBUSDT,1651651200000,0.0
BNBUSDT,1651680000000,0.0
BNBUSDT,1651708800000,0.0
BNBUSDT,1651737600000,0.0
BNBUSDT,1651766400000,0.0
BNBUSDT,1651795200000,-0.00051691
BNBUSDT,1651824000000,-0.00018277
BNBUSDT,1651852800000,0.0
BNBUSDT,1651881600000,0.0
BNBUSDT,1651910400000,0.0
BNBUSDT,1651939200000,0.0
BNBUSDT,1651968000000,0.0
BNBUSDT,1651996800000,-9.014e-05
BNBUSDT,1652025600000,0.0
BNBUSDT,1652054400000,0.0
BNBUSDT,1652083200000,0.0
BNBUSDT,1652112000000,-9.253e-05
BNBUSDT,1652140800000,-0.00035049
BNBUSDT,1652169600000,-0.0002248
BNBUSDT,1652198400000,-0.00041261
BNBUSDT,1652227200000,-0.00040555
BNBUSDT,1652256000000,-0.00040598
BNBUSDT,1652284800000,-0.00041958
BNBUSDT,1652313600000,-0.00050801
BNBUSDT,1652342400000,-0.00200781
BNBUSDT,1652371200000,-0.00087795
BNBUSDT,1652400000000,-0.00046326
BNBUSDT,1652428800000,-0.00033023
BNBUSDT,1652457600000,-0.00041998
BNBUSDT,1652486400000,-0.00061404
BNBUSDT,1652515200000,-0.00033375
BNBUSDT,1652544000000,-0.00051401
BNBUSDT,1652572800000,-0.00041385
BNBUSDT,1652601600000,-0.00040211
BNBUSDT,1652630400000,-0.00021402
BNBUSDT,1652659200000,-0.0004266
BNBUSDT,1652688000000,-0.00052839
BNBUSDT,1652716800000,-0.00031439
BNBUSDT,1652745600000,-0.00042037
BNBUSDT,1652774400000,-0.00038058
BNBUSDT,1652803200000,-0.00028335
BNBUSDT,1652832000000,-0.00072083
BNBUSDT,1652860800000,-0.00042482
BNBUSDT,1652889600000,-0.00043799
BNBUSDT,1652918400000,-0.00049541
BNBUSDT,1652947200000,-0.00033308
BNBUSDT,1652976000000,-0.00040023
BNBUSDT,1653004800000,-0.0002726
BNBUSDT,1653033600000,-0.00022742
BNBUSDT,1653062400000,-0.0003131
BNBUSDT,1653091200000,-0.00043872
BNBUSDT,1653120000000,-0.00032275
BNBUSDT,1653148800000,-6.067e-05
BNBUSDT,1653177600000,-0.00020817
BNBUSDT,1653206400000,-7.724e-05
BNBUSDT,1653235200000,-4.143e-05
BNBUSDT,1653264000000,-0.00022355
BNBUSDT,1653292800000,-2.302e-05
BNBUSDT,1653321600000,-5.216e-05
BNBUSDT,1653350400000,-0.00025547
BNBUSDT,1653379200000,-0.00030131
BNBUSDT,1653408000000,-0.00041352
BNBUSDT,1653436800000,0.0
BNBUSDT,1653465600000,0.0
BNBUSDT,1653494400000,-0.00024618
BNBUSDT,1653523200000,-0.00027993
BNBUSDT,1653552000000,-0.00054127
BNBUSDT,1653580800000,-0.00036566
BNBUSDT,1653609600000,-0.00015153
BNBUSDT,1653638400000,-0.00035435
BNBUSDT,1653667200000,-0.00030543
BNBUSDT,1653696000000,-0.00022821
BNBUSDT,1653724800000,-0.00026664
BNBUSDT,1653753600000,-0.00012842
BNBUSDT,1653782400000,-8.242e-05
BNBUSDT,1653811200000,-0.00033464
BNBUSDT,1653840000000,0.0
BNBUSDT,1653868800000,-1.633e-05
BNBUSDT,1653897600000,0.0
BNBUSDT,1653926400000,0.0
BNBUSDT,1653955200000,0.0
BNBUSDT,1653984000000,0.0
BNBUSDT,1654012800000,-5.989e-05
BNBUSDT,1654041600000,0.0
BNBUSDT,1654070400000,0.0
BNBUSDT,1654099200000,0.0
BNBUSDT,1654128000000,-0.00018644
BNBUSDT,1654156800000,-8.944e-05
BNBUSDT,1654185600000,0.0
BNBUSDT,1654214400000,-8.33e-06
BNBUSDT,1654243200000,0.0
BNBUSDT,1654272000000,-0.00023935
BNBUSDT,1654300800000,-0.00019683
BNBUSDT,1654329600000,-4.397e-05
BNBUSDT,1654358400000,-3.91e-05
BNBUSDT,1654387200000,-1.407e-05
BNBUSDT,1654416000000,-0.00023072
BNBUSDT,1654444800000,-0.00015784
BNBUSDT,1654473600000,0.0
BNBUSDT,1654502400000,0.0
BNBUSDT,1654531200000,0.0
BNBUSDT,1654560000000,-0.00034496
BNBUSDT,1654588800000,-0.00035567
BNBUSDT,1654617600000,-0.000146
BNBUSDT,1654646400000,0.0
BNBUSDT,1654675200000,-0.00015306
BNBUSDT,1654704000000,-0.00018711
BNBUSDT,1654732800000,-0.0001229
BNBUSDT,1654761600000,-2.809e-05
BNBUSDT,1654790400000,-2.586e-05
BNBUSDT,1654819200000,-0.00025878
BNBUSDT,1654848000000,0.0
BNBUSDT,1654876800000,-0.00035067
BNBUSDT,1654905600000,-0.0002948
BNBUSDT,1654934400000,-5.073e-05
BNBUSDT,1654963200000,-0.00029442
BNBUSDT,1654992000000,-0.00037884
BNBUSDT,1655020800000,-0.00025545
BNBUSDT,1655049600000,-0.00030561
BNBUSDT,1655078400000,-0.00010959
BNBUSDT,1655107200000,-0.00025385
BNBUSDT,1655136000000,-0.00018928
BNBUSDT,1655164800000,-3.66e-05
BNBUSDT,1655193600000,0.0
BNBUSDT,1655222400000,0.0
BNBUSDT,1655251200000,0.0
BNBUSDT,1655280000000,-0.00033673
BNBUSDT,1655308800000,-0.00011689
BNBUSDT,1655337600000,0.0
BNBUSDT,1655366400000,0.0
BNBUSDT,1655395200000,-4.671e-05
BNBUSDT,1655424000000,-0.00010868
BNBUSDT,1655452800000,0.0
BNBUSDT,1655481600000,-8.487e-05
BNBUSDT,1655510400000,-0.00011676
BNBUSDT,1655539200000,-0.00036897
BNBUSDT,1655568000000,-0.00022303
BNBUSDT,1655596800000,-0.00062237
BNBUSDT,1655625600000,-3.268e-05
BNBUSDT,1655654400000,-0.00013012
BNBUSDT,1655683200000,-0.00011545
BNBUSDT,1655712000000,-0.00022425
BNBUSDT,1655740800000,-0.00013949
BNBUSDT,1655769600000,-5.546e-05
BNBUSDT,1655798400000,-9.008e-05
BNBUSDT,1655827200000,-0.00011405
BNBUSDT,1655856000000,-0.00021005
BNBUSDT,1655884800000,-0.00031961
BNBUSDT,1655913600000,-0.00022236
BNBUSDT,1655942400000,-0.00014812
BNBUSDT,1655971200000,-0.00010648
BNBUSDT,1656000000000,-0.00019147
BNBUSDT,1656028800000,-0.00013465
BNBUSDT,1656057600000,-4.643e-05
BNBUSDT,1656086400000,0.0
BNBUSDT,1656115200000,-0.00010626
BNBUSDT,1656144000000,-0.00015322
BNBUSDT,1656172800000,-0.00011261
BNBUSDT,1656201600000,-0.00013445
BNBUSDT,1656230400000,0.0
BNBUSDT,1656259200000,-9.825e-05
BNBUSDT,1656288000000,-0.00024522
BNBUSDT,1656316800000,-0.00015208
BNBUSDT,1656345600000,-0.00015886
BNBUSDT,1656374400000,-0.00022449
BNBUSDT,1656403200000,-9.105e-05
BNBUSDT,1656432000000,0.0
BNBUSDT,1656460800000,-0.00032369
BNBUSDT,1656489600000,-3.475e-05
BNBUSDT,1656518400000,-0.00025433
BNBUSDT,1656547200000,-0.00013455
BNBUSDT,1656576000000,0.0
BNBUSDT,1656604800000,-0.00029998
BNBUSDT,1656633600000,-0.00017896
BNBUSDT,1656662400000,-1.794e-05
BNBUSDT,1656691200000,0.0
BNBUSDT,1656720000000,-0.00016329
BNBUSDT,1656748800000,-0.00013258
BNBUSDT,1656777600000,-3.906e-05
BNBUSDT,1656806400000,-5.174e-05
BNBUSDT,1656835200000,-4.27e-05
BNBUSDT,1656864000000,-0.0001864
BNBUSDT,1656892800000,0.0
BNBUSDT,1656921600000,-0.00023629
BNBUSDT,1656950400000,0.0
BNBUSDT,1656979200000,0.0
BNBUSDT,1657008000000,-0.0001103
BNBUSDT,1657036800000,-0.00013791
BNBUSDT,1657065600000,-0.00011221
BNBUSDT,1657094400000,0.0
BNBUSDT,1657123200000,-7.686e-05
BNBUSDT,1657152000000,-7.188e-05
BNBUSDT,1657180800000,-4.47e-05
BNBUSDT,1657209600000,-8.13e-05
BNBUSDT,1657238400000,-2.841e-05
BNBUSDT,1657267200000,0.0
BNBUSDT,1657296000000,-0.00014862
BNBUSDT,1657324800000,0.0
BNBUSDT,1657353600000,0.0
BNBUSDT,1657382400000,-0.00011787
BNBUSDT,1657411200000,-1.536e-05
BNBUSDT,1657440000000,-9.812e-05
BNBUSDT,1657468800000,-5.106e-05
BNBUSDT,1657497600000,-0.00010599
BNBUSDT,1657526400000,0.0
BNBUSDT,1657555200000,-3.501e-05
BNBUSDT,1657584000000,-0.00016301
BNBUSDT,1657612800000,-0.00015961
BNBUSDT,1657641600000,-0.00025585
BNBUSDT,1657670400000,-9.412e-05
BNBUSDT,1657699200000,-0.00016626
BNBUSDT,1657728000000,-0.00011396
BNBUSDT,1657756800000,-0.00013749
BNBUSDT,1657785600000,0.0
BNBUSDT,1657814400000,-0.0001166
BNBUSDT,1657843200000,0.0
BNBUSDT,1657872000000,0.0
BNBUSDT,1657900800000,-8.42e-06
BNBUSDT,1657929600000,0.0
BNBUSDT,1657958400000,0.0
BNBUSDT,1657987200000,-2.607e-05
BNBUSDT,1658016000000,0.0
BNBUSDT,1658044800000,0.0
BNBUSDT,1658073600000,0.0
BNBUSDT,1658102400000,0.0
BNBUSDT,1658131200000,0.0
BNBUSDT,1658160000000,0.0
BNBUSDT,1658188800000,0.0
BNBUSDT,1658217600000,0.0
BNBUSDT,1658246400000,0.0
BNBUSDT,1658275200000,0.0
BNBUSDT,1658304000000,0.0
BNBUSDT,1658332800000,-7.38e-06
BNBUSDT,1658361600000,0.0
BNBUSDT,1658390400000,0.0
BNBUSDT,1658419200000,0.0
BNBUSDT,1658448000000,0.0
BNBUSDT,1658476800000,0.0
BNBUSDT,1658505600000,0.0
BNBUSDT,1658534400000,0.0
BNBUSDT,1658563200000,0.0
BNBUSDT,1658592000000,0.0
BNBUSDT,1658620800000,-0.00018212
BNBUSDT,1658649600000,0.0
BNBUSDT,1658678400000,0.0
BNBUSDT,1658707200000,0.0
BNBUSDT,1658736000000,-0.00022869
BNBUSDT,1658764800000,0.0
BNBUSDT,1658793600000,-2.488e-05
BNBUSDT,1658822400000,-0.0001947
BNBUSDT,1658851200000,-0.00010802
BNBUSDT,1658880000000,-9.596e-05
BNBUSDT,1658908800000,0.0
BNBUSDT,1658937600000,0.0
BNBUSDT,1658966400000,0.0
BNBUSDT,1658995200000,0.0
BNBUSDT,1659024000000,0.0
BNBUSDT,1659052800000,0.0
BNBUSDT,1659081600000,0.0
BNBUSDT,1659110400000,0.0
BNBUSDT,1659139200000,4.073e-05
BNBUSDT,1659168000000,0.0
BNBUSDT,1659196800000,0.0
BNBUSDT,1659225600000,0.0
BNBUSDT,1659254400000,0.0
BNBUSDT,1659283200000,0.0
BNBUSDT,1659312000000,0.0
BNBUSDT,1659340800000,0.0
BNBUSDT,1659369600000,0.0
BNBUSDT,1659398400000,0.0
BNBUSDT,1659427200000,0.0
BNBUSDT,1659456000000,0.0
BNBUSDT,1659484800000,0.0
BNBUSDT,1659513600000,0.0
BNBUSDT,1659542400000,0.0
BNBUSDT,1659571200000,0.0
BNBUSDT,1659600000000,0.0
BNBUSDT,1659628800000,0.0
BNBUSDT,1659657600000,0.0
BNBUSDT,1659686400000,0.0
BNBUSDT,1659715200000,0.0
BNBUSDT,1659744000000,0.0
BNBUSDT,1659772800000,0.0
BNBUSDT,1659801600000,0.0
BNBUSDT,1659830400000,0.0
BNBUSDT,1659859200000,0.0
BNBUSDT,1659888000000,0.0
BNBUSDT,1659916800000,0.0
BNBUSDT,1659945600000,0.0
BNBUSDT,1659974400000,0.0
BNBUSDT,1660003200000,-1.892e-05
BNBUSDT,1660032000000,-3.567e-05
BNBUSDT,1660060800000,-4.608e-05
BNBUSDT,1660089600000,0.0
BNBUSDT,1660118400000,0.0
BNBUSDT,1660147200000,0.0
BNBUSDT,1660176000000,0.0
BNBUSDT,1660204800000,0.0
BNBUSDT,1660233600000,-0.00010494
BNBUSDT,1660262400000,-0.00012899
BNBUSDT,1660291200000,0.0
BNBUSDT,1660320000000,0.0
BNBUSDT,1660348800000,0.0
BNBUSDT,1660377600000,0.0
BNBUSDT,1660406400000,0.0
BNBUSDT,1660435200000,-7.018e-05
BNBUSDT,1660464000000,0.0
BNBUSDT,1660492800000,-0.0001024
BNBUSDT,1660521600000,-0.00010191
BNBUSDT,1660550400000,0.0
BNBUSDT,1660579200000,-2.291e-05
BNBUSDT,1660608000000,0.0
BNBUSDT,1660636800000,0.0
BNBUSDT,1660665600000,0.0
BNBUSDT,1660694400000,-7.47e-05
BNBUSDT,1660723200000,0.0
BNBUSDT,1660752000000,0.0
BNBUSDT,1660780800000,-6.488e-05
BNBUSDT,1660809600000,0.0
BNBUSDT,1660838400000,0.0
BNBUSDT,1660867200000,0.0
BNBUSDT,1660896000000,-0.00011474
BNBUSDT,1660924800000,-0.00012774
BNBUSDT,1660953600000,-1.924e-05
BNBUSDT,1660982400000,-0.00022728
BNBUSDT,1661011200000,-0.000166
BNBUSDT,1661040000000,-0.00013636
BNBUSDT,1661068800000,-0.00014148
BNBUSDT,1661097600000,-0.00014032
BNBUSDT,1661126400000,-0.00013977
BNBUSDT,1661155200000,0.0
BNBUSDT,1661184000000,0.0
BNBUSDT,1661212800000,0.0
BNBUSDT,1661241600000,-0.00014627
BNBUSDT,1661270400000,-9.462e-05
BNBUSDT,1661299200000,-4.807e-05
BNBUSDT,1661328000000,-4.245e-05
BNBUSDT,1661356800000,-0.00015685
BNBUSDT,1661385600000,0.0
BNBUSDT,1661414400000,0.0
BNBUSDT,1661443200000,0.0
BNBUSDT,1661472000000,-7.76e-05
BNBUSDT,1661500800000,-0.00016224
BNBUSDT,1661529600000,-0.00019433
BNBUSDT,1661558400000,-0.00028892
BNBUSDT,1661587200000,-0.00017703
BNBUSDT,1661616000000,-8.358e-05
BNBUSDT,1661644800000,-7.405e-05
BNBUSDT,1661673600000,-0.00012025
BNBUSDT,1661702400000,-3.464e-05
BNBUSDT,1661731200000,-0.00018805
BNBUSDT,1661760000000,-0.00011708
BNBUSDT,1661788800000,-6.241e-05
BNBUSDT,1661817600000,-7.165e-05
BNBUSDT,1661846400000,-7.661e-05
BNBUSDT,1661875200000,0.0
BNBUSDT,1661904000000,-0.00019462
BNBUSDT,1661932800000,0.0
BNBUSDT,1661961600000,0.0
BNBUSDT,1661990400000,-0.000167
BNBUSDT,1662019200000,-3.463e-05
BNBUSDT,1662048000000,-0.00019065
BNBUSDT,1662076800000,-0.00022746
BNBUSDT,1662105600000,-6.39e-06
BNBUSDT,1662134400000,0.0
BNBUSDT,1662163200000,-0.00021426
BNBUSDT,1662192000000,-6.499e-05
BNBUSDT,1662220800000,-1.442e-05
BNBUSDT,1662249600000,0.0
BNBUSDT,1662278400000,-4.283e-05
BNBUSDT,1662307200000,-6.369e-05
BNBUSDT,1662336000000,-1.282e-05
BNBUSDT,1662364800000,-0.00010529
BNBUSDT,1662393600000,-9.3e-05
BNBUSDT,1662422400000,-1.297e-05
BNBUSDT,1662451200000,0.0
BNBUSDT,1662480000000,0.0
BNBUSDT,1662508800000,-0.00054733
BNBUSDT,1662537600000,-0.0003075
BNBUSDT,1662566400000,-7.979e-05
BNBUSDT,1662595200000,0.0
BNBUSDT,1662624000000,0.0
BNBUSDT,1662652800000,0.0
BNBUSDT,1662681600000,0.0
BNBUSDT,1662710400000,0.0
BNBUSDT,1662739200000,0.0
BNBUSDT,1662768000000,0.0
BNBUSDT,1662796800000,0.0
BNBUSDT,1662825600000,0.0
BNBUSDT,1662854400000,0.0
BNBUSDT,1662883200000,0.0
BNBUSDT,1662912000000,0.0
BNBUSDT,1662940800000,0.0
BNBUSDT,1662969600000,-7e-07
BNBUSDT,1662998400000,0.0
BNBUSDT,1663027200000,-2.993e-05
BNBUSDT,1663056000000,-4.19e-06
BNBUSDT,1663084800000,-5.975e-05
BNBUSDT,1663113600000,-0.00022918
BNBUSDT,1663142400000,-9.042e-05
BNBUSDT,1663171200000,-4.776e-05
BNBUSDT,1663200000000,-8.768e-05
BNBUSDT,1663228800000,-0.00014425
BNBUSDT,1663257600000,-0.00020751
BNBUSDT,1663286400000,-0.0001216
BNBUSDT,1663315200000,-8.39e-05
BNBUSDT,1663344000000,-6.916e-05
BNBUSDT,1663372800000,-0.00011341
BNBUSDT,1663401600000,-3.768e-05
BNBUSDT,1663430400000,-5.159e-05
BNBUSDT,1663459200000,-0.00016986
BNBUSDT,1663488000000,-0.00015136
BNBUSDT,1663516800000,-7.379e-05
BNBUSDT,1663545600000,-0.00015207
BNBUSDT,1663574400000,-0.00029681
BNBUSDT,1663603200000,-0.00017649
BNBUSDT,1663632000000,-8.278e-05
BNBUSDT,1663660800000,-4.635e-05
BNBUSDT,1663689600000,-2.216e-05
BNBUSDT,1663718400000,-1.148e-05
BNBUSDT,1663747200000,-2.202e-05
BNBUSDT,1663776000000,0.0
BNBUSDT,1663804800000,-0.00027637
BNBUSDT,1663833600000,-0.00017379
BNBUSDT,1663862400000,0.0
BNBUSDT,1663891200000,-5.383e-05
BNBUSDT,1663920000000,-8.149e-05
BNBUSDT,1663948800000,0.0
BNBUSDT,1663977600000,-9.65e-06
BNBUSDT,1664006400000,0.0
BNBUSDT,1664035200000,0.0
BNBUSDT,1664064000000,0.0
BNBUSDT,1664092800000,-6.67e-05
BNBUSDT,1664121600000,0.0
BNBUSDT,1664150400000,-0.00010467
BNBUSDT,1664179200000,-1.654e-05
BNBUSDT,1664208000000,0.0
BNBUSDT,1664236800000,0.0
BNBUSDT,1664265600000,0.0
BNBUSDT,1664294400000,0.0
BNBUSDT,1664323200000,-0.00031512
BNBUSDT,1664352000000,-6.869e-05
BNBUSDT,1664380800000,-4.871e-05
BNBUSDT,1664409600000,0.0
BNBUSDT,1664438400000,0.0
BNBUSDT,1664467200000,0.0
BNBUSDT,1664496000000,0.0
BNBUSDT,1664524800000,0.0
BNBUSDT,1664553600000,0.0
BNBUSDT,1664582400000,0.0
BNBUSDT,1664611200000,0.0
BNBUSDT,1664640000000,0.0
BNBUSDT,1664668800000,-6.003e-05
BNBUSDT,1664697600000,-5.527e-05
BNBUSDT,1664726400000,-2.465e-05
BNBUSDT,1664755200000,0.0
BNBUSDT,1664784000000,0.0
BNBUSDT,1664812800000,0.0
BNBUSDT,1664841600000,-1.955e-05
BNBUSDT,1664870400000,0.0
BNBUSDT,1664899200000,0.0
BNBUSDT,1664928000000,-2.347e-05
BNBUSDT,1664956800000,0.0
BNBUSDT,1664985600000,0.0
BNBUSDT,1665014400000,0.0
BNBUSDT,1665043200000,0.0
BNBUSDT,1665072000000,0.0
BNBUSDT,1665100800000,-3.379e-05
BNBUSDT,1665129600000,-0.00010927
BNBUSDT,1665158400000,0.0
BNBUSDT,1665187200000,0.0
BNBUSDT,1665216000000,0.0
BNBUSDT,1665244800000,0.0
BNBUSDT,1665273600000,0.0
BNBUSDT,1665302400000,0.0
BNBUSDT,1665331200000,0.0
BNBUSDT,1665360000000,0.0
BNBUSDT,1665388800000,0.0
BNBUSDT,1665417600000,0.0
BNBUSDT,1665446400000,0.0
BNBUSDT,1665475200000,0.0
BNBUSDT,1665504000000,0.0
BNBUSDT,1665532800000,0.0
BNBUSDT,1665561600000,0.0
BNBUSDT,1665590400000,0.0
BNBUSDT,1665619200000,0.0
BNBUSDT,1665648000000,0.0
BNBUSDT,1665676800000,-0.00017328
BNBUSDT,1665705600000,-1.116e-05
BNBUSDT,1665734400000,0.0
BNBUSDT,1665763200000,-2.648e-05
BNBUSDT,1665792000000,-7.23e-06
BNBUSDT,1665820800000,-4.33e-05
BNBUSDT,1665849600000,-2.775e-05
BNBUSDT,1665878400000,0.0
BNBUSDT,1665907200000,-9.323e-05
BNBUSDT,1665936000000,0.0
BNBUSDT,1665964800000,-1.764e-05
BNBUSDT,1665993600000,0.0
BNBUSDT,1666022400000,-7.816e-05
BNBUSDT,1666051200000,0.0
BNBUSDT,1666080000000,-3.61e-06
BNBUSDT,1666108800000,-8.7e-05
BNBUSDT,1666137600000,0.0
BNBUSDT,1666166400000,0.0
BNBUSDT,1666195200000,0.0
BNBUSDT,1666224000000,0.0
BNBUSDT,1666252800000,0.0
BNBUSDT,1666281600000,0.0
BNBUSDT,1666310400000,-6.72e-06
BNBUSDT,1666339200000,-8.495e-05
BNBUSDT,1666368000000,-0.00013025
BNBUSDT,1666396800000,-4.594e-05
BNBUSDT,1666425600000,-0.00011472
BNBUSDT,1666454400000,-0.00018136
BNBUSDT,1666483200000,0.0
BNBUSDT,1666512000000,-0.00015971
BNBUSDT,1666540800000,-8.87e-06
BNBUSDT,1666569600000,0.0
BNBUSDT,1666598400000,0.0
BNBUSDT,1666627200000,-5.435e-05
BNBUSDT,1666656000000,0.0
BNBUSDT,1666684800000,0.0
BNBUSDT,1666713600000,-7.74e-06
BNBUSDT,1666742400000,0.0
BNBUSDT,1666771200000,0.0
BNBUSDT,1666800000000,-7.773e-05
BNBUSDT,1666828800000,-3.774e-05
BNBUSDT,1666857600000,0.0
BNBUSDT,1666886400000,0.0
BNBUSDT,1666915200000,-2.242e-05
BNBUSDT,1666944000000,0.0
BNBUSDT,1666972800000,0.0
BNBUSDT,1667001600000,0.0
BNBUSDT,1667030400000,0.0
BNBUSDT,1667059200000,0.0
BNBUSDT,1667088000000,0.0
BNBUSDT,1667116800000,0.0
BNBUSDT,1667145600000,0.0
BNBUSDT,1667174400000,0.0
BNBUSDT,1667203200000,0.0
BNBUSDT,1667232000000,0.0
BNBUSDT,1667260800000,-0.00022122
BNBUSDT,1667289600000,-7.476e-05
BNBUSDT,1667318400000,-1.068e-05
BNBUSDT,1667347200000,-0.00015035
BNBUSDT,1667376000000,-0.00018741
BNBUSDT,1667404800000,-0.00010047
BNBUSDT,1667433600000,-0.00024064
BNBUSDT,1667462400000,0.0
BNBUSDT,1667491200000,0.0
BNBUSDT,1667520000000,-0.00026514
BNBUSDT,1667548800000,-0.00015694
BNBUSDT,1667577600000,0.0
BNBUSDT,1667606400000,-0.00011505
BNBUSDT,1667635200000,-0.00033461
BNBUSDT,1667664000000,0.0
BNBUSDT,1667692800000,-0.00013208
BNBUSDT,1667721600000,-1.095e-05
BNBUSDT,1667750400000,0.0
BNBUSDT,1667779200000,0.0
BNBUSDT,1667808000000,0.0
BNBUSDT,1667836800000,0.0
BNBUSDT,1667865600000,0.0
BNBUSDT,1667894400000,-0.00086736
BNBUSDT,1667923200000,-9.108e-05
BNBUSDT,1667952000000,-0.00038784
BNBUSDT,1667980800000,-0.0002085
BNBUSDT,1668009600000,-0.00016051
BNBUSDT,1668038400000,-0.00075379
BNBUSDT,1668067200000,-0.00108601
BNBUSDT,1668096000000,-0.00101303
BNBUSDT,1668124800000,-6.721e-05
BNBUSDT,1668153600000,-0.00012043
BNBUSDT,1668182400000,0.0
BNBUSDT,1668211200000,0.0
BNBUSDT,1668240000000,-0.00049627
BNBUSDT,1668268800000,0.0
BNBUSDT,1668297600000,-0.00020827
BNBUSDT,1668326400000,-0.00024517
BNBUSDT,1668355200000,0.0
BNBUSDT,1668384000000,0.0
BNBUSDT,1668412800000,-5.498e-05
BNBUSDT,1668441600000,0.0
BNBUSDT,1668470400000,-1.388e-05
BNBUSDT,1668499200000,0.0
BNBUSDT,1668528000000,0.0
BNBUSDT,1668556800000,0.0
BNBUSDT,1668585600000,0.0
BNBUSDT,1668614400000,0.0
BNBUSDT,1668643200000,0.0
BNBUSDT,1668672000000,0.0
BNBUSDT,1668700800000,0.0
BNBUSDT,1668729600000,0.0
BNBUSDT,1668758400000,-8.914e-05
BNBUSDT,1668787200000,-3.688e-05
BNBUSDT,1668816000000,0.0
BNBUSDT,1668844800000,0.0
BNBUSDT,1668873600000,0.0
BNBUSDT,1668902400000,0.0
BNBUSDT,1668931200000,0.0
BNBUSDT,1668960000000,-3.401e-05
BNBUSDT,1668988800000,0.0
BNBUSDT,1669017600000,0.0
BNBUSDT,1669046400000,0.0
BNBUSDT,1669075200000,-8.432e-05
BNBUSDT,1669104000000,0.0
BNBUSDT,1669132800000,0.0
BNBUSDT,1669161600000,0.0
BNBUSDT,1669190400000,0.0
BNBUSDT,1669219200000,-0.00089682
BNBUSDT,1669248000000,-0.00100198
BNBUSDT,1669276800000,-0.00107431
BNBUSDT,1669305600000,-0.00101344
BNBUSDT,1669334400000,-0.00105799
BNBUSDT,1669363200000,-0.0008592
BNBUSDT,1669392000000,-0.0014554
BNBUSDT,1669420800000,-0.00124842
BNBUSDT,1669449600000,-0.00019936
BNBUSDT,1669478400000,-0.00032896
BNBUSDT,1669507200000,-0.00062761
BNBUSDT,1669536000000,-0.00055863
BNBUSDT,1669564800000,-0.00064417
BNBUSDT,1669593600000,-0.00083112
BNBUSDT,1669622400000,-0.00081517
BNBUSDT,1669651200000,-0.00092201
BNBUSDT,1669680000000,-0.00036103
BNBUSDT,1669708800000,-0.00016312
BNBUSDT,1669737600000,-0.00021615
BNBUSDT,1669766400000,-0.00022113
BNBUSDT,1669795200000,-0.00066434
BNBUSDT,1669824000000,-0.00079031
BNBUSDT,1669852800000,-0.00094938
BNBUSDT,1669881600000,-0.00149717
BNBUSDT,1669910400000,-0.0002155
BNBUSDT,1669939200000,0.0
BNBUSDT,1669968000000,0.0
BNBUSDT,1669996800000,0.0
BNBUSDT,1670025600000,0.0
BNBUSDT,1670054400000,0.0
BNBUSDT,1670083200000,0.0
BNBUSDT,1670112000000,0.0
BNBUSDT,1670140800000,0.0
BNBUSDT,1670169600000,0.0
BNBUSDT,1670198400000,0.0
BNBUSDT,1670227200000,0.0
BNBUSDT,1670256000000,0.0
BNBUSDT,1670284800000,0.0
BNBUSDT,1670313600000,0.0
BNBUSDT,1670342400000,0.0
BNBUSDT,1670371200000,0.0
BNBUSDT,1670400000000,0.0
BNBUSDT,1670428800000,0.0
BNBUSDT,1670457600000,0.0
BNBUSDT,1670486400000,0.0
BNBUSDT,1670515200000,0.0
BNBUSDT,1670544000000,0.0
BNBUSDT,1670572800000,0.0
BNBUSDT,1670601600000,0.0
BNBUSDT,1670630400000,0.0
BNBUSDT,1670659200000,0.0
BNBUSDT,1670688000000,0.0
BNBUSDT,1670716800000,0.0
BNBUSDT,1670745600000,0.0
BNBUSDT,1670774400000,0.0
BNBUSDT,1670803200000,0.0
BNBUSDT,1670832000000,0.0
BNBUSDT,1670860800000,0.0
BNBUSDT,1670889600000,0.0
BNBUSDT,1670918400000,0.0
BNBUSDT,1670947200000,0.0
BNBUSDT,1670976000000,2.88e-05
BNBUSDT,1671004800000,3.56e-05
BNBUSDT,1671033600000,0.0
BNBUSDT,1671062400000,0.0
BNBUSDT,1671091200000,0.0
BNBUSDT,1671120000000,0.0
BNBUSDT,1671148800000,0.0
BNBUSDT,1671177600000,0.0
BNBUSDT,1671206400000,-2.001e-05
BNBUSDT,1671235200000,-0.00073517
BNBUSDT,1671264000000,-0.00115398
BNBUSDT,1671292800000,-0.00078563
BNBUSDT,1671321600000,-0.0002971
BNBUSDT,1671350400000,-0.0010605
BNBUSDT,1671379200000,-0.00035846
BNBUSDT,1671408000000,-0.00083635
BNBUSDT,1671436800000,-0.00062904
BNBUSDT,1671465600000,-0.00037954
BNBUSDT,1671494400000,-1.126e-05
BNBUSDT,1671523200000,-0.00014553
BNBUSDT,1671552000000,-0.00018714
BNBUSDT,1671580800000,-0.0001895
BNBUSDT,1671609600000,-0.00016441
BNBUSDT,1671638400000,-9.578e-05
BNBUSDT,1671667200000,-0.00020175
BNBUSDT,1671696000000,-0.00037556
BNBUSDT,1671724800000,-0.00018387
BNBUSDT,1671753600000,-6.874e-05
BNBUSDT,1671782400000,0.0
BNBUSDT,1671811200000,-0.0001583
BNBUSDT,1671840000000,-8.702e-05
BNBUSDT,1671868800000,-0.00019326
BNBUSDT,1671897600000,-0.00017502
BNBUSDT,1671926400000,-0.00027056
BNBUSDT,1671955200000,-0.00021289
BNBUSDT,1671984000000,-0.00023132
BNBUSDT,1672012800000,-1.749e-05
BNBUSDT,1672041600000,0.0
BNBUSDT,1672070400000,-3.502e-05
BNBUSDT,1672099200000,0.0
BNBUSDT,1672128000000,0.0
BNBUSDT,1672156800000,0.0
BNBUSDT,1672185600000,0.0
BNBUSDT,1672214400000,-6.104e-05
BNBUSDT,1672243200000,-8.213e-05
BNBUSDT,1672272000000,-3.707e-05
BNBUSDT,1672300800000,-3.846e-05
BNBUSDT,1672329600000,0.0
BNBUSDT,1672358400000,-3.597e-05
BNBUSDT,1672387200000,-0.00010921
BNBUSDT,1672416000000,-2.319e-05
BNBUSDT,1672444800000,0.0
BNBUSDT,1672473600000,0.0
BNBUSDT,1672502400000,0.0
BNBUSDT,1672531200000,-1.05e-05
BNBUSDT,1672560000000,0.0
BNBUSDT,1672588800000,0.0
BNBUSDT,1672617600000,0.0
BNBUSDT,1672646400000,0.0
BNBUSDT,1672675200000,-7.526e-05
BNBUSDT,1672704000000,-9.889e-05
BNBUSDT,1672732800000,-5.595e-05
BNBUSDT,1672761600000,0.0
BNBUSDT,1672790400000,0.0
BNBUSDT,1672819200000,0.0
BNBUSDT,1672848000000,0.0
BNBUSDT,1672876800000,-0.00042886
BNBUSDT,1672905600000,-0.00041485
BNBUSDT,1672934400000,-0.00034445
BNBUSDT,1672963200000,-0.00035232
BNBUSDT,1672992000000,-0.00014715
BNBUSDT,1673020800000,-0.00021562
BNBUSDT,1673049600000,-0.00022972
BNBUSDT,1673078400000,-0.00019772
BNBUSDT,1673107200000,-0.00023691
BNBUSDT,1673136000000,-0.00042242
BNBUSDT,1673164800000,-0.00011035
BNBUSDT,1673193600000,0.0
BNBUSDT,1673222400000,-5.51e-05
BNBUSDT,1673251200000,0.0
BNBUSDT,1673280000000,0.0
BNBUSDT,1673308800000,0.0
BNBUSDT,1673337600000,0.0
BNBUSDT,1673366400000,-1.944e-05
BNBUSDT,1673395200000,-0.00033078
BNBUSDT,1673424000000,-0.00010219
BNBUSDT,1673452800000,-9.478e-05
BNBUSDT,1673481600000,-7.73e-06
BNBUSDT,1673510400000,0.0
BNBUSDT,1673539200000,0.0
BNBUSDT,1673568000000,-0.00030273
BNBUSDT,1673596800000,-0.00013437
BNBUSDT,1673625600000,-9.937e-05
BNBUSDT,1673654400000,0.0
BNBUSDT,1673683200000,0.00035334
BNBUSDT,1673712000000,0.0001184
BNBUSDT,1673740800000,9.249e-05
BNBUSDT,1673769600000,0.0
BNBUSDT,1673798400000,0.0
BNBUSDT,1673827200000,0.0
BNBUSDT,1673856000000,0.0
BNBUSDT,1673884800000,0.0
BNBUSDT,1673913600000,0.0
BNBUSDT,1673942400000,0.0
BNBUSDT,1673971200000,0.0
BNBUSDT,1674000000000,0.0
BNBUSDT,1674028800000,0.0
BNBUSDT,1674057600000,0.0
BNBUSDT,1674086400000,-9.679e-05
BNBUSDT,1674115200000,-0.00021146
BNBUSDT,1674144000000,0.0
BNBUSDT,1674172800000,-7.95e-06
BNBUSDT,1674201600000,0.0
BNBUSDT,1674230400000,0.0
BNBUSDT,1674259200000,5.639e-05
BNBUSDT,1674288000000,0.000182
BNBUSDT,1674316800000,5.417e-05
BNBUSDT,1674345600000,0.0
BNBUSDT,1674374400000,0.00015982
BNBUSDT,1674403200000,0.00010198
BNBUSDT,1674432000000,5.355e-05
BNBUSDT,1674460800000,8.039e-05
BNBUSDT,1674489600000,7.383e-05
BNBUSDT,1674518400000,0.00015492
BNBUSDT,1674547200000,0.00022386
BNBUSDT,1674576000000,0.00017116
BNBUSDT,1674604800000,0.0
BNBUSDT,1674633600000,0.0
BNBUSDT,1674662400000,0.0
BNBUSDT,1674691200000,0.0
BNBUSDT,1674720000000,0.0
BNBUSDT,1674748800000,0.0
BNBUSDT,1674777600000,0.0
BNBUSDT,1674806400000,0.0
BNBUSDT,1674835200000,0.0
BNBUSDT,1674864000000,0.0
BNBUSDT,1674892800000,0.0
BNBUSDT,1674921600000,0.0
BNBUSDT,1674950400000,0.0
BNBUSDT,1674979200000,0.0
BNBUSDT,1675008000000,0.0
BNBUSDT,1675036800000,0.0
BNBUSDT,1675065600000,2.222e-05
BNBUSDT,1675094400000,0.0
BNBUSDT,1675123200000,0.0
BNBUSDT,1675152000000,0.0
BNBUSDT,1675180800000,0.0
BNBUSDT,1675209600000,0.0
BNBUSDT,1675238400000,0.0
BNBUSDT,1675267200000,0.0
BNBUSDT,1675296000000,3.463e-05
BNBUSDT,1675324800000,0.00054212
BNBUSDT,1675353600000,0.00017099
BNBUSDT,1675382400000,0.00014265
BNBUSDT,1675411200000,7.717e-05
BNBUSDT,1675440000000,4.762e-05
BNBUSDT,1675468800000,0.0
BNBUSDT,1675497600000,6.947e-05
BNBUSDT,1675526400000,4.705e-05
BNBUSDT,1675555200000,0.0
BNBUSDT,1675584000000,0.0
BNBUSDT,1675612800000,0.0
BNBUSDT,1675641600000,0.0
BNBUSDT,1675670400000,0.0
BNBUSDT,1675699200000,0.0
BNBUSDT,1675728000000,0.0
BNBUSDT,1675756800000,0.0
BNBUSDT,1675785600000,0.0
BNBUSDT,1675814400000,0.0
BNBUSDT,1675843200000,0.0
BNBUSDT,1675872000000,0.0
BNBUSDT,1675900800000,0.0
BNBUSDT,1675929600000,0.0
BNBUSDT,1675958400000,0.0
BNBUSDT,1675987200000,0.0
BNBUSDT,1676016000000,0.0
BNBUSDT,1676044800000,-7.142e-05
BNBUSDT,1676073600000,-0.00023045
BNBUSDT,1676102400000,-0.00025716
BNBUSDT,1676131200000,-0.00017915
BNBUSDT,1676160000000,-0.00010795
BNBUSDT,1676188800000,-0.00030295
BNBUSDT,1676217600000,-0.0002616
BNBUSDT,1676246400000,-9.963e-05
BNBUSDT,1676275200000,-0.00011284
BNBUSDT,1676304000000,-0.00029629
BNBUSDT,1676332800000,-0.0001924
BNBUSDT,1676361600000,-1.819e-05
BNBUSDT,1676390400000,-7.739e-05
BNBUSDT,1676419200000,-0.00021143
BNBUSDT,1676448000000,-9.915e-05
BNBUSDT,1676476800000,-7.066e-05
BNBUSDT,1676505600000,0.0
BNBUSDT,1676534400000,0.0
BNBUSDT,1676563200000,5.284e-05
BNBUSDT,1676592000000,0.0
BNBUSDT,1676620800000,-8.97e-06
BNBUSDT,1676649600000,0.0
BNBUSDT,1676678400000,0.0
BNBUSDT,1676707200000,0.0
BNBUSDT,1676736000000,0.0
BNBUSDT,1676764800000,0.0
BNBUSDT,1676793600000,0.0
BNBUSDT,1676822400000,0.0
BNBUSDT,1676851200000,0.0
BNBUSDT,1676880000000,0.0
BNBUSDT,1676908800000,0.0
BNBUSDT,1676937600000,0.0
BNBUSDT,1676966400000,-3.791e-05
BNBUSDT,1676995200000,-4.808e-05
BNBUSDT,1677024000000,0.0
BNBUSDT,1677052800000,-3.36e-06
BNBUSDT,1677081600000,-0.00012206
BNBUSDT,1677110400000,0.0
BNBUSDT,1677139200000,0.0
BNBUSDT,1677168000000,0.0
BNBUSDT,1677196800000,-7.966e-05
BNBUSDT,1677225600000,0.0
BNBUSDT,1677254400000,0.0
BNBUSDT,1677283200000,-4.132e-05
BNBUSDT,1677312000000,-8.665e-05
BNBUSDT,1677340800000,-7.937e-05
BNBUSDT,1677369600000,-0.00014702
BNBUSDT,1677398400000,-0.00014221
BNBUSDT,1677427200000,-0.00012253
BNBUSDT,1677456000000,0.0
BNBUSDT,1677484800000,-2.797e-05
BNBUSDT,1677513600000,0.0
BNBUSDT,1677542400000,-0.00011827
BNBUSDT,1677571200000,-9.561e-05
BNBUSDT,1677600000000,0.0
BNBUSDT,1677628800000,-0.00025319
BNBUSDT,1677657600000,0.0
BNBUSDT,1677686400000,0.0
BNBUSDT,1677715200000,0.0
BNBUSDT,1677744000000,-0.00023545
BNBUSDT,1677772800000,-0.00028051
BNBUSDT,1677801600000,-2.961e-05
BNBUSDT,1677830400000,-8.625e-05
BNBUSDT,1677859200000,-2.007e-05
BNBUSDT,1677888000000,-3.295e-05
BNBUSDT,1677916800000,-9.138e-05
BNBUSDT,1677945600000,-0.00019281
BNBUSDT,1677974400000,-9.205e-05
BNBUSDT,1678003200000,0.0
BNBUSDT,1678032000000,0.0
BNBUSDT,1678060800000,-3.967e-05
BNBUSDT,1678089600000,0.0
BNBUSDT,1678118400000,-0.00012179
BNBUSDT,1678147200000,-0.0002088
BNBUSDT,1678176000000,-1.876e-05
BNBUSDT,1678204800000,-0.00021496
BNBUSDT,1678233600000,0.0
BNBUSDT,1678262400000,0.0
BNBUSDT,1678291200000,0.0
BNBUSDT,1678320000000,0.0
BNBUSDT,1678348800000,0.0
BNBUSDT,1678377600000,0.0
BNBUSDT,1678406400000,-0.00027317
BNBUSDT,1678435200000,-0.00025155
BNBUSDT,1678464000000,-0.00018076
BNBUSDT,1678492800000,-0.0001812
BNBUSDT,1678521600000,-0.0006044
BNBUSDT,1678550400000,-0.0003423
BNBUSDT,1678579200000,0.0
BNBUSDT,1678608000000,0.0
BNBUSDT,1678636800000,-8.385e-05
BNBUSDT,1678665600000,0.0
BNBUSDT,1678694400000,0.0
BNBUSDT,1678723200000,0.0
BNBUSDT,1678752000000,0.0
BNBUSDT,1678780800000,0.0
BNBUSDT,1678809600000,7.236e-05
BNBUSDT,1678838400000,0.00012216
BNBUSDT,1678867200000,0.00010347
BNBUSDT,1678896000000,0.0
BNBUSDT,1678924800000,0.0
BNBUSDT,1678953600000,9.329e-05
BNBUSDT,1678982400000,0.0
BNBUSDT,1679011200000,-0.00117649
BNBUSDT,1679040000000,-0.00059238
BNBUSDT,1679068800000,-0.00094597
BNBUSDT,1679097600000,-0.00129796
BNBUSDT,1679126400000,-0.00099191
BNBUSDT,1679155200000,-0.00071668
BNBUSDT,1679184000000,-0.00200114
BNBUSDT,1679212800000,-0.00122518
BNBUSDT,1679241600000,-0.00132398
BNBUSDT,1679270400000,-0.00208684
BNBUSDT,1679299200000,-0.00172668
BNBUSDT,1679328000000,-0.00096625
BNBUSDT,1679356800000,-0.00074486
BNBUSDT,1679385600000,-0.00138266
BNBUSDT,1679414400000,-0.00128311
BNBUSDT,1679443200000,-0.00197057
BNBUSDT,1679472000000,-0.00162299
BNBUSDT,1679500800000,-5.565e-05
BNBUSDT,1679529600000,-0.00013572
BNBUSDT,1679558400000,0.0
BNBUSDT,1679587200000,-7.012e-05
BNBUSDT,1679616000000,-0.00048065
BNBUSDT,1679644800000,-0.00022313
BNBUSDT,1679673600000,0.0
BNBUSDT,1679702400000,-0.00010615
BNBUSDT,1679731200000,-0.0001152
BNBUSDT,1679760000000,-2.817e-05
BNBUSDT,1679788800000,-0.0001002
BNBUSDT,1679817600000,0.0
BNBUSDT,1679846400000,0.0
BNBUSDT,1679875200000,-7.754e-05
BNBUSDT,1679904000000,-0.00022919
BNBUSDT,1679932800000,-0.00051772
BNBUSDT,1679961600000,-0.00070515
BNBUSDT,1679990400000,-0.00010119
BNBUSDT,1680019200000,0.0
BNBUSDT,1680048000000,-6.976e-05
BNBUSDT,1680076800000,0.0
BNBUSDT,1680105600000,-2.235e-05
BNBUSDT,1680134400000,0.0
BNBUSDT,1680163200000,-4.867e-05
BNBUSDT,1680192000000,-0.00012381
BNBUSDT,1680220800000,-0.00035389
BNBUSDT,1680249600000,-0.00038577
BNBUSDT,1680278400000,-0.00014589
BNBUSDT,1680307200000,-0.00079807
BNBUSDT,1680336000000,-0.00018883
BNBUSDT,1680364800000,-4.123e-05
BNBUSDT,1680393600000,-0.00029164
BNBUSDT,1680422400000,-0.00021911
BNBUSDT,1680451200000,-0.00014268
BNBUSDT,1680480000000,-0.0004329
BNBUSDT,1680508800000,-2.311e-05
BNBUSDT,1680537600000,-0.00020305
BNBUSDT,1680566400000,-0.00067885
BNBUSDT,1680595200000,-7.503e-05
BNBUSDT,1680624000000,0.0
BNBUSDT,1680652800000,0.0
BNBUSDT,1680681600000,0.0
BNBUSDT,1680710400000,0.0
BNBUSDT,1680739200000,0.0
BNBUSDT,1680768000000,0.0
BNBUSDT,1680796800000,0.0
BNBUSDT,1680825600000,-0.0001102
BNBUSDT,1680854400000,-0.00034537
BNBUSDT,1680883200000,-5.462e-05
BNBUSDT,1680912000000,-5.522e-05
BNBUSDT,1680940800000,0.0
BNBUSDT,1680969600000,0.0
BNBUSDT,1680998400000,0.0
BNBUSDT,1681027200000,0.0
BNBUSDT,1681056000000,0.0
BNBUSDT,1681084800000,0.0
BNBUSDT,1681113600000,0.0
BNBUSDT,1681142400000,0.0
BNBUSDT,1681171200000,-0.00012022
BNBUSDT,1681200000000,7.404e-05
BNBUSDT,1681228800000,2.76e-05
BNBUSDT,1681257600000,0.0
BNBUSDT,1681286400000,0.0
BNBUSDT,1681315200000,0.0
BNBUSDT,1681344000000,0.0
BNBUSDT,1681372800000,0.0
BNBUSDT,1681401600000,1.014e-05
BNBUSDT,1681430400000,1.185e-05
BNBUSDT,1681459200000,0.0002423
BNBUSDT,1681488000000,5.877e-05
BNBUSDT,1681516800000,0.0
BNBUSDT,1681545600000,3.5e-06
BNBUSDT,1681574400000,0.00030622
BNBUSDT,1681603200000,6.872e-05
BNBUSDT,1681632000000,9.232e-05
BNBUSDT,1681660800000,0.00045468
BNBUSDT,1681689600000,0.0002929
BNBUSDT,1681718400000,0.000243
BNBUSDT,1681747200000,0.00023012
BNBUSDT,1681776000000,0.00023453
BNBUSDT,1681804800000,7.434e-05
BNBUSDT,1681833600000,0.0
BNBUSDT,1681862400000,0.0
BNBUSDT,1681891200000,0.0
BNBUSDT,1681920000000,0.0
BNBUSDT,1681948800000,0.0
BNBUSDT,1681977600000,0.0
BNBUSDT,1682006400000,0.0
BNBUSDT,1682035200000,0.0
BNBUSDT,1682064000000,0.0
BNBUSDT,1682092800000,-0.00010197
BNBUSDT,1682121600000,-0.0001808
BNBUSDT,1682150400000,-0.00039367
BNBUSDT,1682179200000,-8.421e-05
BNBUSDT,1682208000000,-0.00047608
BNBUSDT,1682236800000,-0.00050601
BNBUSDT,1682265600000,-0.00073647
BNBUSDT,1682294400000,-0.00032731
BNBUSDT,1682323200000,-0.00079834
BNBUSDT,1682352000000,-0.00089166
BNBUSDT,1682380800000,-0.00079578
BNBUSDT,1682409600000,-0.00102839
BNBUSDT,1682438400000,-0.00083442
BNBUSDT,1682467200000,-0.00065033
BNBUSDT,1682496000000,-0.0005485
BNBUSDT,1682524800000,-0.0005203
BNBUSDT,1682553600000,-0.00116648
BNBUSDT,1682582400000,-0.00064239
BNBUSDT,1682611200000,-0.00070822
BNBUSDT,1682640000000,-0.00101999
BNBUSDT,1682668800000,-0.00194664
BNBUSDT,1682697600000,0.0
BNBUSDT,1682726400000,-0.00011978
BNBUSDT,1682755200000,0.0
BNBUSDT,1682784000000,-0.00018576
BNBUSDT,1682812800000,-0.00012369
BNBUSDT,1682841600000,0.0
BNBUSDT,1682870400000,0.0
BNBUSDT,1682899200000,-0.00105825
BNBUSDT,1682928000000,-0.00094339
BNBUSDT,1682956800000,-0.00120421
BNBUSDT,1682985600000,-0.00149947
BNBUSDT,1683014400000,-0.00126006
BNBUSDT,1683043200000,-0.00119084
BNBUSDT,1683072000000,-0.00146523
BNBUSDT,1683100800000,0.0
BNBUSDT,1683129600000,0.0
BNBUSDT,1683158400000,0.0
BNBUSDT,1683187200000,0.0
BNBUSDT,1683216000000,-2.435e-05
BNBUSDT,1683244800000,0.0
BNBUSDT,1683273600000,-4.602e-05
BNBUSDT,1683302400000,0.0
BNBUSDT,1683331200000,-8.753e-05
BNBUSDT,1683360000000,-6.943e-05
BNBUSDT,1683388800000,-0.00027804
BNBUSDT,1683417600000,-7.751e-05
BNBUSDT,1683446400000,-4.936e-05
BNBUSDT,1683475200000,-0.00010733
BNBUSDT,1683504000000,-0.00010221
BNBUSDT,1683532800000,-0.00035917
BNBUSDT,1683561600000,-0.00025582
BNBUSDT,1683590400000,-0.00022409
BNBUSDT,1683619200000,-0.00036709
BNBUSDT,1683648000000,-0.00032443
BNBUSDT,1683676800000,-8.759e-05
BNBUSDT,1683705600000,-4.315e-05
BNBUSDT,1683734400000,-0.00058032
BNBUSDT,1683763200000,-3.111e-05
BNBUSDT,1683792000000,0.0
BNBUSDT,1683820800000,-0.00028224
BNBUSDT,1683849600000,-0.00036925
BNBUSDT,1683878400000,0.0
BNBUSDT,1683907200000,-8.151e-05
BNBUSDT,1683936000000,-7.953e-05
BNBUSDT,1683964800000,0.0
BNBUSDT,1683993600000,-2.203e-05
BNBUSDT,1684022400000,0.0
BNBUSDT,1684051200000,0.0
BNBUSDT,1684080000000,0.0
BNBUSDT,1684108800000,-0.00018597
BNBUSDT,1684137600000,0.0
BNBUSDT,1684166400000,0.0
BNBUSDT,1684195200000,-4.595e-05
BNBUSDT,1684224000000,-1.285e-05
BNBUSDT,1684252800000,-6.776e-05
BNBUSDT,1684281600000,-4.674e-05
BNBUSDT,1684310400000,0.0
BNBUSDT,1684339200000,-1.822e-05
BNBUSDT,1684368000000,0.0
BNBUSDT,1684396800000,0.0
BNBUSDT,1684425600000,0.0
BNBUSDT,1684454400000,0.0
BNBUSDT,1684483200000,0.0
BNBUSDT,1684512000000,0.0
BNBUSDT,1684540800000,-5.92e-06
BNBUSDT,1684569600000,0.0
BNBUSDT,1684598400000,0.0
BNBUSDT,1684627200000,0.0
BNBUSDT,1684656000000,0.0
BNBUSDT,1684684800000,0.0
BNBUSDT,1684713600000,0.0
BNBUSDT,1684742400000,0.0
BNBUSDT,1684771200000,0.0
BNBUSDT,1684800000000,0.0
BNBUSDT,1684828800000,0.0
BNBUSDT,1684857600000,4.33e-06
BNBUSDT,1684886400000,0.0
BNBUSDT,1684915200000,0.0
BNBUSDT,1684944000000,0.0
BNBUSDT,1684972800000,0.0
BNBUSDT,1685001600000,0.0
BNBUSDT,1685030400000,0.0
BNBUSDT,1685059200000,0.0
BNBUSDT,1685088000000,0.0
BNBUSDT,1685116800000,0.0
BNBUSDT,1685145600000,0.0
BNBUSDT,1685174400000,0.0
BNBUSDT,1685203200000,0.0
BNBUSDT,1685232000000,0.0
BNBUSDT,1685260800000,0.0
BNBUSDT,1685289600000,0.0
BNBUSDT,1685318400000,0.0
BNBUSDT,1685347200000,5.509e-05
BNBUSDT,1685376000000,0.00018433
BNBUSDT,1685404800000,0.00013253
BNBUSDT,1685433600000,0.00020674
BNBUSDT,1685462400000,0.00010472
BNBUSDT,1685491200000,0.0
BNBUSDT,1685520000000,0.0
BNBUSDT,1685548800000,0.0
BNBUSDT,1685577600000,0.0
BNBUSDT,1685606400000,8.187e-05
BNBUSDT,1685635200000,0.0
BNBUSDT,1685664000000,0.0
BNBUSDT,1685692800000,4.057e-05
BNBUSDT,1685721600000,0.0
BNBUSDT,1685750400000,7.832e-05
BNBUSDT,1685779200000,4.591e-05
BNBUSDT,1685808000000,9.43e-06
BNBUSDT,1685836800000,1.7e-07
BNBUSDT,1685865600000,3.122e-05
BNBUSDT,1685894400000,0.00016004
BNBUSDT,1685923200000,0.00010125
BNBUSDT,1685952000000,0.0
BNBUSDT,1685980800000,0.0
BNBUSDT,1686009600000,0.0
BNBUSDT,1686038400000,0.0
BNBUSDT,1686067200000,0.0
BNBUSDT,1686096000000,0.0
BNBUSDT,1686124800000,0.0
BNBUSDT,1686153600000,0.0
BNBUSDT,1686182400000,0.0
BNBUSDT,1686211200000,0.0
BNBUSDT,1686240000000,0.0
BNBUSDT,1686268800000,0.0
BNBUSDT,1686297600000,0.0
BNBUSDT,1686326400000,0.0
BNBUSDT,1686355200000,2.811e-05
BNBUSDT,1686384000000,-0.00036574
BNBUSDT,1686412800000,-2.163e-05
BNBUSDT,1686441600000,0.0
BNBUSDT,1686470400000,-0.00018089
BNBUSDT,1686499200000,-0.00028735
BNBUSDT,1686528000000,0.0
BNBUSDT,1686556800000,-0.00070002
BNBUSDT,1686585600000,-6.726e-05
BNBUSDT,1686614400000,0.0
BNBUSDT,1686643200000,-6.27e-05
BNBUSDT,1686672000000,-0.00034303
BNBUSDT,1686700800000,-3.98e-06
BNBUSDT,1686729600000,-0.00044698
BNBUSDT,1686758400000,-0.0004527
BNBUSDT,1686787200000,-0.00031629
BNBUSDT,1686816000000,-7.324e-05
BNBUSDT,1686844800000,0.0
BNBUSDT,1686873600000,-5.371e-05
BNBUSDT,1686902400000,-5.605e-05
BNBUSDT,1686931200000,-0.00017727
BNBUSDT,1686960000000,0.0
BNBUSDT,1686988800000,0.0
BNBUSDT,1687017600000,0.0
BNBUSDT,1687046400000,0.0
BNBUSDT,1687075200000,0.0
BNBUSDT,1687104000000,0.0
BNBUSDT,1687132800000,0.0
BNBUSDT,1687161600000,0.0
BNBUSDT,1687190400000,0.0
BNBUSDT,1687219200000,0.0
BNBUSDT,1687248000000,0.0
BNBUSDT,1687276800000,0.0
BNBUSDT,1687305600000,0.0
BNBUSDT,1687334400000,0.0
BNBUSDT,1687363200000,0.0
BNBUSDT,1687392000000,0.0
BNBUSDT,1687420800000,0.0
BNBUSDT,1687449600000,0.0
BNBUSDT,1687478400000,0.0
BNBUSDT,1687507200000,0.0
BNBUSDT,1687536000000,0.0
BNBUSDT,1687564800000,1.262e-05
BNBUSDT,1687593600000,0.0
BNBUSDT,1687622400000,0.0
BNBUSDT,1687651200000,0.0
BNBUSDT,1687680000000,0.0
BNBUSDT,1687708800000,0.0
BNBUSDT,1687737600000,0.0
BNBUSDT,1687766400000,0.0
BNBUSDT,1687795200000,0.0
BNBUSDT,1687824000000,0.0
BNBUSDT,1687852800000,7.353e-05
BNBUSDT,1687881600000,4.009e-05
BNBUSDT,1687910400000,0.0
BNBUSDT,1687939200000,0.0
BNBUSDT,1687968000000,0.0
BNBUSDT,1687996800000,0.0
BNBUSDT,1688025600000,0.0
BNBUSDT,1688054400000,0.0
BNBUSDT,1688083200000,0.0
BNBUSDT,1688112000000,0.0
BNBUSDT,1688140800000,0.0
BNBUSDT,1688169600000,5.352e-05
BNBUSDT,1688198400000,5.349e-05
BNBUSDT,1688227200000,0.00014546
BNBUSDT,1688256000000,0.00014716
BNBUSDT,1688284800000,2.679e-05
BNBUSDT,1688313600000,0.00023805
BNBUSDT,1688342400000,9.255e-05
BNBUSDT,1688371200000,0.0001912
BNBUSDT,1688400000000,9.428e-05
BNBUSDT,1688428800000,0.0
BNBUSDT,1688457600000,0.0
BNBUSDT,1688486400000,0.0
BNBUSDT,1688515200000,0.0
BNBUSDT,1688544000000,0.0
BNBUSDT,1688572800000,0.0
BNBUSDT,1688601600000,0.0
BNBUSDT,1688630400000,0.0
BNBUSDT,1688659200000,0.0
BNBUSDT,1688688000000,-0.00046009
BNBUSDT,1688716800000,-0.00016651
BNBUSDT,1688745600000,-9.253e-05
BNBUSDT,1688774400000,-9.236e-05
BNBUSDT,1688803200000,-7.741e-05
BNBUSDT,1688832000000,0.0
BNBUSDT,1688860800000,-4.91e-06
BNBUSDT,1688889600000,0.0
BNBUSDT,1688918400000,-8.229e-05
BNBUSDT,1688947200000,-0.00012524
BNBUSDT,1688976000000,-4.39e-06
BNBUSDT,1689004800000,-0.00012535
BNBUSDT,1689033600000,-0.00025923
BNBUSDT,1689062400000,-0.00074001
BNBUSDT,1689091200000,-0.00074761
BNBUSDT,1689120000000,-0.00035487
BNBUSDT,1689148800000,-0.0006544
BNBUSDT,1689177600000,-0.00059837
BNBUSDT,1689206400000,-0.00108561
BNBUSDT,1689235200000,-0.00074145
BNBUSDT,1689264000000,-0.00082611
BNBUSDT,1689292800000,0.0
BNBUSDT,1689321600000,-0.00042246
BNBUSDT,1689350400000,-0.00049717
BNBUSDT,1689379200000,-0.00116654
BNBUSDT,1689408000000,-0.00054039
BNBUSDT,1689436800000,-0.000673
BNBUSDT,1689465600000,-0.00082346
BNBUSDT,1689494400000,-0.00077424
BNBUSDT,1689523200000,-0.00076813
BNBUSDT,1689552000000,-0.00180248
BNBUSDT,1689580800000,-0.00025688
BNBUSDT,1689609600000,-0.00034131
BNBUSDT,1689638400000,-0.00013206
BNBUSDT,1689667200000,-0.00037172
BNBUSDT,1689696000000,0.0
BNBUSDT,1689724800000,0.0
BNBUSDT,1689753600000,0.00014002
BNBUSDT,1689782400000,0.00010374
BNBUSDT,1689811200000,4.559e-05
BNBUSDT,1689840000000,0.00013033
BNBUSDT,1689868800000,0.0
BNBUSDT,1689897600000,7.509e-05
BNBUSDT,1689926400000,2.789e-05
BNBUSDT,1689955200000,0.0002497
BNBUSDT,1689984000000,0.00013559
BNBUSDT,1690012800000,6.965e-05
BNBUSDT,1690041600000,0.0
BNBUSDT,1690070400000,0.0
BNBUSDT,1690099200000,8.296e-05
BNBUSDT,1690128000000,7.037e-05
BNBUSDT,1690156800000,0.0
BNBUSDT,1690185600000,1.192e-05
BNBUSDT,1690214400000,0.0
BNBUSDT,1690243200000,0.0
BNBUSDT,1690272000000,8.855e-05
BNBUSDT,1690300800000,0.0
BNBUSDT,1690329600000,0.0
BNBUSDT,1690358400000,1.89e-06
BNBUSDT,1690387200000,0.0
BNBUSDT,1690416000000,0.0
BNBUSDT,1690444800000,4.979e-05
BNBUSDT,1690473600000,2.458e-05
BNBUSDT,1690502400000,1.6e-05
BNBUSDT,1690531200000,0.0
BNBUSDT,1690560000000,5.712e-05
BNBUSDT,1690588800000,0.0
BNBUSDT,1690617600000,0.0
BNBUSDT,1690646400000,9.95e-05
BNBUSDT,1690675200000,4.905e-05
BNBUSDT,1690704000000,8.003e-05
BNBUSDT,1690732800000,0.00011335
BNBUSDT,1690761600000,9.227e-05
BNBUSDT,1690790400000,7.364e-05
BNBUSDT,1690819200000,4.11e-05
BNBUSDT,1690848000000,0.0
BNBUSDT,1690876800000,7.317e-05
BNBUSDT,1690905600000,6.759e-05
BNBUSDT,1690934400000,0.0
BNBUSDT,1690963200000,0.0
BNBUSDT,1690992000000,0.0
BNBUSDT,1691020800000,0.0
BNBUSDT,1691049600000,0.0
BNBUSDT,1691078400000,0.0
BNBUSDT,1691107200000,0.0
BNBUSDT,1691136000000,0.0
BNBUSDT,1691164800000,0.0
BNBUSDT,1691193600000,0.0
BNBUSDT,1691222400000,0.0
BNBUSDT,1691251200000,0.0
BNBUSDT,1691280000000,0.0
BNBUSDT,1691308800000,1.099e-05
BNBUSDT,1691337600000,0.0
BNBUSDT,1691366400000,0.0
BNBUSDT,1691395200000,0.0
BNBUSDT,1691424000000,0.0
BNBUSDT,1691452800000,0.0
BNBUSDT,1691481600000,0.0
BNBUSDT,1691510400000,0.0
BNBUSDT,1691539200000,0.00015375
BNBUSDT,1691568000000,0.0
BNBUSDT,1691596800000,0.0
BNBUSDT,1691625600000,0.0
BNBUSDT,1691654400000,0.0
BNBUSDT,1691683200000,0.0
BNBUSDT,1691712000000,-0.00015036
BNBUSDT,1691740800000,-0.00026946
BNBUSDT,1691769600000,-0.00023724
BNBUSDT,1691798400000,-0.00022644
BNBUSDT,1691827200000,-0.00015777
BNBUSDT,1691856000000,-0.00020833
BNBUSDT,1691884800000,-0.00029203
BNBUSDT,1691913600000,-0.00019929
BNBUSDT,1691942400000,-6.14e-06
BNBUSDT,1691971200000,-3.892e-05
BNBUSDT,1692000000000,-4.676e-05
BNBUSDT,1692028800000,-8.05e-06
BNBUSDT,1692057600000,-9.711e-05
BNBUSDT,1692086400000,-0.00020066
BNBUSDT,1692115200000,0.0
BNBUSDT,1692144000000,-0.00044204
BNBUSDT,1692172800000,-0.0001621
BNBUSDT,1692201600000,-0.000444
BNBUSDT,1692230400000,-0.00027077
BNBUSDT,1692259200000,0.0
BNBUSDT,1692288000000,-0.00018279
BNBUSDT,1692316800000,-0.00074175
BNBUSDT,1692345600000,-5.81e-05
BNBUSDT,1692374400000,-0.00011733
BNBUSDT,1692403200000,-0.00029585
BNBUSDT,1692432000000,-0.00035101
BNBUSDT,1692460800000,-0.00012321
BNBUSDT,1692489600000,-1.186e-05
BNBUSDT,1692518400000,-0.00012416
BNBUSDT,1692547200000,-0.00026855
BNBUSDT,1692576000000,0.0
BNBUSDT,1692604800000,-0.00034238
BNBUSDT,1692633600000,-0.00073843
BNBUSDT,1692662400000,-0.00011188
BNBUSDT,1692691200000,-8.858e-05
BNBUSDT,1692720000000,-0.00084222
BNBUSDT,1692748800000,-0.0005188
BNBUSDT,1692777600000,0.0
BNBUSDT,1692806400000,-6.038e-05
BNBUSDT,1692835200000,-0.00023809
BNBUSDT,1692864000000,0.0
BNBUSDT,1692892800000,0.0
BNBUSDT,1692921600000,0.0
BNBUSDT,1692950400000,0.0
BNBUSDT,1692979200000,0.0
BNBUSDT,1693008000000,0.0
BNBUSDT,1693036800000,0.0
BNBUSDT,1693065600000,0.0
BNBUSDT,1693094400000,0.0
BNBUSDT,1693123200000,0.0
BNBUSDT,1693152000000,0.0
BNBUSDT,1693180800000,0.0
BNBUSDT,1693209600000,0.0
BNBUSDT,1693238400000,0.0
BNBUSDT,1693267200000,0.0
BNBUSDT,1693296000000,0.0
BNBUSDT,1693324800000,0.0
BNBUSDT,1693353600000,0.0
BNBUSDT,1693382400000,0.0
BNBUSDT,1693411200000,0.0
BNBUSDT,1693440000000,0.0
BNBUSDT,1693468800000,0.0
BNBUSDT,1693497600000,0.0
BNBUSDT,1693526400000,0.0
BNBUSDT,1693555200000,0.0
BNBUSDT,1693584000000,0.0
BNBUSDT,1693612800000,0.0
BNBUSDT,1693641600000,0.0
BNBUSDT,1693670400000,0.0
BNBUSDT,1693699200000,0.0
BNBUSDT,1693728000000,0.0
BNBUSDT,1693756800000,0.0
BNBUSDT,1693785600000,0.0
BNBUSDT,1693814400000,0.0
BNBUSDT,1693843200000,0.0
BNBUSDT,1693872000000,0.0
BNBUSDT,1693900800000,0.0
BNBUSDT,1693929600000,0.0
BNBUSDT,1693958400000,0.0
BNBUSDT,1693987200000,0.0
BNBUSDT,1694016000000,0.0
BNBUSDT,1694044800000,0.0
BNBUSDT,1694073600000,0.0
BNBUSDT,1694102400000,0.0
BNBUSDT,1694131200000,0.0
BNBUSDT,1694160000000,0.0
BNBUSDT,1694188800000,0.0
BNBUSDT,1694217600000,0.0
BNBUSDT,1694246400000,0.0
BNBUSDT,1694275200000,0.0
BNBUSDT,1694304000000,0.0
BNBUSDT,1694332800000,0.0
BNBUSDT,1694361600000,0.0
BNBUSDT,1694390400000,0.0
BNBUSDT,1694419200000,0.0
BNBUSDT,1694448000000,0.0
BNBUSDT,1694476800000,0.0
BNBUSDT,1694505600000,0.0
BNBUSDT,1694534400000,0.0
BNBUSDT,1694563200000,0.0
BNBUSDT,1694592000000,0.0
BNBUSDT,1694620800000,0.0
BNBUSDT,1694649600000,0.0
BNBUSDT,1694678400000,0.0
BNBUSDT,1694707200000,0.0
BNBUSDT,1694736000000,0.0
BNBUSDT,1694764800000,-5.152e-05
BNBUSDT,1694793600000,0.0
BNBUSDT,1694822400000,0.0
BNBUSDT,1694851200000,0.0
BNBUSDT,1694880000000,0.0
BNBUSDT,1694908800000,0.0
BNBUSDT,1694937600000,0.0
BNBUSDT,1694966400000,0.0
BNBUSDT,1694995200000,0.0
BNBUSDT,1695024000000,0.0
BNBUSDT,1695052800000,0.0
BNBUSDT,1695081600000,0.0
BNBUSDT,1695110400000,0.0
BNBUSDT,1695139200000,2.55e-05
BNBUSDT,1695168000000,0.0
BNBUSDT,1695196800000,0.0
BNBUSDT,1695225600000,0.0
BNBUSDT,1695254400000,0.0
BNBUSDT,1695283200000,0.0
BNBUSDT,1695312000000,0.0
BNBUSDT,1695340800000,0.0
BNBUSDT,1695369600000,0.0
BNBUSDT,1695398400000,0.0
BNBUSDT,1695427200000,0.0
BNBUSDT,1695456000000,0.0
BNBUSDT,1695484800000,0.0
BNBUSDT,1695513600000,0.0
BNBUSDT,1695542400000,0.0
BNBUSDT,1695571200000,0.0
BNBUSDT,1695600000000,0.0
BNBUSDT,1695628800000,0.0
BNBUSDT,1695657600000,0.0
BNBUSDT,1695686400000,0.0
BNBUSDT,1695715200000,4.495e-05
BNBUSDT,1695744000000,5.343e-05
BNBUSDT,1695772800000,2.201e-05
BNBUSDT,1695801600000,5.011e-05
BNBUSDT,1695830400000,0.0
BNBUSDT,1695859200000,7.853e-05
BNBUSDT,1695888000000,2.381e-05
BNBUSDT,1695916800000,0.0
BNBUSDT,1695945600000,5.45e-06
BNBUSDT,1695974400000,0.0
BNBUSDT,1696003200000,0.0
BNBUSDT,1696032000000,0.0
BNBUSDT,1696060800000,0.0
BNBUSDT,1696089600000,0.0
BNBUSDT,1696118400000,0.0
BNBUSDT,1696147200000,7.729e-05
BNBUSDT,1696176000000,9.797e-05
BNBUSDT,1696204800000,5.97e-05
BNBUSDT,1696233600000,2.968e-05
BNBUSDT,1696262400000,3.182e-05
BNBUSDT,1696291200000,0.0
BNBUSDT,1696320000000,0.0
BNBUSDT,1696348800000,0.0
BNBUSDT,1696377600000,0.0
BNBUSDT,1696406400000,0.0
BNBUSDT,1696435200000,0.0
BNBUSDT,1696464000000,0.0
BNBUSDT,1696492800000,5.114e-05
BNBUSDT,1696521600000,0.0
BNBUSDT,1696550400000,0.0
BNBUSDT,1696579200000,5.307e-05
BNBUSDT,1696608000000,0.0
BNBUSDT,1696636800000,0.0
BNBUSDT,1696665600000,5.017e-05
BNBUSDT,1696694400000,0.0
BNBUSDT,1696723200000,5.667e-05
BNBUSDT,1696752000000,0.00010022
BNBUSDT,1696780800000,0.0
BNBUSDT,1696809600000,0.0
BNBUSDT,1696838400000,0.0
BNBUSDT,1696867200000,0.0
BNBUSDT,1696896000000,0.0
BNBUSDT,1696924800000,0.0
BNBUSDT,1696953600000,0.0
BNBUSDT,1696982400000,0.0
BNBUSDT,1697011200000,0.0
BNBUSDT,1697040000000,0.0
BNBUSDT,1697068800000,0.0
BNBUSDT,1697097600000,0.0
BNBUSDT,1697126400000,0.0
BNBUSDT,1697155200000,0.0
BNBUSDT,1697184000000,0.0
BNBUSDT,1697212800000,0.0
BNBUSDT,1697241600000,0.0
BNBUSDT,1697270400000,0.0
BNBUSDT,1697299200000,0.0
BNBUSDT,1697328000000,0.0
BNBUSDT,1697356800000,0.0
BNBUSDT,1697385600000,0.0
BNBUSDT,1697414400000,0.0
BNBUSDT,1697443200000,0.0
BNBUSDT,1697472000000,1.842e-05
BNBUSDT,1697500800000,7.755e-05
BNBUSDT,1697529600000,0.00010058
BNBUSDT,1697558400000,0.0
BNBUSDT,1697587200000,0.0
BNBUSDT,1697616000000,0.0
BNBUSDT,1697644800000,0.0
BNBUSDT,1697673600000,0.0
BNBUSDT,1697702400000,0.0
BNBUSDT,1697731200000,0.0
BNBUSDT,1697760000000,6.957e-05
BNBUSDT,1697788800000,0.00011408
BNBUSDT,1697817600000,4.644e-05
BNBUSDT,1697846400000,0.0
BNBUSDT,1697875200000,4.906e-05
BNBUSDT,1697904000000,0.00013226
BNBUSDT,1697932800000,0.00014634
BNBUSDT,1697961600000,5.499e-05
BNBUSDT,1697990400000,0.00010372
BNBUSDT,1698019200000,0.00016356
BNBUSDT,1698048000000,0.00016456
BNBUSDT,1698076800000,0.0
BNBUSDT,1698105600000,0.00018908
BNBUSDT,1698134400000,0.00012343
BNBUSDT,1698163200000,8.84e-05
BNBUSDT,1698192000000,9.778e-05
BNBUSDT,1698220800000,7.814e-05
BNBUSDT,1698249600000,0.00028079
BNBUSDT,1698278400000,0.00016568
BNBUSDT,1698307200000,0.0003727
BNBUSDT,1698336000000,8.304e-05
BNBUSDT,1698364800000,8.69e-05
BNBUSDT,1698393600000,0.00020316
BNBUSDT,1698422400000,0.00016698
BNBUSDT,1698451200000,5.912e-05
BNBUSDT,1698480000000,5.005e-05
BNBUSDT,1698508800000,0.0
BNBUSDT,1698537600000,1.209e-05
BNBUSDT,1698566400000,2.392e-05
BNBUSDT,1698595200000,0.00011465
BNBUSDT,1698624000000,0.00011571
BNBUSDT,1698652800000,0.0
BNBUSDT,1698681600000,0.00021025
BNBUSDT,1698710400000,0.0001924
BNBUSDT,1698739200000,9.373e-05
BNBUSDT,1698768000000,6.436e-05
BNBUSDT,1698796800000,3.32e-05
BNBUSDT,1698825600000,9.291e-05
BNBUSDT,1698854400000,6.57e-06
BNBUSDT,1698883200000,0.00045291
BNBUSDT,1698912000000,0.0002308
BNBUSDT,1698940800000,0.00018876
BNBUSDT,1698969600000,0.00031866
BNBUSDT,1698998400000,0.00015085
BNBUSDT,1699027200000,0.0
BNBUSDT,1699056000000,0.00014468
BNBUSDT,1699084800000,0.00011035
BNBUSDT,1699113600000,0.00020234
BNBUSDT,1699142400000,3.718e-05
BNBUSDT,1699171200000,0.00011953
BNBUSDT,1699200000000,0.0
BNBUSDT,1699228800000,0.0001156
BNBUSDT,1699257600000,0.00012608
BNBUSDT,1699286400000,0.00028825
BNBUSDT,1699315200000,0.00036433
BNBUSDT,1699344000000,0.00012425
BNBUSDT,1699372800000,0.00018195
BNBUSDT,1699401600000,0.00024655
BNBUSDT,1699430400000,0.00032454
BNBUSDT,1699459200000,0.00015094
BNBUSDT,1699488000000,2.084e-05
BNBUSDT,1699516800000,0.00026824
BNBUSDT,1699545600000,0.0002366
BNBUSDT,1699574400000,0.0
BNBUSDT,1699603200000,0.00034888
BNBUSDT,1699632000000,1.874e-05
BNBUSDT,1699660800000,0.0002068
BNBUSDT,1699689600000,0.00028954
BNBUSDT,1699718400000,0.00030396
BNBUSDT,1699747200000,4.515e-05
BNBUSDT,1699776000000,0.0
BNBUSDT,1699804800000,0.00013559
BNBUSDT,1699833600000,0.0002285
BNBUSDT,1699862400000,0.00014417
BNBUSDT,1699891200000,0.00020254
BNBUSDT,1699920000000,8.527e-05
BNBUSDT,1699948800000,0.0002848
BNBUSDT,1699977600000,0.0001391
BNBUSDT,1700006400000,0.0001202
BNBUSDT,1700035200000,0.00010922
BNBUSDT,1700064000000,0.00020872
BNBUSDT,1700092800000,0.00021605
BNBUSDT,1700121600000,0.00034375
BNBUSDT,1700150400000,4.184e-05
BNBUSDT,1700179200000,0.00011211
BNBUSDT,1700208000000,0.0
BNBUSDT,1700236800000,0.0
BNBUSDT,1700265600000,9.828e-05
BNBUSDT,1700294400000,7.3e-07
BNBUSDT,1700323200000,0.00010103
BNBUSDT,1700352000000,4.12e-05
BNBUSDT,1700380800000,8.239e-05
BNBUSDT,1700409600000,0.0
BNBUSDT,1700438400000,0.0
BNBUSDT,1700467200000,0.00015667
BNBUSDT,1700496000000,0.00027553
BNBUSDT,1700524800000,0.00031647
BNBUSDT,1700553600000,0.00027205
BNBUSDT,1700582400000,0.00016938
BNBUSDT,1700611200000,0.0001286
BNBUSDT,1700640000000,0.00011204
BNBUSDT,1700668800000,0.0
BNBUSDT,1700697600000,2.091e-05
BNBUSDT,1700726400000,1.43e-05
BNBUSDT,1700755200000,0.00016511
BNBUSDT,1700784000000,0.0
BNBUSDT,1700812800000,0.00019691
BNBUSDT,1700841600000,2.427e-05
BNBUSDT,1700870400000,0.0
BNBUSDT,1700899200000,0.00025756
BNBUSDT,1700928000000,0.00014545
BNBUSDT,1700956800000,0.0001503
BNBUSDT,1700985600000,7.223e-05
BNBUSDT,1701014400000,0.0
BNBUSDT,1701043200000,0.0
BNBUSDT,1701072000000,0.00015847
BNBUSDT,1701100800000,0.00020207
BNBUSDT,1701129600000,0.00013513
BNBUSDT,1701158400000,0.0
BNBUSDT,1701187200000,0.00020157
BNBUSDT,1701216000000,0.00026042
BNBUSDT,1701244800000,6.64e-05
BNBUSDT,1701273600000,0.00013501
BNBUSDT,1701302400000,0.00018377
BNBUSDT,1701331200000,0.00017534
BNBUSDT,1701360000000,0.00026077
BNBUSDT,1701388800000,0.00025738
BNBUSDT,1701417600000,0.00010274
BNBUSDT,1701446400000,8.002e-05
BNBUSDT,1701475200000,0.00016693
BNBUSDT,1701504000000,0.00013631
BNBUSDT,1701532800000,0.00017616
BNBUSDT,1701561600000,0.00019017
BNBUSDT,1701590400000,0.00022044
BNBUSDT,1701619200000,0.00016106
BNBUSDT,1701648000000,0.00032083
BNBUSDT,1701676800000,0.00035922
BNBUSDT,1701705600000,5.577e-05
BNBUSDT,1701734400000,0.00018187
BNBUSDT,1701763200000,0.0
BNBUSDT,1701792000000,9.039e-05
BNBUSDT,1701820800000,0.00019828
BNBUSDT,1701849600000,0.00023706
BNBUSDT,1701878400000,0.00020088
BNBUSDT,1701907200000,0.00019185
BNBUSDT,1701936000000,0.00031347
BNBUSDT,1701964800000,0.00027723
BNBUSDT,1701993600000,0.00038437
BNBUSDT,1702022400000,0.00044477
BNBUSDT,1702051200000,0.00040557
BNBUSDT,1702080000000,0.00056478
BNBUSDT,1702108800000,0.00046081
BNBUSDT,1702137600000,0.00034844
BNBUSDT,1702166400000,0.00030973
BNBUSDT,1702195200000,0.00025556
BNBUSDT,1702224000000,0.00026895
BNBUSDT,1702252800000,0.00033978
BNBUSDT,1702281600000,9.472e-05
BNBUSDT,1702310400000,8.78e-05
BNBUSDT,1702339200000,0.0
BNBUSDT,1702368000000,0.0
BNBUSDT,1702396800000,0.0
BNBUSDT,1702425600000,-0.00052326
BNBUSDT,1702454400000,-0.00022655
BNBUSDT,1702483200000,-0.00050377
BNBUSDT,1702512000000,-0.00061075
BNBUSDT,1702540800000,-0.00017671
BNBUSDT,1702569600000,-0.00057153
BNBUSDT,1702598400000,0.0
BNBUSDT,1702627200000,-0.00012952
BNBUSDT,1702656000000,-0.0003711
BNBUSDT,1702684800000,-0.00062037
BNBUSDT,1702713600000,-0.00029789
BNBUSDT,1702742400000,-0.00017219
BNBUSDT,1702771200000,-0.00038977
BNBUSDT,1702800000000,0.0
BNBUSDT,1702828800000,0.0
BNBUSDT,1702857600000,0.0
BNBUSDT,1702886400000,0.00014795
BNBUSDT,1702915200000,0.00012657
BNBUSDT,1702944000000,8.11e-05
BNBUSDT,1702972800000,0.00013199
BNBUSDT,1703001600000,0.0
BNBUSDT,1703030400000,-0.00128946
BNBUSDT,1703059200000,-1.369e-05
BNBUSDT,1703088000000,-0.00036193
BNBUSDT,1703116800000,-0.00094659
BNBUSDT,1703145600000,-0.00059303
BNBUSDT,1703174400000,-0.0001517
BNBUSDT,1703203200000,-0.00052916
BNBUSDT,1703232000000,-0.00046821
BNBUSDT,1703260800000,-5.726e-05
BNBUSDT,1703289600000,-0.00016143
BNBUSDT,1703318400000,-0.00021826
BNBUSDT,1703347200000,-0.00101472
BNBUSDT,1703376000000,-0.0006357
BNBUSDT,1703404800000,-4.087e-05
BNBUSDT,1703433600000,-0.00011773
BNBUSDT,1703462400000,-0.0005857
BNBUSDT,1703491200000,-0.00016186
BNBUSDT,1703520000000,0.0
BNBUSDT,1703548800000,0.0
BNBUSDT,1703577600000,0.0
BNBUSDT,1703606400000,0.0
BNBUSDT,1703635200000,0.0
BNBUSDT,1703664000000,0.0
BNBUSDT,1703692800000,-0.00082735
BNBUSDT,1703721600000,-0.0010039
BNBUSDT,1703750400000,-0.00047746
BNBUSDT,1703779200000,-0.00114629
BNBUSDT,1703808000000,-0.00073016
BNBUSDT,1703836800000,-0.00043385
BNBUSDT,1703865600000,-0.00055142
BNBUSDT,1703894400000,-0.00047138
BNBUSDT,1703923200000,-0.00067585
BNBUSDT,1703952000000,-0.00064912
BNBUSDT,1703980800000,-0.0012624
BNBUSDT,1704009600000,-0.00099242
BNBUSDT,1704038400000,-0.00075371
BNBUSDT,1704067200000,-0.00115565
BNBUSDT,1704096000000,-0.00043985
BNBUSDT,1704124800000,-0.00021335
BNBUSDT,1704153600000,-4.388e-05
BNBUSDT,1704182400000,-1.968e-05
BNBUSDT,1704211200000,0.0
BNBUSDT,1704240000000,-0.00040129
BNBUSDT,1704268800000,0.0
BNBUSDT,1704297600000,-0.00038446
BNBUSDT,1704326400000,-0.00036362
BNBUSDT,1704355200000,-0.000126
BNBUSDT,1704384000000,-0.00019163
BNBUSDT,1704412800000,-0.00073744
BNBUSDT,1704441600000,-0.00058221
BNBUSDT,1704470400000,-0.00096824
BNBUSDT,1704499200000,-0.00118881
BNBUSDT,1704528000000,-0.00082243
BNBUSDT,1704556800000,-0.00088029
BNBUSDT,1704585600000,-0.0009864
BNBUSDT,1704614400000,-0.00098181
BNBUSDT,1704643200000,-0.00075307
BNBUSDT,1704672000000,-0.00087928
BNBUSDT,1704700800000,-0.00046829
BNBUSDT,1704729600000,-0.00044893
BNBUSDT,1704758400000,-8.596e-05
BNBUSDT,1704787200000,0.0
BNBUSDT,1704816000000,0.0
BNBUSDT,1704844800000,0.0
BNBUSDT,1704873600000,0.0
BNBUSDT,1704902400000,0.0
BNBUSDT,1704931200000,0.0
BNBUSDT,1704960000000,0.0
BNBUSDT,1704988800000,0.0
BNBUSDT,1705017600000,3.989e-05
BNBUSDT,1705046400000,3.803e-05
BNBUSDT,1705075200000,6.54e-06
BNBUSDT,1705104000000,0.0
BNBUSDT,1705132800000,0.0
BNBUSDT,1705161600000,8.384e-05
BNBUSDT,1705190400000,0.0
BNBUSDT,1705219200000,0.00012056
BNBUSDT,1705248000000,0.0
BNBUSDT,1705276800000,5.667e-05
BNBUSDT,1705305600000,0.00016931
BNBUSDT,1705334400000,0.0
BNBUSDT,1705363200000,-0.00033116
BNBUSDT,1705392000000,-0.00050321
BNBUSDT,1705420800000,-0.0003672
BNBUSDT,1705449600000,-0.00049143
BNBUSDT,1705478400000,-2.361e-05
BNBUSDT,1705507200000,-0.000561
BNBUSDT,1705536000000,-0.00048308
BNBUSDT,1705564800000,0.0
BNBUSDT,1705593600000,-0.00051549
BNBUSDT,1705622400000,-0.00045823
BNBUSDT,1705651200000,-0.00055553
BNBUSDT,1705680000000,-0.00041823
BNBUSDT,1705708800000,-0.00040077
BNBUSDT,1705737600000,-0.00028879
BNBUSDT,1705766400000,-0.00045503
BNBUSDT,1705795200000,-0.00022406
BNBUSDT,1705824000000,-0.00023041
BNBUSDT,1705852800000,-0.00038554
BNBUSDT,1705881600000,-0.00018874
BNBUSDT,1705910400000,-0.00052527
BNBUSDT,1705939200000,-0.00063548
BNBUSDT,1705968000000,-0.0003538
BNBUSDT,1705996800000,-0.00048935
BNBUSDT,1706025600000,-6.59e-05
BNBUSDT,1706054400000,-0.00036932
BNBUSDT,1706083200000,0.0
BNBUSDT,1706112000000,-9.307e-05
BNBUSDT,1706140800000,0.0
BNBUSDT,1706169600000,0.0
BNBUSDT,1706198400000,0.0
BNBUSDT,1706227200000,0.0
BNBUSDT,1706256000000,0.0
BNBUSDT,1706284800000,0.0
BNBUSDT,1706313600000,0.0
BNBUSDT,1706342400000,0.0
BNBUSDT,1706371200000,0.0
BNBUSDT,1706400000000,0.0
BNBUSDT,1706428800000,0.0
BNBUSDT,1706457600000,0.0
BNBUSDT,1706486400000,0.0
BNBUSDT,1706515200000,0.0
BNBUSDT,1706544000000,0.0
BNBUSDT,1706572800000,0.0
BNBUSDT,1706601600000,0.0
BNBUSDT,1706630400000,0.0
BNBUSDT,1706659200000,0.0
BNBUSDT,1706688000000,0.0
BNBUSDT,1706716800000,0.0
BNBUSDT,1706745600000,0.0
BNBUSDT,1706774400000,0.0
BNBUSDT,1706803200000,0.0
BNBUSDT,1706832000000,0.0
BNBUSDT,1706860800000,0.0
BNBUSDT,1706889600000,0.0
BNBUSDT,1706918400000,0.0
BNBUSDT,1706947200000,0.0
BNBUSDT,1706976000000,0.0
BNBUSDT,1707004800000,0.0
BNBUSDT,1707033600000,0.0
BNBUSDT,1707062400000,0.0
BNBUSDT,1707091200000,0.0
BNBUSDT,1707120000000,0.0
BNBUSDT,1707148800000,-5.372e-05
BNBUSDT,1707177600000,0.0
BNBUSDT,1707206400000,0.0
BNBUSDT,1707235200000,0.0
BNBUSDT,1707264000000,0.0
BNBUSDT,1707292800000,0.0
BNBUSDT,1707321600000,0.0
BNBUSDT,1707350400000,0.0
BNBUSDT,1707379200000,-0.00032307
BNBUSDT,1707408000000,-0.00078676
BNBUSDT,1707436800000,-0.00127869
BNBUSDT,1707465600000,-0.00061724
BNBUSDT,1707494400000,-0.00053458
BNBUSDT,1707523200000,-0.00052153
BNBUSDT,1707552000000,-0.00071137
BNBUSDT,1707580800000,-0.00063224
BNBUSDT,1707609600000,-0.00061914
BNBUSDT,1707638400000,-0.0005555
BNBUSDT,1707667200000,-0.00056837
BNBUSDT,1707696000000,-0.00066055
BNBUSDT,1707724800000,-0.00057236
BNBUSDT,1707753600000,-0.00035404
BNBUSDT,1707782400000,-0.00126582
BNBUSDT,1707811200000,-8.124e-05
BNBUSDT,1707840000000,-0.00053432
BNBUSDT,1707868800000,-0.00058355
BNBUSDT,1707897600000,-0.00040106
BNBUSDT,1707926400000,-1.939e-05
BNBUSDT,1707955200000,-0.00028452
BNBUSDT,1707984000000,-0.00010744
BNBUSDT,1708012800000,0.0
BNBUSDT,1708041600000,0.0
BNBUSDT,1708070400000,0.0
BNBUSDT,1708099200000,-0.00011609
BNBUSDT,1708128000000,0.0
BNBUSDT,1708156800000,-0.00010731
BNBUSDT,1708185600000,0.0
BNBUSDT,1708214400000,-0.00015626
BNBUSDT,1708243200000,-0.00023614
BNBUSDT,1708272000000,-7.972e-05
BNBUSDT,1708300800000,0.0
BNBUSDT,1708329600000,0.00035989
BNBUSDT,1708358400000,0.00019102
BNBUSDT,1708387200000,0.00034939
BNBUSDT,1708416000000,0.00035868
BNBUSDT,1708444800000,7.065e-05
BNBUSDT,1708473600000,2.817e-05
BNBUSDT,1708502400000,0.0001159
BNBUSDT,1708531200000,-0.00048781
BNBUSDT,1708560000000,-0.00052198
BNBUSDT,1708588800000,-0.00107399
BNBUSDT,1708617600000,-0.00089242
BNBUSDT,1708646400000,-0.00034341
BNBUSDT,1708675200000,-0.00084438
BNBUSDT,1708704000000,-0.00045563
BNBUSDT,1708732800000,-0.00071438
BNBUSDT,1708761600000,-0.00055304
BNBUSDT,1708790400000,-0.00081788
BNBUSDT,1708819200000,-0.00096796
BNBUSDT,1708848000000,-0.00076198
BNBUSDT,1708876800000,-0.00028782
BNBUSDT,1708905600000,-0.00017368
BNBUSDT,1708934400000,-0.00031171
BNBUSDT,1708963200000,-1.649e-05
BNBUSDT,1708992000000,0.0
BNBUSDT,1709020800000,-0.00022191
BNBUSDT,1709049600000,-0.00042917
BNBUSDT,1709078400000,-0.00062227
BNBUSDT,1709107200000,-0.00064429
BNBUSDT,1709136000000,0.0
BNBUSDT,1709164800000,0.0
BNBUSDT,1709193600000,0.00059364
BNBUSDT,1709222400000,0.00062688
BNBUSDT,1709251200000,0.0002258
BNBUSDT,1709280000000,0.00056193
BNBUSDT,1709308800000,0.00029595
BNBUSDT,1709337600000,0.00045091
BNBUSDT,1709366400000,0.00060239
BNBUSDT,1709395200000,0.00060028
BNBUSDT,1709424000000,0.00062465
BNBUSDT,1709452800000,0.00056194
BNBUSDT,1709481600000,0.00059759
BNBUSDT,1709510400000,0.00052271
BNBUSDT,1709539200000,0.00066328
BNBUSDT,1709568000000,0.00048318
BNBUSDT,1709596800000,0.00045848
BNBUSDT,1709625600000,0.00100171
BNBUSDT,1709654400000,0.00068298
BNBUSDT,1709683200000,0.0
BNBUSDT,1709712000000,0.00021672
BNBUSDT,1709740800000,3.112e-05
BNBUSDT,1709769600000,0.0
BNBUSDT,1709798400000,0.00017842
BNBUSDT,1709827200000,1.547e-05
BNBUSDT,1709856000000,0.0
BNBUSDT,1709884800000,0.0
BNBUSDT,1709913600000,-1.113e-05
BNBUSDT,1709942400000,-0.00012383
BNBUSDT,1709971200000,-0.00019497
BNBUSDT,1710000000000,-0.00023847
BNBUSDT,1710028800000,-6.201e-05
BNBUSDT,1710057600000,0.0
BNBUSDT,1710086400000,0.00036256
BNBUSDT,1710115200000,0.0
BNBUSDT,1710144000000,2.344e-05
BNBUSDT,1710172800000,7.373e-05
BNBUSDT,1710201600000,0.00019661
BNBUSDT,1710230400000,0.0005555
BNBUSDT,1710259200000,6.989e-05
BNBUSDT,1710288000000,0.00034905
BNBUSDT,1710316800000,0.00064319
BNBUSDT,1710345600000,0.0006775
BNBUSDT,1710374400000,0.00035646
BNBUSDT,1710403200000,0.00044008
BNBUSDT,1710432000000,0.0006029
BNBUSDT,1710460800000,0.00011662
BNBUSDT,1710489600000,0.00012984
BNBUSDT,1710518400000,0.0
BNBUSDT,1710547200000,0.00013785
BNBUSDT,1710576000000,0.00024537
BNBUSDT,1710604800000,0.00016812
BNBUSDT,1710633600000,9.557e-05
BNBUSDT,1710662400000,0.0
BNBUSDT,1710691200000,0.0
BNBUSDT,1710720000000,0.0
BNBUSDT,1710748800000,0.00015708
BNBUSDT,1710777600000,0.0
BNBUSDT,1710806400000,0.00010433
BNBUSDT,1710835200000,0.00019074
BNBUSDT,1710864000000,0.00023778
BNBUSDT,1710892800000,0.00021487
BNBUSDT,1710921600000,0.00022256
BNBUSDT,1710950400000,9.585e-05
BNBUSDT,1710979200000,2.546e-05
BNBUSDT,1711008000000,0.00013122
BNBUSDT,1711036800000,0.0
BNBUSDT,1711065600000,0.00017388
BNBUSDT,1711094400000,6.837e-05
BNBUSDT,1711123200000,0.00014159
BNBUSDT,1711152000000,0.00014453
BNBUSDT,1711180800000,0.00016838
BNBUSDT,1711209600000,0.0
BNBUSDT,1711238400000,0.0
BNBUSDT,1711267200000,0.00021139
BNBUSDT,1711296000000,0.00020733
BNBUSDT,1711324800000,0.00021885
BNBUSDT,1711353600000,0.00024982
BNBUSDT,1711382400000,0.00025865
BNBUSDT,1711411200000,0.00029097
BNBUSDT,1711440000000,0.00037308
BNBUSDT,1711468800000,0.00039806
BNBUSDT,1711497600000,0.00031573
BNBUSDT,1711526400000,0.00036491
BNBUSDT,1711555200000,0.00033014
BNBUSDT,1711584000000,0.00042862
BNBUSDT,1711612800000,0.00051984
BNBUSDT,1711641600000,0.00039289
BNBUSDT,1711670400000,0.00036592
BNBUSDT,1711699200000,0.000413
BNBUSDT,1711728000000,0.0002539
BNBUSDT,1711756800000,0.0
BNBUSDT,1711785600000,-7.709e-05
BNBUSDT,1711814400000,-0.00037404
BNBUSDT,1711843200000,-5.921e-05
BNBUSDT,1711872000000,-0.0003908
BNBUSDT,1711900800000,0.0
BNBUSDT,1711929600000,0.0
BNBUSDT,1711958400000,0.0
BNBUSDT,1711987200000,-0.00013645
BNBUSDT,1712016000000,0.0
BNBUSDT,1712044800000,0.00025814
BNBUSDT,1712073600000,0.00030588
BNBUSDT,1712102400000,0.00025462
BNBUSDT,1712131200000,0.00012544
BNBUSDT,1712160000000,0.00020227
BNBUSDT,1712188800000,0.00020277
BNBUSDT,1712217600000,0.0
BNBUSDT,1712246400000,0.0
BNBUSDT,1712275200000,-0.00042037
BNBUSDT,1712304000000,-0.00021433
BNBUSDT,1712332800000,-0.00038341
BNBUSDT,1712361600000,-0.00062922
BNBUSDT,1712390400000,-0.00027748
BNBUSDT,1712419200000,-0.00025256
BNBUSDT,1712448000000,-0.00033926
BNBUSDT,1712476800000,-0.00059616
BNBUSDT,1712505600000,-0.00049569
BNBUSDT,1712534400000,-0.00019057
BNBUSDT,1712563200000,-0.00038431
BNBUSDT,1712592000000,0.0
BNBUSDT,1712620800000,0.00015382
BNBUSDT,1712649600000,0.00016132
BNBUSDT,1712678400000,0.0
BNBUSDT,1712707200000,0.00024813
BNBUSDT,1712736000000,0.00019449
BNBUSDT,1712764800000,0.0001725
BNBUSDT,1712793600000,0.00037974
BNBUSDT,1712822400000,8.875e-05
BNBUSDT,1712851200000,0.0002061
BNBUSDT,1712880000000,0.00021027
BNBUSDT,1712908800000,1.66e-06
BNBUSDT,1712937600000,-0.00022562
BNBUSDT,1712966400000,-0.00042828
BNBUSDT,1712995200000,-0.00086248
BNBUSDT,1713024000000,-0.00056549
BNBUSDT,1713052800000,-0.00088593
BNBUSDT,1713081600000,-0.00045375
BNBUSDT,1713110400000,-0.00042313
BNBUSDT,1713139200000,-0.00044113
BNBUSDT,1713168000000,-0.00040679
BNBUSDT,1713196800000,-0.00046815
BNBUSDT,1713225600000,-0.0009491
BNBUSDT,1713254400000,-0.0007775
BNBUSDT,1713283200000,-0.000567
BNBUSDT,1713312000000,-0.00023045
BNBUSDT,1713340800000,0.0
BNBUSDT,1713369600000,0.0
BNBUSDT,1713398400000,0.0
BNBUSDT,1713427200000,0.0
BNBUSDT,1713456000000,-0.00034552
BNBUSDT,1713484800000,0.0
BNBUSDT,1713513600000,-0.00017776
BNBUSDT,1713542400000,0.0
BNBUSDT,1713571200000,0.0
BNBUSDT,1713600000000,0.0
BNBUSDT,1713628800000,0.0
BNBUSDT,1713657600000,-7.72e-06
BNBUSDT,1713686400000,-5.246e-05
BNBUSDT,1713715200000,-0.0001
BNBUSDT,1713744000000,0.0
BNBUSDT,1713772800000,0.0
BNBUSDT,1713801600000,0.0
BNBUSDT,1713830400000,0.0
BNBUSDT,1713859200000,0.0
BNBUSDT,1713888000000,-0.00026818
BNBUSDT,1713916800000,-0.00033543
BNBUSDT,1713945600000,-0.00041956
BNBUSDT,1713974400000,-0.00040741
BNBUSDT,1714003200000,-1.528e-05
BNBUSDT,1714032000000,-0.00011575
BNBUSDT,1714060800000,-0.00050741
BNBUSDT,1714089600000,-0.00057117
BNBUSDT,1714118400000,-0.00065053
BNBUSDT,1714147200000,-0.0004789
BNBUSDT,1714176000000,-0.00045974
BNBUSDT,1714204800000,-0.00063467
BNBUSDT,1714233600000,-0.00021197
BNBUSDT,1714262400000,-0.00061995
BNBUSDT,1714291200000,-0.00078809
BNBUSDT,1714320000000,-0.00079187
BNBUSDT,1714348800000,-0.00084938
BNBUSDT,1714377600000,-0.00087166
BNBUSDT,1714406400000,-0.00065653
BNBUSDT,1714435200000,-0.00042184
BNBUSDT,1714464000000,-0.00015559
BNBUSDT,1714492800000,-0.00070745
BNBUSDT,1714521600000,-0.00022922
BNBUSDT,1714550400000,-0.00017534
BNBUSDT,1714579200000,-0.00017136
BNBUSDT,1714608000000,-0.00025289
BNBUSDT,1714636800000,-1.565e-05
BNBUSDT,1714665600000,-0.0002526
BNBUSDT,1714694400000,-0.00012686
BNBUSDT,1714723200000,-1.017e-05
BNBUSDT,1714752000000,-0.00032785
BNBUSDT,1714780800000,-0.000114
BNBUSDT,1714809600000,-0.00015609
BNBUSDT,1714838400000,-0.0002685
BNBUSDT,1714867200000,-0.00071748
BNBUSDT,1714896000000,-0.00031949
BNBUSDT,1714924800000,-0.0004005
BNBUSDT,1714953600000,-8.052e-05
BNBUSDT,1714982400000,-9.37e-05
BNBUSDT,1715011200000,-0.00026489
BNBUSDT,1715040000000,0.0
BNBUSDT,1715068800000,-8.607e-05
BNBUSDT,1715097600000,0.0
BNBUSDT,1715126400000,0.0
BNBUSDT,1715155200000,0.0
BNBUSDT,1715184000000,0.0
BNBUSDT,1715212800000,0.0
BNBUSDT,1715241600000,0.0
BNBUSDT,1715270400000,0.0
BNBUSDT,1715299200000,-1.814e-05
BNBUSDT,1715328000000,-0.00013856
BNBUSDT,1715356800000,-0.00023606
BNBUSDT,1715385600000,-7.794e-05
BNBUSDT,1715414400000,0.0
BNBUSDT,1715443200000,0.0
BNBUSDT,1715472000000,0.0
BNBUSDT,1715500800000,0.0
BNBUSDT,1715529600000,-2.601e-05
BNBUSDT,1715558400000,-0.00017911
BNBUSDT,1715587200000,-8.47e-05
BNBUSDT,1715616000000,-0.00033836
BNBUSDT,1715644800000,-1.301e-05
BNBUSDT,1715673600000,-0.00036204
BNBUSDT,1715702400000,-0.00129616
BNBUSDT,1715731200000,-0.00101022
BNBUSDT,1715760000000,-0.00069557
BNBUSDT,1715788800000,-0.00114578
BNBUSDT,1715817600000,-0.00065658
BNBUSDT,1715846400000,0.0
BNBUSDT,1715875200000,-0.00017077
BNBUSDT,1715904000000,-0.00053276
BNBUSDT,1715932800000,-0.00017804
BNBUSDT,1715961600000,0.0
BNBUSDT,1715990400000,0.0
BNBUSDT,1716019200000,0.0
BNBUSDT,1716048000000,0.0
BNBUSDT,1716076800000,0.0
BNBUSDT,1716105600000,0.0
BNBUSDT,1716134400000,0.0
BNBUSDT,1716163200000,0.0
BNBUSDT,1716192000000,-6.392e-05
BNBUSDT,1716220800000,-8.546e-05
BNBUSDT,1716249600000,0.0
BNBUSDT,1716278400000,0.00019002
BNBUSDT,1716307200000,9.749e-05
BNBUSDT,1716336000000,0.00016951
BNBUSDT,1716364800000,0.00015829
BNBUSDT,1716393600000,0.0001546
BNBUSDT,1716422400000,0.00010082
BNBUSDT,1716451200000,0.00014596
BNBUSDT,1716480000000,0.0
BNBUSDT,1716508800000,0.0
BNBUSDT,1716537600000,4.49e-06
BNBUSDT,1716566400000,0.0
BNBUSDT,1716595200000,0.0
BNBUSDT,1716624000000,0.0
BNBUSDT,1716652800000,0.0
BNBUSDT,1716681600000,0.0
BNBUSDT,1716710400000,8.753e-05
BNBUSDT,1716739200000,0.0
BNBUSDT,1716768000000,7.614e-05
BNBUSDT,1716796800000,0.0001094
BNBUSDT,1716825600000,0.00019809
BNBUSDT,1716854400000,0.00017805
BNBUSDT,1716883200000,0.0
BNBUSDT,1716912000000,0.0
BNBUSDT,1716940800000,7.405e-05
BNBUSDT,1716969600000,5.977e-05
BNBUSDT,1716998400000,8.769e-05
BNBUSDT,1717027200000,0.0
BNBUSDT,1717056000000,0.0
BNBUSDT,1717084800000,0.0
BNBUSDT,1717113600000,2.222e-05
BNBUSDT,1717142400000,0.0
BNBUSDT,1717171200000,7.882e-05
BNBUSDT,1717200000000,0.00019589
BNBUSDT,1717228800000,0.00023411
BNBUSDT,1717257600000,0.00013223
BNBUSDT,1717286400000,0.00036939
BNBUSDT,1717315200000,0.00022554
BNBUSDT,1717344000000,0.00011225
BNBUSDT,1717372800000,0.0002004
BNBUSDT,1717401600000,0.00028495
BNBUSDT,1717430400000,0.00013785
BNBUSDT,1717459200000,0.00012196
BNBUSDT,1717488000000,0.00013176
BNBUSDT,1717516800000,0.00019423
BNBUSDT,1717545600000,0.00015839
BNBUSDT,1717574400000,0.00016022
BNBUSDT,1717603200000,0.00020097
BNBUSDT,1717632000000,0.00020144
BNBUSDT,1717660800000,0.00017035
BNBUSDT,1717689600000,8.066e-05
BNBUSDT,1717718400000,4.266e-05
BNBUSDT,1717747200000,0.0
BNBUSDT,1717776000000,0.0
BNBUSDT,1717804800000,0.0
BNBUSDT,1717833600000,0.0
BNBUSDT,1717862400000,0.0
BNBUSDT,1717891200000,0.0
BNBUSDT,1717920000000,0.0
BNBUSDT,1717948800000,0.0
BNBUSDT,1717977600000,0.0
BNBUSDT,1718006400000,0.0
BNBUSDT,1718035200000,0.0
BNBUSDT,1718064000000,0.0
BNBUSDT,1718092800000,0.0
BNBUSDT,1718121600000,0.0
BNBUSDT,1718150400000,0.0
BNBUSDT,1718179200000,0.0
BNBUSDT,1718208000000,-8.99e-06
BNBUSDT,1718236800000,0.0
BNBUSDT,1718265600000,0.0
BNBUSDT,1718294400000,0.0
BNBUSDT,1718323200000,0.0
BNBUSDT,1718352000000,0.0
BNBUSDT,1718380800000,0.0
BNBUSDT,1718409600000,0.0
BNBUSDT,1718438400000,0.0
BNBUSDT,1718467200000,0.0
BNBUSDT,1718496000000,0.0
BNBUSDT,1718524800000,0.0
BNBUSDT,1718553600000,0.0
BNBUSDT,1718582400000,0.0
BNBUSDT,1718611200000,0.0
BNBUSDT,1718640000000,0.0
BNBUSDT,1718668800000,0.0
BNBUSDT,1718697600000,0.0
BNBUSDT,1718726400000,0.0
BNBUSDT,1718755200000,0.0
BNBUSDT,1718784000000,0.0
BNBUSDT,1718812800000,0.0
BNBUSDT,1718841600000,0.0
BNBUSDT,1718870400000,0.0
BNBUSDT,1718899200000,0.0
BNBUSDT,1718928000000,0.0
BNBUSDT,1718956800000,0.0
BNBUSDT,1718985600000,0.0
BNBUSDT,1719014400000,0.0
BNBUSDT,1719043200000,0.0
BNBUSDT,1719072000000,0.0
BNBUSDT,1719100800000,0.0
BNBUSDT,1719129600000,0.0
BNBUSDT,1719158400000,0.0
BNBUSDT,1719187200000,0.0
BNBUSDT,1719216000000,0.0
BNBUSDT,1719244800000,0.0
BNBUSDT,1719273600000,0.0
BNBUSDT,1719302400000,0.0
BNBUSDT,1719331200000,0.0
BNBUSDT,1719360000000,0.0
BNBUSDT,1719388800000,0.0
BNBUSDT,1719417600000,0.0
BNBUSDT,1719446400000,0.0
BNBUSDT,1719475200000,0.0
BNBUSDT,1719504000000,0.0
BNBUSDT,1719532800000,0.0
BNBUSDT,1719561600000,0.0
BNBUSDT,1719590400000,0.0
BNBUSDT,1719619200000,0.0
BNBUSDT,1719648000000,0.0
BNBUSDT,1719676800000,0.0
BNBUSDT,1719705600000,0.0
BNBUSDT,1719734400000,0.0
BNBUSDT,1719763200000,0.0
BNBUSDT,1719792000000,0.0
BNBUSDT,1719820800000,1.551e-05
BNBUSDT,1719849600000,0.0
BNBUSDT,1719878400000,0.0
BNBUSDT,1719907200000,3.136e-05
BNBUSDT,1719936000000,3.97e-06
BNBUSDT,1719964800000,0.00012485
BNBUSDT,1719993600000,1.476e-05
BNBUSDT,1720022400000,0.0
BNBUSDT,1720051200000,0.0
BNBUSDT,1720080000000,0.0
BNBUSDT,1720108800000,0.0
BNBUSDT,1720137600000,0.0
BNBUSDT,1720166400000,0.0
BNBUSDT,1720195200000,0.0
BNBUSDT,1720224000000,0.0
BNBUSDT,1720252800000,0.0
BNBUSDT,1720281600000,0.0
BNBUSDT,1720310400000,0.0
BNBUSDT,1720339200000,0.0
BNBUSDT,1720368000000,0.0
BNBUSDT,1720396800000,0.0
BNBUSDT,1720425600000,0.0
BNBUSDT,1720454400000,0.0
BNBUSDT,1720483200000,0.0
BNBUSDT,1720512000000,0.0
BNBUSDT,1720540800000,0.0
BNBUSDT,1720569600000,0.0
BNBUSDT,1720598400000,0.0
BNBUSDT,1720627200000,0.0
BNBUSDT,1720656000000,0.0
BNBUSDT,1720684800000,0.0
BNBUSDT,1720713600000,0.0
BNBUSDT,1720742400000,0.0
BNBUSDT,1720771200000,0.0
BNBUSDT,1720800000000,0.0
BNBUSDT,1720828800000,0.0
BNBUSDT,1720857600000,0.0
BNBUSDT,1720886400000,0.0
BNBUSDT,1720915200000,0.0
BNBUSDT,1720944000000,0.0
BNBUSDT,1720972800000,0.0
BNBUSDT,1721001600000,0.0
BNBUSDT,1721030400000,0.0
BNBUSDT,1721059200000,0.0
BNBUSDT,1721088000000,0.0
BNBUSDT,1721116800000,0.0
BNBUSDT,1721145600000,0.0
BNBUSDT,1721174400000,0.0
BNBUSDT,1721203200000,0.0
BNBUSDT,1721232000000,0.0
BNBUSDT,1721260800000,0.0
BNBUSDT,1721289600000,0.0
BNBUSDT,1721318400000,0.0
BNBUSDT,1721347200000,0.0
BNBUSDT,1721376000000,0.0
BNBUSDT,1721404800000,0.0
BNBUSDT,1721433600000,0.0
BNBUSDT,1721462400000,0.0
BNBUSDT,1721491200000,0.0
BNBUSDT,1721520000000,0.0
BNBUSDT,1721548800000,0.0
BNBUSDT,1721577600000,0.0
BNBUSDT,1721606400000,0.0
BNBUSDT,1721635200000,0.0
BNBUSDT,1721664000000,0.0
BNBUSDT,1721692800000,0.0
BNBUSDT,1721721600000,0.0
BNBUSDT,1721750400000,0.0
BNBUSDT,1721779200000,0.0
BNBUSDT,1721808000000,0.0
BNBUSDT,1721836800000,0.0
BNBUSDT,1721865600000,0.0
BNBUSDT,1721894400000,0.0
BNBUSDT,1721923200000,0.0
BNBUSDT,1721952000000,0.0
BNBUSDT,1721980800000,0.0
BNBUSDT,1722009600000,0.0
BNBUSDT,1722038400000,0.0
BNBUSDT,1722067200000,0.0
BNBUSDT,1722096000000,0.0
BNBUSDT,1722124800000,0.0
BNBUSDT,1722153600000,0.0
BNBUSDT,1722182400000,0.0
BNBUSDT,1722211200000,0.0
BNBUSDT,1722240000000,1.232e-05
BNBUSDT,1722268800000,5.116e-05
BNBUSDT,1722297600000,0.0
BNBUSDT,1722326400000,0.0
BNBUSDT,1722355200000,0.0
BNBUSDT,1722384000000,0.0
BNBUSDT,1722412800000,2.973e-05
BNBUSDT,1722441600000,6.57e-06
BNBUSDT,1722470400000,2.4e-07
BNBUSDT,1722499200000,0.0
BNBUSDT,1722528000000,1.797e-05
BNBUSDT,1722556800000,0.0
BNBUSDT,1722585600000,1.397e-05
BNBUSDT,1722614400000,0.0
BNBUSDT,1722643200000,0.0
BNBUSDT,1722672000000,0.0
BNBUSDT,1722700800000,0.0
BNBUSDT,1722729600000,0.0
BNBUSDT,1722758400000,0.0
BNBUSDT,1722787200000,0.0
BNBUSDT,1722816000000,0.0
BNBUSDT,1722844800000,0.0
BNBUSDT,1722873600000,0.0
BNBUSDT,1722902400000,0.0
BNBUSDT,1722931200000,-0.00010267
BNBUSDT,1722960000000,0.0
BNBUSDT,1722988800000,0.0
BNBUSDT,1723017600000,0.0
BNBUSDT,1723046400000,0.0
BNBUSDT,1723075200000,0.0
BNBUSDT,1723104000000,0.0
BNBUSDT,1723132800000,0.0
BNBUSDT,1723161600000,0.0
BNBUSDT,1723190400000,0.0
BNBUSDT,1723219200000,0.0
BNBUSDT,1723248000000,0.0
BNBUSDT,1723276800000,0.0
BNBUSDT,1723305600000,0.0
BNBUSDT,1723334400000,0.0
BNBUSDT,1723363200000,0.0
BNBUSDT,1723392000000,0.0
BNBUSDT,1723420800000,0.0
BNBUSDT,1723449600000,0.0
BNBUSDT,1723478400000,0.0
BNBUSDT,1723507200000,0.0
BNBUSDT,1723536000000,0.0
BNBUSDT,1723564800000,0.0
BNBUSDT,1723593600000,0.0
BNBUSDT,1723622400000,0.0
BNBUSDT,1723651200000,0.0
BNBUSDT,1723680000000,0.0
BNBUSDT,1723708800000,0.0
BNBUSDT,1723737600000,0.0
BNBUSDT,1723766400000,0.0
BNBUSDT,1723795200000,0.0
BNBUSDT,1723824000000,-6.462e-05
BNBUSDT,1723852800000,-1.124e-05
BNBUSDT,1723881600000,0.0
BNBUSDT,1723910400000,0.0
BNBUSDT,1723939200000,0.0
BNBUSDT,1723968000000,0.0
BNBUSDT,1723996800000,0.0
BNBUSDT,1724025600000,0.0
BNBUSDT,1724054400000,0.0
BNBUSDT,1724083200000,0.0
BNBUSDT,1724112000000,0.0
BNBUSDT,1724140800000,0.0
BNBUSDT,1724169600000,0.0
BNBUSDT,1724198400000,0.0
BNBUSDT,1724227200000,0.0
BNBUSDT,1724256000000,0.0
BNBUSDT,1724284800000,-8.055e-05
BNBUSDT,1724313600000,0.0
BNBUSDT,1724342400000,0.0
BNBUSDT,1724371200000,-0.00020609
BNBUSDT,1724400000000,-0.00016127
BNBUSDT,1724428800000,-0.00025172
BNBUSDT,1724457600000,-0.00033776
BNBUSDT,1724486400000,0.0
BNBUSDT,1724515200000,-0.00025018
BNBUSDT,1724544000000,-0.00017985
BNBUSDT,1724572800000,-0.00018285
BNBUSDT,1724601600000,0.0
BNBUSDT,1724630400000,-6.6e-07
BNBUSDT,1724659200000,0.0
BNBUSDT,1724688000000,0.0
BNBUSDT,1724716800000,0.0
BNBUSDT,1724745600000,0.0
BNBUSDT,1724774400000,0.0
BNBUSDT,1724803200000,0.0
BNBUSDT,1724832000000,0.0
BNBUSDT,1724860800000,0.0
BNBUSDT,1724889600000,0.0
BNBUSDT,1724918400000,0.0
BNBUSDT,1724947200000,0.0
BNBUSDT,1724976000000,0.0
BNBUSDT,1725004800000,0.0
BNBUSDT,1725033600000,0.0
BNBUSDT,1725062400000,0.0
BNBUSDT,1725091200000,0.0
BNBUSDT,1725120000000,0.0
BNBUSDT,1725148800000,0.0
BNBUSDT,1725177600000,0.0
BNBUSDT,1725206400000,-5.365e-05
BNBUSDT,1725235200000,0.0
BNBUSDT,1725264000000,0.0
BNBUSDT,1725292800000,0.0
BNBUSDT,1725321600000,0.0
BNBUSDT,1725350400000,0.0
BNBUSDT,1725379200000,0.0
BNBUSDT,1725408000000,0.0
BNBUSDT,1725436800000,0.0
BNBUSDT,1725465600000,0.0
BNBUSDT,1725494400000,0.0
BNBUSDT,1725523200000,0.0
BNBUSDT,1725552000000,0.0
BNBUSDT,1725580800000,0.0
BNBUSDT,1725609600000,0.0
BNBUSDT,1725638400000,0.0
BNBUSDT,1725667200000,0.0
BNBUSDT,1725696000000,0.0
BNBUSDT,1725724800000,0.0
BNBUSDT,1725753600000,0.0
BNBUSDT,1725782400000,0.0
BNBUSDT,1725811200000,0.0
BNBUSDT,1725840000000,0.0
BNBUSDT,1725868800000,0.0
BNBUSDT,1725897600000,0.0
BNBUSDT,1725926400000,3.94e-06
BNBUSDT,1725955200000,0.0
BNBUSDT,1725984000000,0.0
BNBUSDT,1726012800000,0.0
BNBUSDT,1726041600000,0.0
BNBUSDT,1726070400000,0.0
BNBUSDT,1726099200000,0.0
BNBUSDT,1726128000000,0.0
BNBUSDT,1726156800000,0.0
BNBUSDT,1726185600000,0.0
BNBUSDT,1726214400000,0.0
BNBUSDT,1726243200000,0.0
BNBUSDT,1726272000000,0.0
BNBUSDT,1726300800000,0.0
BNBUSDT,1726329600000,0.0
BNBUSDT,1726358400000,0.0
BNBUSDT,1726387200000,0.0
BNBUSDT,1726416000000,0.0
BNBUSDT,1726444800000,0.0
BNBUSDT,1726473600000,-0.00014697
BNBUSDT,1726502400000,-3.343e-05
BNBUSDT,1726531200000,-0.00015539
BNBUSDT,1726560000000,-9.55e-06
BNBUSDT,1726588800000,-0.00012454
BNBUSDT,1726617600000,-0.00011651
BNBUSDT,1726646400000,-0.00012655
BNBUSDT,1726675200000,-3.002e-05
BNBUSDT,1726704000000,-2.078e-05
BNBUSDT,1726732800000,0.0
BNBUSDT,1726761600000,-0.00035746
BNBUSDT,1726790400000,-7.39e-05
BNBUSDT,1726819200000,0.0
BNBUSDT,1726848000000,0.0
BNBUSDT,1726876800000,0.0
BNBUSDT,1726905600000,0.0
BNBUSDT,1726934400000,0.0
BNBUSDT,1726963200000,0.0
BNBUSDT,1726992000000,0.0
BNBUSDT,1727020800000,0.0
BNBUSDT,1727049600000,0.0
BNBUSDT,1727078400000,0.0
BNBUSDT,1727107200000,0.0
BNBUSDT,1727136000000,6.712e-05
BNBUSDT,1727164800000,0.0
BNBUSDT,1727193600000,0.0
BNBUSDT,1727222400000,0.0
BNBUSDT,1727251200000,0.0
BNBUSDT,1727280000000,0.0
BNBUSDT,1727308800000,0.0
BNBUSDT,1727337600000,0.0
BNBUSDT,1727366400000,0.0
BNBUSDT,1727395200000,0.0
BNBUSDT,1727424000000,0.0
BNBUSDT,1727452800000,0.0
BNBUSDT,1727481600000,0.0
BNBUSDT,1727510400000,5.223e-05
BNBUSDT,1727539200000,0.0
BNBUSDT,1727568000000,0.0
BNBUSDT,1727596800000,0.0
BNBUSDT,1727625600000,0.0
BNBUSDT,1727654400000,0.0
BNBUSDT,1727683200000,0.0
BNBUSDT,1727712000000,0.0
BNBUSDT,1727740800000,0.0
BNBUSDT,1727769600000,0.0
BNBUSDT,1727798400000,0.0
BNBUSDT,1727827200000,-2.629e-05
BNBUSDT,1727856000000,0.0
BNBUSDT,1727884800000,0.0
BNBUSDT,1727913600000,0.0
BNBUSDT,1727942400000,0.0
BNBUSDT,1727971200000,-0.00013994
BNBUSDT,1728000000000,0.0
BNBUSDT,1728028800000,0.0
BNBUSDT,1728057600000,0.0
BNBUSDT,1728086400000,0.0
BNBUSDT,1728115200000,0.0
BNBUSDT,1728144000000,0.0
BNBUSDT,1728172800000,0.0
BNBUSDT,1728201600000,0.0
BNBUSDT,1728230400000,0.0
BNBUSDT,1728259200000,0.0
BNBUSDT,1728288000000,0.0
BNBUSDT,1728316800000,0.0
BNBUSDT,1728345600000,0.0
BNBUSDT,1728374400000,0.0
BNBUSDT,1728403200000,0.0
BNBUSDT,1728432000000,-0.00037285
BNBUSDT,1728460800000,-0.00055575
BNBUSDT,1728489600000,-0.00031397
BNBUSDT,1728518400000,-7.384e-05
BNBUSDT,1728547200000,-9.86e-05
BNBUSDT,1728576000000,-0.0001291
BNBUSDT,1728604800000,-0.00015143
BNBUSDT,1728633600000,0.0
BNBUSDT,1728662400000,0.0
BNBUSDT,1728691200000,0.0
BNBUSDT,1728720000000,0.0
BNBUSDT,1728748800000,0.0
BNBUSDT,1728777600000,0.0
BNBUSDT,1728806400000,0.0
BNBUSDT,1728835200000,0.0
BNBUSDT,1728864000000,0.0
BNBUSDT,1728892800000,0.0
BNBUSDT,1728921600000,0.0
BNBUSDT,1728950400000,0.0
BNBUSDT,1728979200000,6.46e-05
BNBUSDT,1729008000000,1.914e-05
BNBUSDT,1729036800000,6.645e-05
BNBUSDT,1729065600000,3.157e-05
BNBUSDT,1729094400000,0.0
BNBUSDT,1729123200000,0.0
BNBUSDT,1729152000000,0.0
BNBUSDT,1729180800000,0.0
BNBUSDT,1729209600000,0.0
BNBUSDT,1729238400000,0.0
BNBUSDT,1729267200000,0.0
BNBUSDT,1729296000000,0.0
BNBUSDT,1729324800000,0.0
BNBUSDT,1729353600000,0.0
BNBUSDT,1729382400000,0.0
BNBUSDT,1729411200000,0.0
BNBUSDT,1729440000000,0.0
BNBUSDT,1729468800000,0.0
BNBUSDT,1729497600000,0.00016124
BNBUSDT,1729526400000,0.0
BNBUSDT,1729555200000,0.0
BNBUSDT,1729584000000,0.0
BNBUSDT,1729612800000,0.0
BNBUSDT,1729641600000,0.0
BNBUSDT,1729670400000,0.0
BNBUSDT,1729699200000,0.0
BNBUSDT,1729728000000,0.0
BNBUSDT,1729756800000,0.0
BNBUSDT,1729785600000,0.0
BNBUSDT,1729814400000,0.0
BNBUSDT,1729843200000,0.0
BNBUSDT,1729872000000,0.0
BNBUSDT,1729900800000,0.0
BNBUSDT,1729929600000,0.0
BNBUSDT,1729958400000,0.0
BNBUSDT,1729987200000,0.0
BNBUSDT,1730016000000,0.0
BNBUSDT,1730044800000,0.0
BNBUSDT,1730073600000,0.0
BNBUSDT,1730102400000,0.0
BNBUSDT,1730131200000,0.0
BNBUSDT,1730160000000,0.0
BNBUSDT,1730188800000,4.545e-05
BNBUSDT,1730217600000,0.0
BNBUSDT,1730246400000,0.0002239
BNBUSDT,1730275200000,0.00014298
BNBUSDT,1730304000000,0.0
BNBUSDT,1730332800000,7.648e-05
BNBUSDT,1730361600000,3.528e-05
BNBUSDT,1730390400000,0.0
BNBUSDT,1730419200000,0.0
BNBUSDT,1730448000000,0.0
BNBUSDT,1730476800000,0.0
BNBUSDT,1730505600000,0.0
BNBUSDT,1730534400000,0.0
BNBUSDT,1730563200000,0.0
BNBUSDT,1730592000000,0.0
BNBUSDT,1730620800000,0.0
BNBUSDT,1730649600000,0.0
BNBUSDT,1730678400000,0.0
BNBUSDT,1730707200000,0.0
BNBUSDT,1730736000000,0.0
BNBUSDT,1730764800000,0.0
BNBUSDT,1730793600000,0.0
BNBUSDT,1730822400000,0.0
BNBUSDT,1730851200000,0.0
BNBUSDT,1730880000000,2.834e-05
BNBUSDT,1730908800000,7.705e-05
BNBUSDT,1730937600000,4.19e-05
BNBUSDT,1730966400000,0.00027164
BNBUSDT,1730995200000,9.543e-05
BNBUSDT,1731024000000,0.00013806
BNBUSDT,1731052800000,0.00012525
BNBUSDT,1731081600000,0.00012741
BNBUSDT,1731110400000,0.00014585
BNBUSDT,1731139200000,0.00018785
BNBUSDT,1731168000000,0.00015914
BNBUSDT,1731196800000,9.947e-05
BNBUSDT,1731225600000,0.00029165
BNBUSDT,1731254400000,0.00039432
BNBUSDT,1731283200000,0.00025293
BNBUSDT,1731312000000,0.00019878
BNBUSDT,1731340800000,0.00021978
BNBUSDT,1731369600000,0.0004155
BNBUSDT,1731398400000,0.00042666
BNBUSDT,1731427200000,0.00029213
BNBUSDT,1731456000000,0.00015032
BNBUSDT,1731484800000,9.601e-05
BNBUSDT,1731513600000,0.0001672
BNBUSDT,1731542400000,0.00010701
BNBUSDT,1731571200000,0.00015621
BNBUSDT,1731600000000,0.0
BNBUSDT,1731628800000,2.259e-05
BNBUSDT,1731657600000,0.0
BNBUSDT,1731686400000,0.0
BNBUSDT,1731715200000,0.0
BNBUSDT,1731744000000,0.00014634
BNBUSDT,1731772800000,0.00011027
BNBUSDT,1731801600000,0.00010792
BNBUSDT,1731830400000,0.0
BNBUSDT,1731859200000,6.84e-06
BNBUSDT,1731888000000,0.0
BNBUSDT,1731916800000,7.4e-06
BNBUSDT,1731945600000,0.0
BNBUSDT,1731974400000,0.00010006
BNBUSDT,1732003200000,0.00020322
BNBUSDT,1732032000000,0.00021252
BNBUSDT,1732060800000,0.00017739
BNBUSDT,1732089600000,0.00015552
BNBUSDT,1732118400000,0.00013045
BNBUSDT,1732147200000,7.61e-05
BNBUSDT,1732176000000,0.0001129
BNBUSDT,1732204800000,0.00018601
BNBUSDT,1732233600000,0.00026039
BNBUSDT,1732262400000,0.00022074
BNBUSDT,1732291200000,0.00025697
BNBUSDT,1732320000000,0.00025849
BNBUSDT,1732348800000,0.00031409
BNBUSDT,1732377600000,0.00026825
BNBUSDT,1732406400000,0.00027182
BNBUSDT,1732435200000,0.00023194
BNBUSDT,1732464000000,0.00027586
BNBUSDT,1732492800000,0.00016463
BNBUSDT,1732521600000,0.00023382
BNBUSDT,1732550400000,0.00017218
BNBUSDT,1732579200000,0.00019876
BNBUSDT,1732608000000,0.00021015
BNBUSDT,1732636800000,0.00013059
BNBUSDT,1732665600000,0.00014198
BNBUSDT,1732694400000,0.0001679
BNBUSDT,1732723200000,0.00018095
BNBUSDT,1732752000000,0.00025048
BNBUSDT,1732780800000,0.00029079
BNBUSDT,1732809600000,0.00016874
BNBUSDT,1732838400000,0.00025917
BNBUSDT,1732867200000,0.00017784
BNBUSDT,1732896000000,0.00023522
BNBUSDT,1732924800000,0.00025161
BNBUSDT,1732953600000,0.00028198
BNBUSDT,1732982400000,0.00017695
BNBUSDT,1733011200000,0.00020315
BNBUSDT,1733040000000,0.00023081
BNBUSDT,1733068800000,0.00025892
BNBUSDT,1733097600000,0.00034152
BNBUSDT,1733126400000,0.00025785
BNBUSDT,1733155200000,0.00031152
BNBUSDT,1733184000000,0.00036686
BNBUSDT,1733212800000,0.00043533
BNBUSDT,1733241600000,0.0002647
BNBUSDT,1733270400000,0.00027322
BNBUSDT,1733299200000,0.00025819
BNBUSDT,1733328000000,0.00030723
BNBUSDT,1733356800000,0.00042947
BNBUSDT,1733385600000,0.00038805
BNBUSDT,1733414400000,0.00034913
BNBUSDT,1733443200000,0.00028199
BNBUSDT,1733472000000,0.00024535
BNBUSDT,1733500800000,0.00018233
BNBUSDT,1733529600000,0.00033562
BNBUSDT,1733558400000,0.00024332
BNBUSDT,1733587200000,0.00029675
BNBUSDT,1733616000000,0.00019104
BNBUSDT,1733644800000,0.00025929
BNBUSDT,1733673600000,0.00012175
BNBUSDT,1733702400000,0.0002588
BNBUSDT,1733731200000,0.00017589
BNBUSDT,1733760000000,0.00021516
BNBUSDT,1733788800000,0.0
BNBUSDT,1733817600000,9.225e-05
BNBUSDT,1733846400000,5.529e-05
BNBUSDT,1733875200000,7.477e-05
BNBUSDT,1733904000000,6.03e-05
BNBUSDT,1733932800000,7.029e-05
BNBUSDT,1733961600000,8.003e-05
BNBUSDT,1733990400000,3.327e-05
BNBUSDT,1734019200000,1.34e-05
BNBUSDT,1734048000000,8.474e-05
BNBUSDT,1734076800000,0.00010016
BNBUSDT,1734105600000,0.0
BNBUSDT,1734134400000,0.0
BNBUSDT,1734163200000,0.0
BNBUSDT,1734192000000,0.0
BNBUSDT,1734220800000,0.0
BNBUSDT,1734249600000,0.0
BNBUSDT,1734278400000,0.0
BNBUSDT,1734307200000,0.0
BNBUSDT,1734336000000,0.0001529
BNBUSDT,1734364800000,0.00010698
BNBUSDT,1734393600000,0.00013724
BNBUSDT,1734422400000,6.707e-05
BNBUSDT,1734451200000,7.89e-05
BNBUSDT,1734480000000,2.2e-05
BNBUSDT,1734508800000,0.0
BNBUSDT,1734537600000,1.563e-05
BNBUSDT,1734566400000,0.0
BNBUSDT,1734595200000,0.0
BNBUSDT,1734624000000,0.0
BNBUSDT,1734652800000,0.0
BNBUSDT,1734681600000,0.0
BNBUSDT,1734710400000,-1.1e-05
BNBUSDT,1734739200000,0.0
BNBUSDT,1734768000000,0.0
BNBUSDT,1734796800000,0.0
BNBUSDT,1734825600000,0.0
BNBUSDT,1734854400000,0.0
BNBUSDT,1734883200000,0.0
BNBUSDT,1734912000000,0.0
BNBUSDT,1734940800000,0.0
BNBUSDT,1734969600000,-0.00011832
BNBUSDT,1734998400000,-0.00024217
BNBUSDT,1735027200000,-0.00012634
BNBUSDT,1735056000000,0.0
BNBUSDT,1735084800000,-8.695e-05
BNBUSDT,1735113600000,0.0
BNBUSDT,1735142400000,0.0
BNBUSDT,1735171200000,-8.85e-06
BNBUSDT,1735200000000,0.0
BNBUSDT,1735228800000,-0.00031562
BNBUSDT,1735257600000,-0.00016697
BNBUSDT,1735286400000,-0.00011848
BNBUSDT,1735315200000,0.0
BNBUSDT,1735344000000,0.0
BNBUSDT,1735372800000,0.0
BNBUSDT,1735401600000,0.0
BNBUSDT,1735430400000,0.0
BNBUSDT,1735459200000,0.0
BNBUSDT,1735488000000,0.0
BNBUSDT,1735516800000,0.0
BNBUSDT,1735545600000,-7.761e-05
BNBUSDT,1735574400000,0.0
BNBUSDT,1735603200000,0.0
BNBUSDT,1735632000000,-1.412e-05
BNBUSDT,1735660800000,-3.674e-05
BNBUSDT,1735689600000,0.0
BNBUSDT,1735718400000,0.0
BNBUSDT,1735747200000,0.0
BNBUSDT,1735776000000,-0.0001709
BNBUSDT,1735804800000,0.0
BNBUSDT,1735833600000,0.0
BNBUSDT,1735862400000,0.0
BNBUSDT,1735891200000,0.0
BNBUSDT,1735920000000,0.0
BNBUSDT,1735948800000,0.0
BNBUSDT,1735977600000,0.0
BNBUSDT,1736006400000,0.0
BNBUSDT,1736035200000,0.0
BNBUSDT,1736064000000,0.0
BNBUSDT,1736092800000,0.0
BNBUSDT,1736121600000,0.0
BNBUSDT,1736150400000,0.0
BNBUSDT,1736179200000,0.0
BNBUSDT,1736208000000,9.183e-05
BNBUSDT,1736236800000,0.0
BNBUSDT,1736265600000,-7.515e-05
BNBUSDT,1736294400000,-0.00097361
BNBUSDT,1736323200000,-0.00038843
BNBUSDT,1736352000000,-5.393e-05
BNBUSDT,1736380800000,-0.00020205
BNBUSDT,1736409600000,-2.644e-05
BNBUSDT,1736438400000,-6.041e-05
BNBUSDT,1736467200000,-0.00046329
BNBUSDT,1736496000000,-0.00028026
BNBUSDT,1736524800000,0.0
BNBUSDT,1736553600000,0.0
BNBUSDT,1736582400000,0.0
BNBUSDT,1736611200000,0.0
BNBUSDT,1736640000000,0.0
BNBUSDT,1736668800000,0.0
BNBUSDT,1736697600000,-5.64e-05
BNBUSDT,1736726400000,0.0
BNBUSDT,1736755200000,-0.00038994
BNBUSDT,1736784000000,-0.00056181
BNBUSDT,1736812800000,0.0
BNBUSDT,1736841600000,0.0
BNBUSDT,1736870400000,0.0
BNBUSDT,1736899200000,0.0
BNBUSDT,1736928000000,0.0
BNBUSDT,1736956800000,0.0
BNBUSDT,1736985600000,0.0
BNBUSDT,1737014400000,0.0
BNBUSDT,1737043200000,0.0
BNBUSDT,1737072000000,0.0
BNBUSDT,1737100800000,3.588e-05
BNBUSDT,1737129600000,0.0
BNBUSDT,1737158400000,0.0
BNBUSDT,1737187200000,0.0
BNBUSDT,1737216000000,0.0
BNBUSDT,1737244800000,0.0
BNBUSDT,1737273600000,0.00014009
BNBUSDT,1737302400000,7.785e-05
BNBUSDT,1737331200000,3.183e-05
BNBUSDT,1737360000000,0.00012056
BNBUSDT,1737388800000,0.00010734
BNBUSDT,1737417600000,8.84e-06
BNBUSDT,1737446400000,5.365e-05
BNBUSDT,1737475200000,9.555e-05
BNBUSDT,1737504000000,0.00011414
BNBUSDT,1737532800000,0.0
BNBUSDT,1737561600000,0.0
BNBUSDT,1737590400000,7.186e-05
BNBUSDT,1737619200000,3.16e-06
BNBUSDT,1737648000000,0.0
BNBUSDT,1737676800000,0.0
BNBUSDT,1737705600000,8.366e-05
BNBUSDT,1737734400000,0.0
BNBUSDT,1737763200000,0.0
BNBUSDT,1737792000000,0.0
BNBUSDT,1737820800000,8.692e-05
BNBUSDT,1737849600000,7.393e-05
BNBUSDT,1737878400000,0.0
BNBUSDT,1737907200000,0.0
BNBUSDT,1737936000000,0.0
BNBUSDT,1737964800000,-0.00011806
BNBUSDT,1737993600000,0.0
BNBUSDT,1738022400000,0.0
BNBUSDT,1738051200000,0.0
BNBUSDT,1738080000000,0.0
BNBUSDT,1738108800000,0.0
BNBUSDT,1738137600000,0.0
BNBUSDT,1738166400000,0.0
BNBUSDT,1738195200000,0.0
BNBUSDT,1738224000000,0.0
BNBUSDT,1738252800000,0.0
BNBUSDT,1738281600000,0.0
BNBUSDT,1738310400000,0.0
BNBUSDT,1738339200000,0.0
BNBUSDT,1738368000000,0.0
BNBUSDT,1738396800000,6.065e-05
BNBUSDT,1738425600000,0.0
BNBUSDT,1738454400000,0.0
BNBUSDT,1738483200000,0.0
BNBUSDT,1738512000000,0.0
BNBUSDT,1738540800000,0.0
BNBUSDT,1738569600000,0.0
BNBUSDT,1738598400000,0.0
BNBUSDT,1738627200000,0.0
BNBUSDT,1738656000000,0.0
BNBUSDT,1738684800000,0.0
BNBUSDT,1738713600000,0.0
BNBUSDT,1738742400000,0.0
BNBUSDT,1738771200000,0.0
BNBUSDT,1738800000000,0.0
BNBUSDT,1738828800000,0.0
BNBUSDT,1738857600000,-1.062e-05
BNBUSDT,1738886400000,-7.517e-05
BNBUSDT,1738915200000,-9.676e-05
BNBUSDT,1738944000000,0.0
BNBUSDT,1738972800000,0.0
BNBUSDT,1739001600000,0.0
BNBUSDT,1739030400000,0.0
BNBUSDT,1739059200000,-4.891e-05
BNBUSDT,1739088000000,-0.00035055
BNBUSDT,1739116800000,-4.112e-05
BNBUSDT,1739145600000,0.0
BNBUSDT,1739174400000,0.0
BNBUSDT,1739203200000,0.0
BNBUSDT,1739232000000,0.0
BNBUSDT,1739260800000,0.0
BNBUSDT,1739289600000,0.0
BNBUSDT,1739318400000,-0.00014838
BNBUSDT,1739347200000,0.0
BNBUSDT,1739376000000,0.0
BNBUSDT,1739404800000,0.0
BNBUSDT,1739433600000,0.0
BNBUSDT,1739462400000,-0.00055066
BNBUSDT,1739491200000,0.0
BNBUSDT,1739520000000,0.0
BNBUSDT,1739548800000,-5.277e-05
BNBUSDT,1739577600000,-0.00010519
BNBUSDT,1739606400000,0.0
BNBUSDT,1739635200000,-8.377e-05
BNBUSDT,1739664000000,0.0
BNBUSDT,1739692800000,-4.157e-05
BNBUSDT,1739721600000,-0.00035333
BNBUSDT,1739750400000,-0.00014472
BNBUSDT,1739779200000,0.0
BNBUSDT,1739808000000,-0.0001797
BNBUSDT,1739836800000,-4.687e-05
BNBUSDT,1739865600000,-7.162e-05
BNBUSDT,1739894400000,-7.734e-05
BNBUSDT,1739923200000,0.0
BNBUSDT,1739952000000,0.0
BNBUSDT,1739980800000,-0.00018423
BNBUSDT,1740009600000,0.0
BNBUSDT,1740038400000,-2.058e-05
BNBUSDT,1740067200000,-0.00010928
BNBUSDT,1740096000000,0.0
BNBUSDT,1740124800000,-0.00011679
BNBUSDT,1740153600000,-0.00040529
BNBUSDT,1740182400000,-0.00036429
BNBUSDT,1740211200000,-9.168e-05
BNBUSDT,1740240000000,-8.452e-05
BNBUSDT,1740268800000,-7.381e-05
BNBUSDT,1740297600000,-0.00020784
BNBUSDT,1740326400000,-8.545e-05
BNBUSDT,1740355200000,-0.00052382
BNBUSDT,1740384000000,-0.00010661
BNBUSDT,1740412800000,0.0
BNBUSDT,1740441600000,-1.384e-05
BNBUSDT,1740470400000,0.0
BNBUSDT,1740499200000,-3.019e-05
BNBUSDT,1740528000000,-0.00033883
BNBUSDT,1740556800000,-0.00017781
BNBUSDT,1740585600000,-3.69e-05
BNBUSDT,1740614400000,0.0
BNBUSDT,1740643200000,0.0
BNBUSDT,1740672000000,0.0
BNBUSDT,1740700800000,-4.567e-05
BNBUSDT,1740729600000,-6.34e-06
BNBUSDT,1740758400000,-0.00010522
BNBUSDT,1740787200000,0.0
BNBUSDT,1740816000000,-0.00018016
BNBUSDT,1740844800000,-0.00036277
BNBUSDT,1740873600000,-0.00025537
BNBUSDT,1740902400000,-1.752e-05
BNBUSDT,1740931200000,0.0
BNBUSDT,1740960000000,0.0
BNBUSDT,1740988800000,0.0
BNBUSDT,1741017600000,-0.00027543
BNBUSDT,1741046400000,-0.00018834
BNBUSDT,1741075200000,-5.518e-05
BNBUSDT,1741104000000,0.0
BNBUSDT,1741132800000,0.0
BNBUSDT,1741161600000,-9.954e-05
BNBUSDT,1741190400000,0.0
BNBUSDT,1741219200000,0.0
BNBUSDT,1741248000000,0.0
BNBUSDT,1741276800000,0.0
BNBUSDT,1741305600000,0.0
BNBUSDT,1741334400000,0.0
BNBUSDT,1741363200000,0.0
BNBUSDT,1741392000000,0.0
BNBUSDT,1741420800000,0.0
BNBUSDT,1741449600000,0.0
BNBUSDT,1741478400000,0.0
BNBUSDT,1741507200000,-9.932e-05
BNBUSDT,1741536000000,-3.136e-05
BNBUSDT,1741564800000,-0.00010786
BNBUSDT,1741593600000,0.0
BNBUSDT,1741622400000,0.0
BNBUSDT,1741651200000,-6.362e-05
BNBUSDT,1741680000000,-6.049e-05
BNBUSDT,1741708800000,0.0
BNBUSDT,1741737600000,0.0
BNBUSDT,1741766400000,-1.423e-05
BNBUSDT,1741795200000,0.0
BNBUSDT,1741824000000,0.0
BNBUSDT,1741852800000,0.0
BNBUSDT,1741881600000,0.0
BNBUSDT,1741910400000,0.0
BNBUSDT,1741939200000,-4.742e-05
BNBUSDT,1741968000000,-1.454e-05
BNBUSDT,1741996800000,-2.856e-05
BNBUSDT,1742025600000,-7.31e-06
BNBUSDT,1742054400000,0.0
BNBUSDT,1742083200000,0.0
BNBUSDT,1742112000000,0.0
BNBUSDT,1742140800000,0.0
BNBUSDT,1742169600000,0.0
BNBUSDT,1742198400000,0.0
BNBUSDT,1742227200000,0.0
BNBUSDT,1742256000000,-3.807e-05
BNBUSDT,1742284800000,0.0
BNBUSDT,1742313600000,0.0
BNBUSDT,1742342400000,-0.00010693
BNBUSDT,1742371200000,-0.00010256
BNBUSDT,1742400000000,-0.00015238
BNBUSDT,1742428800000,-0.00047322
BNBUSDT,1742457600000,-5.86e-06
BNBUSDT,1742486400000,-0.00012553
BNBUSDT,1742515200000,-0.00031252
BNBUSDT,1742544000000,-0.00055149
BNBUSDT,1742572800000,-0.00034207
BNBUSDT,1742601600000,-0.00033579
BNBUSDT,1742630400000,-0.000331
BNBUSDT,1742659200000,-0.00037452
BNBUSDT,1742688000000,-0.00029912
BNBUSDT,1742716800000,-0.0003243
BNBUSDT,1742745600000,-0.00048595
BNBUSDT,1742774400000,-0.00019082
BNBUSDT,1742803200000,-0.00027641
BNBUSDT,1742832000000,-0.00018556
BNBUSDT,1742860800000,-0.0001407
BNBUSDT,1742889600000,-0.00032595
BNBUSDT,1742918400000,0.0
BNBUSDT,1742947200000,0.0
BNBUSDT,1742976000000,0.0
BNBUSDT,1743004800000,0.0
BNBUSDT,1743033600000,0.0
BNBUSDT,1743062400000,0.0
BNBUSDT,1743091200000,-2.32e-05
BNBUSDT,1743120000000,-0.00023061
BNBUSDT,1743148800000,-0.00019365
BNBUSDT,1743177600000,-3.604e-05
BNBUSDT,1743206400000,-0.00026164
BNBUSDT,1743235200000,-0.0002202
BNBUSDT,1743264000000,-0.00026952
BNBUSDT,1743292800000,-0.00025764
BNBUSDT,1743321600000,-0.00045028
BNBUSDT,1743350400000,-0.00033423
BNBUSDT,1743379200000,-0.00022809
BNBUSDT,1743408000000,-5.04e-05
BNBUSDT,1743436800000,-4.323e-05
BNBUSDT,1743465600000,0.0
BNBUSDT,1743494400000,0.0
BNBUSDT,1743523200000,-0.00079717
BNBUSDT,1743552000000,0.0
BNBUSDT,1743580800000,0.0
BNBUSDT,1743609600000,-8.386e-05
BNBUSDT,1743638400000,-0.0002478
BNBUSDT,1743667200000,-0.00045003
BNBUSDT,1743696000000,0.0
BNBUSDT,1743724800000,0.0
BNBUSDT,1743753600000,0.0
BNBUSDT,1743782400000,0.0
BNBUSDT,1743811200000,0.0
BNBUSDT,1743840000000,0.0
BNBUSDT,1743868800000,0.0
BNBUSDT,1743897600000,0.0
BNBUSDT,1743926400000,0.0
BNBUSDT,1743955200000,0.0
BNBUSDT,1743984000000,0.0
BNBUSDT,1744012800000,0.0
BNBUSDT,1744041600000,0.0
BNBUSDT,1744070400000,0.0
BNBUSDT,1744099200000,0.0
BNBUSDT,1744128000000,0.0
BNBUSDT,1744156800000,0.0
BNBUSDT,1744185600000,0.0
BNBUSDT,1744214400000,0.0
BNBUSDT,1744243200000,0.0
BNBUSDT,1744272000000,0.0
BNBUSDT,1744300800000,0.0
BNBUSDT,1744329600000,0.0
BNBUSDT,1744358400000,0.0
BNBUSDT,1744387200000,0.0
BNBUSDT,1744416000000,0.0
BNBUSDT,1744444800000,-0.00015552
BNBUSDT,1744473600000,-0.00017994
BNBUSDT,1744502400000,0.0
BNBUSDT,1744531200000,0.0
BNBUSDT,1744560000000,-5.726e-05
BNBUSDT,1744588800000,-4.86e-05
BNBUSDT,1744617600000,0.0
BNBUSDT,1744646400000,-0.00013678
BNBUSDT,1744675200000,-9.005e-05
BNBUSDT,1744704000000,0.0
BNBUSDT,1744732800000,0.0
BNBUSDT,1744761600000,-0.00022781
BNBUSDT,1744790400000,0.0
BNBUSDT,1744819200000,0.0
BNBUSDT,1744848000000,0.0
BNBUSDT,1744876800000,0.0
BNBUSDT,1744905600000,0.0
BNBUSDT,1744934400000,0.0
BNBUSDT,1744963200000,-0.00022317
BNBUSDT,1744992000000,-5.807e-05
BNBUSDT,1745020800000,0.0
BNBUSDT,1745049600000,-0.000347
BNBUSDT,1745078400000,-0.00041186
BNBUSDT,1745107200000,0.0
BNBUSDT,1745136000000,0.0
BNBUSDT,1745164800000,0.0
BNBUSDT,1745193600000,-0.00021758
BNBUSDT,1745222400000,0.0
BNBUSDT,1745251200000,0.0
BNBUSDT,1745280000000,-0.00023365
BNBUSDT,1745308800000,-0.00010438
BNBUSDT,1745337600000,0.0
BNBUSDT,1745366400000,0.0
BNBUSDT,1745395200000,0.0
BNBUSDT,1745424000000,0.0
BNBUSDT,1745452800000,0.0
BNBUSDT,1745481600000,0.0
BNBUSDT,1745510400000,0.0
BNBUSDT,1745539200000,0.0
BNBUSDT,1745568000000,0.0
BNBUSDT,1745596800000,0.0
BNBUSDT,1745625600000,0.0
BNBUSDT,1745654400000,-5.172e-05
BNBUSDT,1745683200000,0.0
BNBUSDT,1745712000000,0.0
BNBUSDT,1745740800000,-7.247e-05
BNBUSDT,1745769600000,-8.618e-05
BNBUSDT,1745798400000,0.0
BNBUSDT,1745827200000,0.0
BNBUSDT,1745856000000,0.0
BNBUSDT,1745884800000,0.0
BNBUSDT,1745913600000,0.0
BNBUSDT,1745942400000,-4.513e-05
BNBUSDT,1745971200000,-0.00022437
BNBUSDT,1746000000000,0.0
BNBUSDT,1746028800000,-1.462e-05
BNBUSDT,1746057600000,-0.0004973
BNBUSDT,1746086400000,0.0
BNBUSDT,1746115200000,0.0
BNBUSDT,1746144000000,-0.00020135
BNBUSDT,1746172800000,0.0
BNBUSDT,1746201600000,0.0
BNBUSDT,1746230400000,-6.36e-06
BNBUSDT,1746259200000,0.0
BNBUSDT,1746288000000,-3.504e-05
BNBUSDT,1746316800000,-1.702e-05
BNBUSDT,1746345600000,-3.106e-05
BNBUSDT,1746374400000,-0.00049565
BNBUSDT,1746403200000,-0.0003023
BNBUSDT,1746432000000,0.0
BNBUSDT,1746460800000,0.0
BNBUSDT,1746489600000,-1.939e-05
BNBUSDT,1746518400000,-0.00046111
BNBUSDT,1746547200000,0.0
BNBUSDT,1746576000000,0.0
BNBUSDT,1746604800000,0.0
BNBUSDT,1746633600000,0.0
BNBUSDT,1746662400000,-6.247e-05
BNBUSDT,1746691200000,0.0
BNBUSDT,1746720000000,0.0
BNBUSDT,1746748800000,0.0
BNBUSDT,1746777600000,0.0
BNBUSDT,1746806400000,0.0
BNBUSDT,1746835200000,0.0
BNBUSDT,1746864000000,0.0
BNBUSDT,1746892800000,0.0
BNBUSDT,1746921600000,0.0
BNBUSDT,1746950400000,2.903e-05
BNBUSDT,1746979200000,6.49e-06
BNBUSDT,1747008000000,0.0
BNBUSDT,1747036800000,0.0
BNBUSDT,1747065600000,6.043e-05
BNBUSDT,1747094400000,0.0
BNBUSDT,1747123200000,0.0
BNBUSDT,1747152000000,0.0
BNBUSDT,1747180800000,5.012e-05
BNBUSDT,1747209600000,0.0
BNBUSDT,1747238400000,0.0
BNBUSDT,1747267200000,0.0
BNBUSDT,1747296000000,0.0
BNBUSDT,1747324800000,0.0
BNBUSDT,1747353600000,0.0
BNBUSDT,1747382400000,0.0
BNBUSDT,1747411200000,0.0
BNBUSDT,1747440000000,0.0
BNBUSDT,1747468800000,0.0
BNBUSDT,1747497600000,0.0
BNBUSDT,1747526400000,0.0
BNBUSDT,1747555200000,0.0
BNBUSDT,1747584000000,0.0
BNBUSDT,1747612800000,0.0
BNBUSDT,1747641600000,0.0
BNBUSDT,1747670400000,0.0
BNBUSDT,1747699200000,0.0
BNBUSDT,1747728000000,0.0
BNBUSDT,1747756800000,0.0
BNBUSDT,1747785600000,0.0
BNBUSDT,1747814400000,0.0
BNBUSDT,1747843200000,0.0
BNBUSDT,1747872000000,0.0
BNBUSDT,1747900800000,0.0
BNBUSDT,1747929600000,0.0
BNBUSDT,1747958400000,0.0
BNBUSDT,1747987200000,0.0
BNBUSDT,1748016000000,0.0
BNBUSDT,1748044800000,0.0
BNBUSDT,1748073600000,0.0
BNBUSDT,1748102400000,0.0
BNBUSDT,1748131200000,0.0
BNBUSDT,1748160000000,0.0
BNBUSDT,1748188800000,0.0
BNBUSDT,1748217600000,0.0
BNBUSDT,1748246400000,0.0
BNBUSDT,1748275200000,0.0
BNBUSDT,1748304000000,0.0
BNBUSDT,1748332800000,0.0
BNBUSDT,1748361600000,0.0
BNBUSDT,1748390400000,0.0
BNBUSDT,1748419200000,0.0
BNBUSDT,1748448000000,0.0
BNBUSDT,1748476800000,0.0
BNBUSDT,1748505600000,0.0
BNBUSDT,1748534400000,0.0
BNBUSDT,1748563200000,0.0
BNBUSDT,1748592000000,0.0
BNBUSDT,1748620800000,0.0
BNBUSDT,1748649600000,0.0
BNBUSDT,1748678400000,-3.519e-05
BNBUSDT,1748707200000,0.0
BNBUSDT,1748736000000,0.0
BNBUSDT,1748764800000,-2.485e-05
BNBUSDT,1748793600000,-1.71e-05
BNBUSDT,1748822400000,0.0
BNBUSDT,1748851200000,0.0
BNBUSDT,1748880000000,0.0
BNBUSDT,1748908800000,0.0
BNBUSDT,1748937600000,0.0
BNBUSDT,1748966400000,0.0
BNBUSDT,1748995200000,0.0
BNBUSDT,1749024000000,0.0
BNBUSDT,1749052800000,0.0
BNBUSDT,1749081600000,0.0
BNBUSDT,1749110400000,0.0
BNBUSDT,1749139200000,0.0
BNBUSDT,1749168000000,-0.00017896
BNBUSDT,1749196800000,-0.00016509
BNBUSDT,1749225600000,0.0
BNBUSDT,1749254400000,0.0
BNBUSDT,1749283200000,-2.929e-05
BNBUSDT,1749312000000,-3.338e-05
BNBUSDT,1749340800000,0.0
BNBUSDT,1749369600000,-5.138e-05
BNBUSDT,1749398400000,0.0
BNBUSDT,1749427200000,0.0
BNBUSDT,1749456000000,-0.00013999
BNBUSDT,1749484800000,-2.759e-05
BNBUSDT,1749513600000,0.0
BNBUSDT,1749542400000,0.0
BNBUSDT,1749571200000,-2.84e-05
BNBUSDT,1749600000000,0.0
BNBUSDT,1749628800000,0.0
BNBUSDT,1749657600000,0.0
BNBUSDT,1749686400000,0.0
BNBUSDT,1749715200000,0.0
BNBUSDT,1749744000000,0.0
BNBUSDT,1749772800000,-8.669e-05
BNBUSDT,1749801600000,0.0
BNBUSDT,1749830400000,0.0
BNBUSDT,1749859200000,0.0
BNBUSDT,1749888000000,-9.685e-05
BNBUSDT,1749916800000,-0.0001498
BNBUSDT,1749945600000,-0.00015328
BNBUSDT,1749974400000,0.0
BNBUSDT,1750003200000,0.0
BNBUSDT,1750032000000,0.0
BNBUSDT,1750060800000,0.0
BNBUSDT,1750089600000,0.0
BNBUSDT,1750118400000,0.0
BNBUSDT,1750147200000,0.0
BNBUSDT,1750176000000,0.0
BNBUSDT,1750204800000,0.0
BNBUSDT,1750233600000,0.0
BNBUSDT,1750262400000,-0.00017564
BNBUSDT,1750291200000,-6.854e-05
BNBUSDT,1750320000000,0.0
BNBUSDT,1750348800000,0.0
BNBUSDT,1750377600000,0.0
BNBUSDT,1750406400000,0.0
BNBUSDT,1750435200000,0.0
BNBUSDT,1750464000000,0.0
BNBUSDT,1750492800000,0.0
BNBUSDT,1750521600000,-0.00015072
BNBUSDT,1750550400000,-0.00012535
BNBUSDT,1750579200000,0.0
BNBUSDT,1750608000000,0.0
BNBUSDT,1750636800000,0.0
BNBUSDT,1750665600000,0.0
BNBUSDT,1750694400000,0.0
BNBUSDT,1750723200000,-7.68e-06
BNBUSDT,1750752000000,-0.00016409
BNBUSDT,1750780800000,-0.00012123
BNBUSDT,1750809600000,0.0
BNBUSDT,1750838400000,0.0
BNBUSDT,1750867200000,0.0
BNBUSDT,1750896000000,0.0
BNBUSDT,1750924800000,0.0
BNBUSDT,1750953600000,0.0
BNBUSDT,1750982400000,0.0
BNBUSDT,1751011200000,0.0
BNBUSDT,1751040000000,0.0
BNBUSDT,1751068800000,0.0
BNBUSDT,1751097600000,0.0
BNBUSDT,1751126400000,0.0
BNBUSDT,1751155200000,0.0
BNBUSDT,1751184000000,0.0
BNBUSDT,1751212800000,0.0
BNBUSDT,1751241600000,0.0
BNBUSDT,1751270400000,0.0
BNBUSDT,1751299200000,0.0
BNBUSDT,1751328000000,0.0
BNBUSDT,1751356800000,0.0
BNBUSDT,1751385600000,0.0
BNBUSDT,1751414400000,0.0
BNBUSDT,1751443200000,0.0
BNBUSDT,1751472000000,0.0
BNBUSDT,1751500800000,0.0
BNBUSDT,1751529600000,0.0
BNBUSDT,1751558400000,0.0
BNBUSDT,1751587200000,0.0
BNBUSDT,1751616000000,0.0
BNBUSDT,1751644800000,0.0
BNBUSDT,1751673600000,0.0
BNBUSDT,1751702400000,0.0
BNBUSDT,1751731200000,0.0
BNBUSDT,1751760000000,0.0
BNBUSDT,1751788800000,0.0
BNBUSDT,1751817600000,0.0
BNBUSDT,1751846400000,0.0
BNBUSDT,1751875200000,0.0
BNBUSDT,1751904000000,0.0
BNBUSDT,1751932800000,0.0
BNBUSDT,1751961600000,0.0
BNBUSDT,1751990400000,0.0
BNBUSDT,1752019200000,0.0
BNBUSDT,1752048000000,0.0
BNBUSDT,1752076800000,0.0
BNBUSDT,1752105600000,0.0
BNBUSDT,1752134400000,0.0
BNBUSDT,1752163200000,0.0
BNBUSDT,1752192000000,0.0
BNBUSDT,1752220800000,0.0
BNBUSDT,1752249600000,0.0
BNBUSDT,1752278400000,0.0
BNBUSDT,1752307200000,2.145e-05
BNBUSDT,1752336000000,0.0
BNBUSDT,1752364800000,0.0
BNBUSDT,1752393600000,0.0
BNBUSDT,1752422400000,0.0
BNBUSDT,1752451200000,0.0
BNBUSDT,1752480000000,9.44e-05
BNBUSDT,1752508800000,0.0
BNBUSDT,1752537600000,0.0
BNBUSDT,1752566400000,0.0
BNBUSDT,1752595200000,0.0
BNBUSDT,1752624000000,0.0
BNBUSDT,1752652800000,0.0
BNBUSDT,1752681600000,0.0
BNBUSDT,1752710400000,0.0
BNBUSDT,1752739200000,0.0
BNBUSDT,1752768000000,4.682e-05
BNBUSDT,1752796800000,5.506e-05
BNBUSDT,1752825600000,0.00013265
BNBUSDT,1752854400000,4.213e-05
BNBUSDT,1752883200000,0.0
BNBUSDT,1752912000000,0.0
BNBUSDT,1752940800000,0.0
BNBUSDT,1752969600000,0.0
BNBUSDT,1752998400000,1.211e-05
BNBUSDT,1753027200000,0.0
BNBUSDT,1753056000000,3.139e-05
BNBUSDT,1753084800000,1.13e-05
BNBUSDT,1753113600000,0.00012067
BNBUSDT,1753142400000,0.0
BNBUSDT,1753171200000,0.0
BNBUSDT,1753200000000,0.00010652
BNBUSDT,1753228800000,0.00024488
BNBUSDT,1753257600000,0.00023989
BNBUSDT,1753286400000,3.205e-05
BNBUSDT,1753315200000,0.0
BNBUSDT,1753344000000,0.0
BNBUSDT,1753372800000,3.908e-05
BNBUSDT,1753401600000,0.0
BNBUSDT,1753430400000,0.0
BNBUSDT,1753459200000,1.809e-05
BNBUSDT,1753488000000,0.00013733
BNBUSDT,1753516800000,5.6e-06
BNBUSDT,1753545600000,1.57e-06
BNBUSDT,1753574400000,0.00012703
BNBUSDT,1753603200000,0.0
BNBUSDT,1753632000000,9.734e-05
BNBUSDT,1753660800000,0.00013252
BNBUSDT,1753689600000,0.00010789
BNBUSDT,1753718400000,0.00011022
BNBUSDT,1753747200000,5.822e-05
BNBUSDT,1753776000000,7.14e-06
BNBUSDT,1753804800000,7.209e-05
BNBUSDT,1753833600000,0.00010428
BNBUSDT,1753862400000,3.363e-05
BNBUSDT,1753891200000,3.062e-05
BNBUSDT,1753920000000,7.977e-05
BNBUSDT,1753948800000,0.0
BNBUSDT,1753977600000,0.0
BNBUSDT,1754006400000,0.0
BNBUSDT,1754035200000,2.565e-05
BNBUSDT,1754064000000,3.09e-05
BNBUSDT,1754092800000,9.79e-06
BNBUSDT,1754121600000,0.0
BNBUSDT,1754150400000,0.0
BNBUSDT,1754179200000,3.677e-05
BNBUSDT,1754208000000,0.0
BNBUSDT,1754236800000,0.0
BNBUSDT,1754265600000,0.0
BNBUSDT,1754294400000,0.0
BNBUSDT,1754323200000,0.0
BNBUSDT,1754352000000,0.0
BNBUSDT,1754380800000,0.0
BNBUSDT,1754409600000,0.0
BNBUSDT,1754438400000,0.0
BNBUSDT,1754467200000,0.0
BNBUSDT,1754496000000,3.269e-05
BNBUSDT,1754524800000,4.17e-05
BNBUSDT,1754553600000,0.0
BNBUSDT,1754582400000,0.0
BNBUSDT,1754611200000,0.0
BNBUSDT,1754640000000,0.0
BNBUSDT,1754668800000,0.0
BNBUSDT,1754697600000,0.0
BNBUSDT,1754726400000,0.0
BNBUSDT,1754755200000,5.501e-05
BNBUSDT,1754784000000,0.0
BNBUSDT,1754812800000,3.278e-05
BNBUSDT,1754841600000,0.0
BNBUSDT,1754870400000,0.0
BNBUSDT,1754899200000,0.00014301
BNBUSDT,1754928000000,0.0
BNBUSDT,1754956800000,0.0
BNBUSDT,1754985600000,0.0
BNBUSDT,1755014400000,0.0
BNBUSDT,1755043200000,0.0001441
BNBUSDT,1755072000000,7.511e-05
BNBUSDT,1755100800000,0.00022827
BNBUSDT,1755129600000,2.287e-05
BNBUSDT,1755158400000,0.00019442
BNBUSDT,1755187200000,8.604e-05
BNBUSDT,1755216000000,0.0
BNBUSDT,1755244800000,0.0
BNBUSDT,1755273600000,0.0
BNBUSDT,1755302400000,0.0
BNBUSDT,1755331200000,0.0
BNBUSDT,1755360000000,0.0
BNBUSDT,1755388800000,0.0
BNBUSDT,1755417600000,3.44e-06
BNBUSDT,1755446400000,0.0
BNBUSDT,1755475200000,3.265e-05
BNBUSDT,1755504000000,0.0
BNBUSDT,1755532800000,0.0
BNBUSDT,1755561600000,0.0
BNBUSDT,1755590400000,0.0
BNBUSDT,1755619200000,0.0
BNBUSDT,1755648000000,0.0
BNBUSDT,1755676800000,0.0
BNBUSDT,1755705600000,0.0
BNBUSDT,1755734400000,9.039e-05
BNBUSDT,1755763200000,3.769e-05
BNBUSDT,1755792000000,0.0
BNBUSDT,1755820800000,0.0
BNBUSDT,1755849600000,0.0
BNBUSDT,1755878400000,4.832e-05
BNBUSDT,1755907200000,0.00032856
BNBUSDT,1755936000000,0.00018028
BNBUSDT,1755964800000,0.00012106
BNBUSDT,1755993600000,0.00011059
BNBUSDT,1756022400000,0.00011701
BNBUSDT,1756051200000,0.0
BNBUSDT,1756080000000,9e-08
BNBUSDT,1756108800000,6.642e-05
BNBUSDT,1756137600000,0.0
BNBUSDT,1756166400000,0.0
BNBUSDT,1756195200000,2.8e-06
BNBUSDT,1756224000000,0.0
BNBUSDT,1756252800000,4.937e-05
BNBUSDT,1756281600000,0.0
BNBUSDT,1756310400000,0.0
BNBUSDT,1756339200000,2.791e-05
BNBUSDT,1756368000000,9.121e-05
BNBUSDT,1756396800000,6.997e-05
BNBUSDT,1756425600000,3.288e-05
BNBUSDT,1756454400000,1.013e-05
BNBUSDT,1756483200000,2.538e-05
BNBUSDT,1756512000000,1.126e-05
BNBUSDT,1756540800000,4.455e-05
BNBUSDT,1756569600000,0.0
BNBUSDT,1756598400000,3.932e-05
BNBUSDT,1756627200000,0.0
BNBUSDT,1756656000000,0.0
BNBUSDT,1756684800000,0.0
BNBUSDT,1756713600000,0.0
BNBUSDT,1756742400000,0.0
BNBUSDT,1756771200000,0.0
BNBUSDT,1756800000000,0.0
BNBUSDT,1756828800000,2.168e-05
BNBUSDT,1756857600000,0.0
BNBUSDT,1756886400000,0.0
BNBUSDT,1756915200000,0.0
BNBUSDT,1756944000000,2.732e-05
BNBUSDT,1756972800000,0.0
BNBUSDT,1757001600000,0.0
BNBUSDT,1757030400000,0.0
BNBUSDT,1757059200000,0.0
BNBUSDT,1757088000000,0.0
BNBUSDT,1757116800000,0.0
BNBUSDT,1757145600000,0.0
BNBUSDT,1757174400000,1.384e-05
BNBUSDT,1757203200000,0.0
BNBUSDT,1757232000000,0.0
BNBUSDT,1757260800000,5.222e-05
BNBUSDT,1757289600000,7.418e-05
BNBUSDT,1757318400000,0.0
BNBUSDT,1757347200000,0.0
BNBUSDT,1757376000000,0.00012454
BNBUSDT,1757404800000,9.705e-05
BNBUSDT,1757433600000,0.0
BNBUSDT,1757462400000,0.0
BNBUSDT,1757491200000,5.321e-05
BNBUSDT,1757520000000,0.00010856
BNBUSDT,1757548800000,0.0
BNBUSDT,1757577600000,0.0
BNBUSDT,1757606400000,2.308e-05
BNBUSDT,1757635200000,0.0
BNBUSDT,1757664000000,3.147e-05
BNBUSDT,1757692800000,0.0001083
BNBUSDT,1757721600000,0.00016022
BNBUSDT,1757750400000,0.0001208
BNBUSDT,1757779200000,0.00012118
BNBUSDT,1757808000000,0.0
BNBUSDT,1757836800000,0.00010453
BNBUSDT,1757865600000,0.0
BNBUSDT,1757894400000,0.0
BNBUSDT,1757923200000,0.0
BNBUSDT,1757952000000,0.0
BNBUSDT,1757980800000,1.95e-06
BNBUSDT,1758009600000,0.0
BNBUSDT,1758038400000,0.0
BNBUSDT,1758067200000,0.00015544
BNBUSDT,1758096000000,5.771e-05
BNBUSDT,1758124800000,6.133e-05
BNBUSDT,1758153600000,0.00011161
BNBUSDT,1758182400000,0.00014904
BNBUSDT,1758211200000,7.826e-05
BNBUSDT,1758240000000,3.442e-05
BNBUSDT,1758268800000,0.0
BNBUSDT,1758297600000,8.365e-05
BNBUSDT,1758326400000,0.0
BNBUSDT,1758355200000,0.0
BNBUSDT,1758384000000,0.0
BNBUSDT,1758412800000,0.0
BNBUSDT,1758441600000,0.0
BNBUSDT,1758470400000,0.0
BNBUSDT,1758499200000,0.0
BNBUSDT,1758528000000,4.118e-05
BNBUSDT,1758556800000,7.583e-05
BNBUSDT,1758585600000,4.293e-05
BNBUSDT,1758614400000,0.0
BNBUSDT,1758643200000,0.0
BNBUSDT,1758672000000,6.267e-05
BNBUSDT,1758700800000,0.0
BNBUSDT,1758729600000,9.26e-06
BNBUSDT,1758758400000,0.0
BNBUSDT,1758787200000,0.00011201
BNBUSDT,1758816000000,4.5e-06
BNBUSDT,1758844800000,5.119e-05
BNBUSDT,1758873600000,9.24e-06
BNBUSDT,1758902400000,0.0
BNBUSDT,1758931200000,0.0
BNBUSDT,1758960000000,0.0
BNBUSDT,1758988800000,0.0
BNBUSDT,1759017600000,0.0
BNBUSDT,1759046400000,0.0
BNBUSDT,1759075200000,0.0
BNBUSDT,1759104000000,0.0
BNBUSDT,1759132800000,0.00016081
BNBUSDT,1759161600000,0.0
BNBUSDT,1759190400000,0.0
BNBUSDT,1759219200000,3.761e-05
BNBUSDT,1759248000000,7.373e-05
BNBUSDT,1759276800000,0.0
BNBUSDT,1759305600000,0.0
BNBUSDT,1759334400000,0.0
BNBUSDT,1759363200000,0.0
BNBUSDT,1759392000000,0.0
BNBUSDT,1759420800000,0.0
BNBUSDT,1759449600000,0.00021025
BNBUSDT,1759478400000,9.993e-05
BNBUSDT,1759507200000,2.968e-05
BNBUSDT,1759536000000,9.49e-05
BNBUSDT,1759564800000,3.472e-05
BNBUSDT,1759593600000,3.987e-05
BNBUSDT,1759622400000,4.607e-05
BNBUSDT,1759651200000,0.0
BNBUSDT,1759680000000,0.0
BNBUSDT,1759708800000,0.0
BNBUSDT,1759737600000,6.884e-05
BNBUSDT,1759766400000,3.841e-05
BNBUSDT,1759795200000,0.0
BNBUSDT,1759824000000,0.0
BNBUSDT,1759852800000,6.251e-05
BNBUSDT,1759881600000,0.0
BNBUSDT,1759910400000,0.0
BNBUSDT,1759939200000,0.0
BNBUSDT,1759968000000,0.0
BNBUSDT,1759996800000,0.0
BNBUSDT,1760025600000,0.0
BNBUSDT,1760054400000,0.0
BNBUSDT,1760083200000,0.0
BNBUSDT,1760112000000,0.0
BNBUSDT,1760140800000,2.76e-06
BNBUSDT,1760169600000,0.0
BNBUSDT,1760198400000,0.0
BNBUSDT,1760227200000,0.0
BNBUSDT,1760256000000,0.0
BNBUSDT,1760284800000,-5.331e-05
BNBUSDT,1760313600000,0.0
BNBUSDT,1760342400000,-0.00030569
BNBUSDT,1760371200000,0.0
BNBUSDT,1760400000000,-0.00027668
BNBUSDT,1760428800000,0.0
BNBUSDT,1760457600000,-0.00016775
BNBUSDT,1760486400000,-0.00020435
BNBUSDT,1760515200000,0.0
BNBUSDT,1760544000000,0.0
BNBUSDT,1760572800000,0.0
BNBUSDT,1760601600000,0.0
BNBUSDT,1760630400000,0.0
BNBUSDT,1760659200000,0.0
BNBUSDT,1760688000000,0.0
BNBUSDT,1760716800000,-0.00016779
BNBUSDT,1760745600000,0.0
BNBUSDT,1760774400000,-0.00013138
BNBUSDT,1760803200000,-8.672e-05
BNBUSDT,1760832000000,-1.193e-05
BNBUSDT,1760860800000,0.0
BNBUSDT,1760889600000,-8.195e-05
BNBUSDT,1760918400000,-0.00021765
BNBUSDT,1760947200000,-3.486e-05
BNBUSDT,1760976000000,-0.00035218
BNBUSDT,1761004800000,-2.886e-05
BNBUSDT,1761033600000,0.0
BNBUSDT,1761062400000,0.0
BNBUSDT,1761091200000,0.0
BNBUSDT,1761120000000,-0.00014817
BNBUSDT,1761148800000,-7.842e-05
BNBUSDT,1761177600000,-6.94e-05
BNBUSDT,1761206400000,0.0
BNBUSDT,1761235200000,0.0
BNBUSDT,1761264000000,-0.00020182
BNBUSDT,1761292800000,-3.383e-05
BNBUSDT,1761321600000,-0.00021638
BNBUSDT,1761350400000,-0.00015562
BNBUSDT,1761379200000,-9.134e-05
BNBUSDT,1761408000000,-2.384e-05
BNBUSDT,1761436800000,0.0
BNBUSDT,1761465600000,0.0
BNBUSDT,1761494400000,0.0
BNBUSDT,1761523200000,0.0
BNBUSDT,1761552000000,0.0
BNBUSDT,1761580800000,0.0
BNBUSDT,1761609600000,0.0
BNBUSDT,1761638400000,-0.00011396
BNBUSDT,1761667200000,0.0
BNBUSDT,1761696000000,-0.00029777
BNBUSDT,1761724800000,-0.00023533
BNBUSDT,1761753600000,0.0
BNBUSDT,1761782400000,0.0
BNBUSDT,1761811200000,0.0
BNBUSDT,1761840000000,-9.47e-05
BNBUSDT,1761868800000,-0.00030437
BNBUSDT,1761897600000,-0.00010318
BNBUSDT,1761926400000,0.0
BNBUSDT,1761955200000,-9.114e-05
BNBUSDT,1761984000000,-8.92e-06
BNBUSDT,1762012800000,-0.00014754
BNBUSDT,1762041600000,0.0
BNBUSDT,1762070400000,0.0
BNBUSDT,1762099200000,0.0
BNBUSDT,1762128000000,0.0
BNBUSDT,1762156800000,0.0
BNBUSDT,1762185600000,0.0
BNBUSDT,1762214400000,0.0
BNBUSDT,1762243200000,0.0
BNBUSDT,1762272000000,0.0
BNBUSDT,1762300800000,0.0
BNBUSDT,1762329600000,0.0
BNBUSDT,1762358400000,0.0
BNBUSDT,1762387200000,0.0
BNBUSDT,1762416000000,0.0
BNBUSDT,1762444800000,0.0
BNBUSDT,1762473600000,0.0
BNBUSDT,1762502400000,0.0
BNBUSDT,1762531200000,0.0
BNBUSDT,1762560000000,0.0
BNBUSDT,1762588800000,0.0
BNBUSDT,1762617600000,0.0
BNBUSDT,1762646400000,0.0
BNBUSDT,1762675200000,0.0
BNBUSDT,1762704000000,0.0
BNBUSDT,1762732800000,0.0
BNBUSDT,1762761600000,-6e-08
BNBUSDT,1762790400000,-0.00021863
BNBUSDT,1762819200000,-0.00015352
BNBUSDT,1762848000000,0.0
BNBUSDT,1762876800000,0.0
BNBUSDT,1762905600000,0.0
BNBUSDT,1762934400000,0.0
BNBUSDT,1762963200000,0.0
BNBUSDT,1762992000000,-2.848e-05
BNBUSDT,1763020800000,0.0
BNBUSDT,1763049600000,0.0
BNBUSDT,1763078400000,0.0
BNBUSDT,1763107200000,0.0
BNBUSDT,1763136000000,0.0
BNBUSDT,1763164800000,0.0
BNBUSDT,1763193600000,0.0
BNBUSDT,1763222400000,0.0
BNBUSDT,1763251200000,0.0
BNBUSDT,1763280000000,4.995e-05
BNBUSDT,1763308800000,0.0
BNBUSDT,1763337600000,0.0
BNBUSDT,1763366400000,6.771e-05
BNBUSDT,1763395200000,0.0
BNBUSDT,1763424000000,0.0
BNBUSDT,1763452800000,5.11e-05
BNBUSDT,1763481600000,6.524e-05
BNBUSDT,1763510400000,9.883e-05
BNBUSDT,1763539200000,8.9e-05
BNBUSDT,1763568000000,4.58e-06
BNBUSDT,1763596800000,0.0
BNBUSDT,1763625600000,8.774e-05
BNBUSDT,1763654400000,5.937e-05
BNBUSDT,1763683200000,0.0
BNBUSDT,1763712000000,2.824e-05
BNBUSDT,1763740800000,1.02e-05
BNBUSDT,1763769600000,5.137e-05
BNBUSDT,1763798400000,6.64e-05
BNBUSDT,1763827200000,1.61e-05
BNBUSDT,1763856000000,7.803e-05
BNBUSDT,1763884800000,0.0
BNBUSDT,1763913600000,0.0
BNBUSDT,1763942400000,0.0
BNBUSDT,1763971200000,0.00011464
BNBUSDT,1764000000000,0.0
BNBUSDT,1764028800000,0.00014383
BNBUSDT,1764057600000,0.0
BNBUSDT,1764086400000,0.0
BNBUSDT,1764115200000,0.0
BNBUSDT,1764144000000,8.7e-06
BNBUSDT,1764172800000,0.0
BNBUSDT,1764201600000,5.647e-05
BNBUSDT,1764230400000,0.0
BNBUSDT,1764259200000,0.0
BNBUSDT,1764288000000,0.0
BNBUSDT,1764316800000,0.0
BNBUSDT,1764345600000,0.0
BNBUSDT,1764374400000,0.0
BNBUSDT,1764403200000,0.0
BNBUSDT,1764432000000,0.0
BNBUSDT,1764460800000,0.0
BNBUSDT,1764489600000,0.0
BNBUSDT,1764518400000,0.0
BNBUSDT,1764547200000,0.0
BNBUSDT,1764576000000,0.0
BNBUSDT,1764604800000,0.0
BNBUSDT,1764633600000,0.0
BNBUSDT,1764662400000,0.0
BNBUSDT,1764691200000,0.0
BNBUSDT,1764720000000,0.0
BNBUSDT,1764748800000,0.0
BNBUSDT,1764777600000,0.0
BNBUSDT,1764806400000,3.446e-05
BNBUSDT,1764835200000,5.603e-05
BNBUSDT,1764864000000,5.758e-05
BNBUSDT,1764892800000,2.223e-05
BNBUSDT,1764921600000,1.496e-05
BNBUSDT,1764950400000,2.344e-05
BNBUSDT,1764979200000,0.0
BNBUSDT,1765008000000,0.0
BNBUSDT,1765036800000,0.0
BNBUSDT,1765065600000,0.0
BNBUSDT,1765094400000,0.0
BNBUSDT,1765123200000,0.0
BNBUSDT,1765152000000,0.0
BNBUSDT,1765180800000,2.792e-05
BNBUSDT,1765209600000,3.235e-05
BNBUSDT,1765238400000,0.0
BNBUSDT,1765267200000,0.0
BNBUSDT,1765296000000,0.0
BNBUSDT,1765324800000,1.106e-05
BNBUSDT,1765353600000,0.0
BNBUSDT,1765382400000,0.0
BNBUSDT,1765411200000,3.901e-05
BNBUSDT,1765440000000,0.0
BNBUSDT,1765468800000,0.0
BNBUSDT,1765497600000,0.0
BNBUSDT,1765526400000,0.0
BNBUSDT,1765555200000,0.0
BNBUSDT,1765584000000,0.0
BNBUSDT,1765612800000,0.0
BNBUSDT,1765641600000,6.184e-05
BNBUSDT,1765670400000,3.637e-05
BNBUSDT,1765699200000,0.0
BNBUSDT,1765728000000,1.561e-05
BNBUSDT,1765756800000,0.0
BNBUSDT,1765785600000,0.0
BNBUSDT,1765814400000,0.0
BNBUSDT,1765843200000,0.0
BNBUSDT,1765872000000,0.0
BNBUSDT,1765900800000,0.0
BNBUSDT,1765929600000,0.0
BNBUSDT,1765958400000,0.0
BNBUSDT,1765987200000,0.0
BNBUSDT,1766016000000,0.0
BNBUSDT,1766044800000,0.0
BNBUSDT,1766073600000,0.0
BNBUSDT,1766102400000,0.0
BNBUSDT,1766131200000,0.0
BNBUSDT,1766160000000,0.0
BNBUSDT,1766188800000,6.564e-05
BNBUSDT,1766217600000,4.864e-05
BNBUSDT,1766246400000,5.854e-05
BNBUSDT,1766275200000,1.097e-05
BNBUSDT,1766304000000,0.0
BNBUSDT,1766332800000,5.4e-06
BNBUSDT,1766361600000,1.576e-05
BNBUSDT,1766390400000,0.0
BNBUSDT,1766419200000,8.095e-05
BNBUSDT,1766448000000,1.888e-05
BNBUSDT,1766476800000,0.0
BNBUSDT,1766505600000,0.0
BNBUSDT,1766534400000,0.0
BNBUSDT,1766563200000,0.0
BNBUSDT,1766592000000,0.0
BNBUSDT,1766620800000,0.0
BNBUSDT,1766649600000,0.0
BNBUSDT,1766678400000,0.0
BNBUSDT,1766707200000,0.0
BNBUSDT,1766736000000,0.0
BNBUSDT,1766764800000,0.0
BNBUSDT,1766793600000,0.0
BNBUSDT,1766822400000,0.0
BNBUSDT,1766851200000,4.901e-05
BNBUSDT,1766880000000,4.48e-05
BNBUSDT,1766908800000,1.94e-05
BNBUSDT,1766937600000,0.00010964
BNBUSDT,1766966400000,0.00011598
BNBUSDT,1766995200000,0.0
BNBUSDT,1767024000000,0.0
BNBUSDT,1767052800000,0.0
BNBUSDT,1767081600000,0.0
BNBUSDT,1767110400000,2.05e-05
BNBUSDT,1767139200000,7.039e-05
BNBUSDT,1767168000000,0.0
BNBUSDT,1767196800000,7.346e-05
BNBUSDT,1767225600000,6.523e-05
BNBUSDT,1767254400000,7.071e-05
BNBUSDT,1767283200000,0.0
BNBUSDT,1767312000000,0.0
BNBUSDT,1767340800000,0.0
BNBUSDT,1767369600000,5.392e-05
BNBUSDT,1767398400000,0.00010055
BNBUSDT,1767427200000,3.998e-05
BNBUSDT,1767456000000,0.0
BNBUSDT,1767484800000,2.126e-05
BNBUSDT,1767513600000,4.64e-05
BNBUSDT,1767542400000,0.00010041
BNBUSDT,1767571200000,0.00010532
BNBUSDT,1767600000000,8.5e-06
BNBUSDT,1767628800000,5.953e-05
BNBUSDT,1767657600000,0.00010224
BNBUSDT,1767686400000,0.0
BNBUSDT,1767715200000,5.142e-05
BNBUSDT,1767744000000,4.136e-05
BNBUSDT,1767772800000,6.57e-05
BNBUSDT,1767801600000,3.29e-06
BNBUSDT,1767830400000,4.555e-05
BNBUSDT,1767859200000,0.0
BNBUSDT,1767888000000,0.0
BNBUSDT,1767916800000,0.0
BNBUSDT,1767945600000,0.0
BNBUSDT,1767974400000,0.0
BNBUSDT,1768003200000,1.141e-05
BNBUSDT,1768032000000,0.00012634
BNBUSDT,1768060800000,5.12e-06
BNBUSDT,1768089600000,0.000134
BNBUSDT,1768118400000,9.446e-05
BNBUSDT,1768147200000,3.344e-05
BNBUSDT,1768176000000,0.0
BNBUSDT,1768204800000,0.0
BNBUSDT,1768233600000,7.6e-07
BNBUSDT,1768262400000,8.828e-05
BNBUSDT,1768291200000,4.761e-05
BNBUSDT,1768320000000,0.0001388
BNBUSDT,1768348800000,0.00014578
BNBUSDT,1768377600000,0.00011312
BNBUSDT,1768406400000,5.156e-05
BNBUSDT,1768435200000,0.00011014
BNBUSDT,1768464000000,4.44e-06
BNBUSDT,1768492800000,4.633e-05
BNBUSDT,1768521600000,0.0
BNBUSDT,1768550400000,0.0
BNBUSDT,1768579200000,0.0
BNBUSDT,1768608000000,0.0
BNBUSDT,1768636800000,0.0
BNBUSDT,1768665600000,0.0
BNBUSDT,1768694400000,4.767e-05
BNBUSDT,1768723200000,0.0
BNBUSDT,1768752000000,0.0
BNBUSDT,1768780800000,0.0
BNBUSDT,1768809600000,0.0
BNBUSDT,1768838400000,0.0
BNBUSDT,1768867200000,1.336e-05
BNBUSDT,1768896000000,0.0
BNBUSDT,1768924800000,0.0
BNBUSDT,1768953600000,0.0
BNBUSDT,1768982400000,0.0
BNBUSDT,1769011200000,0.0
BNBUSDT,1769040000000,0.0
BNBUSDT,1769068800000,0.0
BNBUSDT,1769097600000,0.0
BNBUSDT,1769126400000,0.0
BNBUSDT,1769155200000,0.0
BNBUSDT,1769184000000,1.487e-05
BNBUSDT,1769212800000,4.664e-05
BNBUSDT,1769241600000,0.0
BNBUSDT,1769270400000,0.0
BNBUSDT,1769299200000,0.0
BNBUSDT,1769328000000,3.686e-05
BNBUSDT,1769356800000,0.0
BNBUSDT,1769385600000,0.0
BNBUSDT,1769414400000,1.338e-05
BNBUSDT,1769443200000,5.329e-05
BNBUSDT,1769472000000,4.882e-05
BNBUSDT,1769500800000,0.0
BNBUSDT,1769529600000,6.294e-05
BNBUSDT,1769558400000,7.193e-05
BNBUSDT,1769587200000,2.537e-05
BNBUSDT,1769616000000,0.0
BNBUSDT,1769644800000,3.327e-05
BNBUSDT,1769673600000,3.639e-05
BNBUSDT,1769702400000,2.28e-05
BNBUSDT,1769731200000,0.0
BNBUSDT,1769760000000,0.0
BNBUSDT,1769788800000,0.0
BNBUSDT,1769817600000,0.0
BNBUSDT,1769846400000,0.0
BNBUSDT,1769875200000,0.0
BNBUSDT,1769904000000,0.0
BNBUSDT,1769932800000,0.0
BNBUSDT,1769961600000,0.0
BNBUSDT,1769990400000,0.0
BNBUSDT,1770019200000,0.0
BNBUSDT,1770048000000,0.0
BNBUSDT,1770076800000,0.0
BNBUSDT,1770105600000,0.0
BNBUSDT,1770134400000,0.0
BNBUSDT,1770163200000,0.0
BNBUSDT,1770192000000,0.0
BNBUSDT,1770220800000,0.0
BNBUSDT,1770249600000,0.0
BNBUSDT,1770278400000,0.0
BNBUSDT,1770307200000,0.0
BNBUSDT,1770336000000,1.73e-05
BNBUSDT,1770364800000,0.0
BNBUSDT,1770393600000,0.0
BNBUSDT,1770422400000,0.0
BNBUSDT,1770451200000,0.0
BNBUSDT,1770480000000,0.0
BNBUSDT,1770508800000,0.0
BNBUSDT,1770537600000,0.0
BNBUSDT,1770566400000,0.0
BNBUSDT,1770595200000,0.0
BNBUSDT,1770624000000,0.0
BNBUSDT,1770652800000,0.0
BNBUSDT,1770681600000,0.0
BNBUSDT,1770710400000,0.0
BNBUSDT,1770739200000,0.0
BNBUSDT,1770768000000,0.0
BNBUSDT,1770796800000,0.0
BNBUSDT,1770825600000,0.0
BNBUSDT,1770854400000,0.0
BNBUSDT,1770883200000,0.0
BNBUSDT,1770912000000,0.0
BNBUSDT,1770940800000,0.0
BNBUSDT,1770969600000,0.0
BNBUSDT,1770998400000,0.0
BNBUSDT,1771027200000,0.0
BNBUSDT,1771056000000,0.0
BNBUSDT,1771084800000,0.0
BNBUSDT,1771113600000,0.0
BNBUSDT,1771142400000,0.0
BNBUSDT,1771171200000,0.0
BNBUSDT,1771200000000,0.0
BNBUSDT,1771228800000,0.0
BNBUSDT,1771257600000,0.0
BNBUSDT,1771286400000,0.0
BNBUSDT,1771315200000,0.0
BNBUSDT,1771344000000,0.0
BNBUSDT,1771372800000,0.0
BNBUSDT,1771401600000,0.0
BNBUSDT,1771430400000,0.0
BNBUSDT,1771459200000,0.0
BNBUSDT,1771488000000,0.0
BNBUSDT,1771516800000,-7.139e-05
BNBUSDT,1771545600000,0.0
BNBUSDT,1771574400000,0.0
BNBUSDT,1771603200000,0.0
BNBUSDT,1771632000000,0.0
BNBUSDT,1771660800000,0.0
BNBUSDT,1771689600000,0.0
BNBUSDT,1771718400000,0.0
BNBUSDT,1771747200000,0.0
BNBUSDT,1771776000000,0.0
BNBUSDT,1771804800000,0.0
BNBUSDT,1771833600000,0.0
BNBUSDT,1771862400000,0.0
BNBUSDT,1771891200000,0.0
BNBUSDT,1771920000000,0.0
BNBUSDT,1771948800000,0.0
BNBUSDT,1771977600000,0.0
BNBUSDT,1772006400000,0.0
BNBUSDT,1772035200000,0.0
BNBUSDT,1772064000000,0.0
BNBUSDT,1772092800000,0.0
BNBUSDT,1772121600000,0.0
BNBUSDT,1772150400000,0.0
BNBUSDT,1772179200000,0.0
BNBUSDT,1772208000000,0.0
BNBUSDT,1772236800000,0.0
BNBUSDT,1772265600000,0.0
BNBUSDT,1772294400000,0.0
BNBUSDT,1772323200000,0.0
BNBUSDT,1772352000000,0.0
BNBUSDT,1772380800000,0.0
BNBUSDT,1772409600000,0.0
BNBUSDT,1772438400000,0.0
BNBUSDT,1772467200000,0.0
BNBUSDT,1772496000000,0.0
BNBUSDT,1772524800000,0.0
BNBUSDT,1772553600000,0.0
BNBUSDT,1772582400000,0.0
BNBUSDT,1772611200000,0.0
BNBUSDT,1772640000000,0.0
BNBUSDT,1772668800000,0.0
BNBUSDT,1772697600000,0.0
BNBUSDT,1772726400000,0.0
BNBUSDT,1772755200000,0.0
BNBUSDT,1772784000000,0.0
BNBUSDT,1772812800000,0.0
BNBUSDT,1772841600000,0.0
BNBUSDT,1772870400000,0.0
BNBUSDT,1772899200000,0.0
BNBUSDT,1772928000000,0.0
BNBUSDT,1772956800000,0.0
BNBUSDT,1772985600000,0.0
BNBUSDT,1773014400000,0.0
BNBUSDT,1773043200000,0.0
BNBUSDT,1773072000000,0.0
BNBUSDT,1773100800000,0.0
BNBUSDT,1773129600000,0.0
BNBUSDT,1773158400000,0.0
BNBUSDT,1773187200000,0.0
BNBUSDT,1773216000000,0.0
BNBUSDT,1773244800000,0.0
BNBUSDT,1773273600000,0.0
BNBUSDT,1773302400000,0.0
BNBUSDT,1773331200000,0.0
BNBUSDT,1773360000000,0.0
BNBUSDT,1773388800000,0.0
BNBUSDT,1773417600000,0.0
BNBUSDT,1773446400000,0.0
BNBUSDT,1773475200000,0.0
BNBUSDT,1773504000000,0.0
BNBUSDT,1773532800000,0.0
BNBUSDT,1773561600000,0.0
BNBUSDT,1773590400000,0.0
BNBUSDT,1773619200000,0.0
BNBUSDT,1773648000000,0.0
BNBUSDT,1773676800000,0.0
BNBUSDT,1773705600000,0.0
BNBUSDT,1773734400000,0.0
BNBUSDT,1773763200000,0.0
BNBUSDT,1773792000000,0.0
BNBUSDT,1773820800000,0.0
BNBUSDT,1773849600000,0.0
BNBUSDT,1773878400000,-5.147e-05
BNBUSDT,1773907200000,-5.01e-05
BNBUSDT,1773936000000,0.0
BNBUSDT,1773964800000,0.0
BNBUSDT,1773993600000,-0.00012728
BNBUSDT,1774022400000,0.0
BNBUSDT,1774051200000,0.0
BNBUSDT,1774080000000,0.0
BNBUSDT,1774108800000,0.0
BNBUSDT,1774137600000,0.0
BNBUSDT,1774166400000,0.0
BNBUSDT,1774195200000,-7.288e-05
BNBUSDT,1774224000000,-4.454e-05
BNBUSDT,1774252800000,0.0
BNBUSDT,1774281600000,0.0
BNBUSDT,1774310400000,0.0
BNBUSDT,1774339200000,0.0
BNBUSDT,1774368000000,0.0
BNBUSDT,1774396800000,0.0
BNBUSDT,1774425600000,0.0
BNBUSDT,1774454400000,0.0
BNBUSDT,1774483200000,0.0
BNBUSDT,1774512000000,0.0
BNBUSDT,1774540800000,0.0
BNBUSDT,1774569600000,0.0
BNBUSDT,1774598400000,0.0
BNBUSDT,1774627200000,-2.719e-05
BNBUSDT,1774656000000,0.0
BNBUSDT,1774684800000,0.0
BNBUSDT,1774713600000,0.0
BNBUSDT,1774742400000,0.0
BNBUSDT,1774771200000,0.0
BNBUSDT,1774800000000,0.0
BNBUSDT,1774828800000,0.0
BNBUSDT,1774857600000,0.0
BNBUSDT,1774886400000,0.0
BNBUSDT,1774915200000,0.0
BNBUSDT,1774944000000,0.0
BNBUSDT,1774972800000,0.0
BNBUSDT,1775001600000,0.0
BNBUSDT,1775030400000,4.798e-05
BNBUSDT,1775059200000,3.638e-05
BNBUSDT,1775088000000,7.43e-06
BNBUSDT,1775116800000,0.0
BNBUSDT,1775145600000,0.0
BNBUSDT,1775174400000,0.0
BNBUSDT,1775203200000,0.0
BNBUSDT,1775232000000,0.0
BNBUSDT,1775260800000,0.0
BNBUSDT,1775289600000,0.0
BNBUSDT,1775318400000,0.0
BNBUSDT,1775347200000,0.0
BNBUSDT,1775376000000,0.0
BNBUSDT,1775404800000,0.0
BNBUSDT,1775433600000,0.0
BNBUSDT,1775462400000,0.0
BNBUSDT,1775491200000,3.249e-05
BNBUSDT,1775520000000,4.57e-06
BNBUSDT,1775548800000,0.0
BNBUSDT,1775577600000,0.0
BNBUSDT,1775606400000,0.00010441
BNBUSDT,1775635200000,5.151e-05
BNBUSDT,1775664000000,4.108e-05
BNBUSDT,1775692800000,2.561e-05
BNBUSDT,1775721600000,1.1e-07
BNBUSDT,1775750400000,3.305e-05
BNBUSDT,1775779200000,5.621e-05
BNBUSDT,1775808000000,0.0
BNBUSDT,1775836800000,0.0
BNBUSDT,1775865600000,9.157e-05
BNBUSDT,1775894400000,0.0
BNBUSDT,1775923200000,1.54e-06
BNBUSDT,1775952000000,6.577e-05
BNBUSDT,1775980800000,0.0
BNBUSDT,1776009600000,0.0
BNBUSDT,1776038400000,0.0
BNBUSDT,1776067200000,0.0
BNBUSDT,1776096000000,0.0
BNBUSDT,1776124800000,0.00015422
BNBUSDT,1776153600000,5.862e-05
BNBUSDT,1776182400000,3.028e-05
BNBUSDT,1776211200000,3.773e-05
BNBUSDT,1776240000000,0.0
BNBUSDT,1776268800000,4.407e-05
BNBUSDT,1776297600000,0.00010905
BNBUSDT,1776326400000,0.0
BNBUSDT,1776355200000,0.0
BNBUSDT,1776384000000,9.789e-05
BNBUSDT,1776412800000,2.34e-06
BNBUSDT,1776441600000,0.0
BNBUSDT,1776470400000,1.541e-05
BNBUSDT,1776499200000,1.38e-06
BNBUSDT,1776528000000,0.0
BNBUSDT,1776556800000,1.261e-05
BNBUSDT,1776585600000,0.0
BNBUSDT,1776614400000,0.0
BNBUSDT,1776643200000,0.0
BNBUSDT,1776672000000,3.601e-05
BNBUSDT,1776700800000,1.888e-05
BNBUSDT,1776729600000,5.462e-05
BNBUSDT,1776758400000,0.0
BNBUSDT,1776787200000,0.0
BNBUSDT,1776816000000,0.0
BNBUSDT,1776844800000,5.781e-05
BNBUSDT,1776873600000,7.639e-05
BNBUSDT,1776902400000,1.259e-05
BNBUSDT,1776931200000,0.0
BNBUSDT,1776960000000,0.0
BNBUSDT,1776988800000,3.278e-05
BNBUSDT,1777017600000,0.0
BNBUSDT,1777046400000,7.341e-05
BNBUSDT,1777075200000,3.157e-05
BNBUSDT,1777104000000,0.0
BNBUSDT,1777132800000,0.0
BNBUSDT,1777161600000,0.0
BNBUSDT,1777190400000,3.265e-05
BNBUSDT,1777219200000,6.26e-06
BNBUSDT,1777248000000,2.096e-05
BNBUSDT,1777276800000,0.0
BNBUSDT,1777305600000,0.0
BNBUSDT,1777334400000,0.0
BNBUSDT,1777363200000,0.0
BNBUSDT,1777392000000,4.102e-05
BNBUSDT,1777420800000,4.604e-05
BNBUSDT,1777449600000,0.0
BNBUSDT,1777478400000,0.0
BNBUSDT,1777507200000,0.0
BNBUSDT,1777536000000,0.0
BNBUSDT,1777564800000,6.97e-06
BNBUSDT,1777593600000,1.441e-05
BNBUSDT,1777622400000,0.0
BNBUSDT,1777651200000,1.996e-05
BNBUSDT,1777680000000,6.706e-05
BNBUSDT,1777708800000,0.0
BNBUSDT,1777737600000,4.5e-06
BNBUSDT,1777766400000,2.275e-05
BNBUSDT,1777795200000,0.0
BNBUSDT,1777824000000,5.316e-05
BNBUSDT,1777852800000,1.607e-05
BNBUSDT,1777881600000,0.00011312
BNBUSDT,1777910400000,2.752e-05
BNBUSDT,1777939200000,5.378e-05
BNBUSDT,1777968000000,3.103e-05
BNBUSDT,1777996800000,0.00010704
BNBUSDT,1778025600000,0.00011317
BNBUSDT,1778054400000,1.521e-05
BNBUSDT,1778083200000,9.46e-05
BNBUSDT,1778112000000,9.945e-05
BNBUSDT,1778140800000,4.52e-05
BNBUSDT,1778169600000,5.902e-05
BNBUSDT,1778198400000,8.91e-06
BNBUSDT,1778227200000,0.0
BNBUSDT,1778256000000,0.0
BNBUSDT,1778284800000,2.196e-05
BNBUSDT,1778313600000,0.00010676
BNBUSDT,1778342400000,7.448e-05
BNBUSDT,1778371200000,2.289e-05
BNBUSDT,1778400000000,3.11e-06
BNBUSDT,1778428800000,7.97e-05
BNBUSDT,1778457600000,9.23e-05
BNBUSDT,1778486400000,8.28e-06
BNBUSDT,1778515200000,0.0
BNBUSDT,1778544000000,6.651e-05
BNBUSDT,1778572800000,0.0
BNBUSDT,1778601600000,0.00015663
BNBUSDT,1778630400000,0.0001297
BNBUSDT,1778659200000,6.636e-05
BNBUSDT,1778688000000,0.0
BNBUSDT,1778716800000,0.0
BNBUSDT,1778745600000,0.0
BNBUSDT,1778774400000,0.0
BNBUSDT,1778803200000,0.00012416
BNBUSDT,1778832000000,0.0
BNBUSDT,1778860800000,0.0
BNBUSDT,1778889600000,0.0
BNBUSDT,1778918400000,0.0
BNBUSDT,1778947200000,0.0
BNBUSDT,1778976000000,0.0
BNBUSDT,1779004800000,3.265e-05
BNBUSDT,1779033600000,0.0
BNBUSDT,1779062400000,0.0
BNBUSDT,1779091200000,4.297e-05
BNBUSDT,1779120000000,0.0
BNBUSDT,1779148800000,0.0
BNBUSDT,1779177600000,0.0
BNBUSDT,1779206400000,1.483e-05
BNBUSDT,1779235200000,7.62e-05
BNBUSDT,1779264000000,8.89e-06
BNBUSDT,1779292800000,6.24e-05
BNBUSDT,1779321600000,2.383e-05
BNBUSDT,1779350400000,8.131e-05
BNBUSDT,1779379200000,5.686e-05
BNBUSDT,1779408000000,4.007e-05
BNBUSDT,1779436800000,2.067e-05
BNBUSDT,1779465600000,0.0
BNBUSDT,1779494400000,2.14e-06
BNBUSDT,1779523200000,0.0
BNBUSDT,1779552000000,0.0
BNBUSDT,1779580800000,4.985e-05
BNBUSDT,1779609600000,4.422e-05
BNBUSDT,1779638400000,9.4e-05
BNBUSDT,1779667200000,0.0
BNBUSDT,1779696000000,6.74e-05
BNBUSDT,1779724800000,4.621e-05
BNBUSDT,1779753600000,5.354e-05
BNBUSDT,1779782400000,0.0
BNBUSDT,1779811200000,2.838e-05
BNBUSDT,1779840000000,3.134e-05
BNBUSDT,1779868800000,7.44e-05
BNBUSDT,1779897600000,6.759e-05
BNBUSDT,1779926400000,5.788e-05
BNBUSDT,1779955200000,0.0
BNBUSDT,1779984000000,0.0
BNBUSDT,1780012800000,7.032e-05
BNBUSDT,1780041600000,0.0
BNBUSDT,1780070400000,9.1e-06
BNBUSDT,1780099200000,3.792e-05
BNBUSDT,1780128000000,0.00010904
BNBUSDT,1780156800000,0.00011873
BNBUSDT,1780185600000,0.0
BNBUSDT,1780214400000,0.0
BNBUSDT,1780243200000,1.15e-06
BNBUSDT,1780272000000,0.0
BNBUSDT,1780300800000,9.172e-05
BNBUSDT,1780329600000,0.0
BNBUSDT,1780358400000,0.0
BNBUSDT,1780387200000,3.806e-05
BNBUSDT,1780416000000,0.0001285
BNBUSDT,1780444800000,3.437e-05
BNBUSDT,1780473600000,6.088e-05
BNBUSDT,1780502400000,3.58e-05
BNBUSDT,1780531200000,0.0
BNBUSDT,1780560000000,5.166e-05
BNBUSDT,1780588800000,0.0
BNBUSDT,1780617600000,0.0
BNBUSDT,1780646400000,0.0
BNBUSDT,1780675200000,4.098e-05
BNBUSDT,1780704000000,6.864e-05
BNBUSDT,1780732800000,0.0
BNBUSDT,1780761600000,0.0
BNBUSDT,1780790400000,0.0
BNBUSDT,1780819200000,0.0
BNBUSDT,1780848000000,0.0
BNBUSDT,1780876800000,0.0
BNBUSDT,1780905600000,0.0
BNBUSDT,1780934400000,0.0
BNBUSDT,1780963200000,0.0
BNBUSDT,1780992000000,0.0
BNBUSDT,1781020800000,0.0
BNBUSDT,1781049600000,8.6e-06
BNBUSDT,1781078400000,0.0
BNBUSDT,1781107200000,0.0
BNBUSDT,1781136000000,0.0
BNBUSDT,1781164800000,0.0
BNBUSDT,1781193600000,4.668e-05
BNBUSDT,1781222400000,2.744e-05
BNBUSDT,1781251200000,0.0
BNBUSDT,1781280000000,6.548e-05
BNBUSDT,1781308800000,0.0
BNBUSDT,1781337600000,0.0
BNBUSDT,1781366400000,4.204e-05
BNBUSDT,1781395200000,0.0
BNBUSDT,1781424000000,0.0
BNBUSDT,1781452800000,0.0
BNBUSDT,1781481600000,0.0
BNBUSDT,1781510400000,5.384e-05
BNBUSDT,1781539200000,1.223e-05
BNBUSDT,1781568000000,0.0
BNBUSDT,1781596800000,0.0
BNBUSDT,1781625600000,0.0
BNBUSDT,1781654400000,3.807e-05
BNBUSDT,1781683200000,5.44e-05
BNBUSDT,1781712000000,5.276e-05
BNBUSDT,1781740800000,5.822e-05
BNBUSDT,1781769600000,0.0
BNBUSDT,1781798400000,0.0
BNBUSDT,1781827200000,0.0
BNBUSDT,1781856000000,0.0
BNBUSDT,1781884800000,0.0
BNBUSDT,1781913600000,0.0
BNBUSDT,1781942400000,1.83e-05
BNBUSDT,1781971200000,4.245e-05
BNBUSDT,1782000000000,0.0
BNBUSDT,1782028800000,0.0
BNBUSDT,1782057600000,5.515e-05
BNBUSDT,1782086400000,0.0
BNBUSDT,1782115200000,0.0
BNBUSDT,1782144000000,0.0
BNBUSDT,1782172800000,0.0
BNBUSDT,1782201600000,0.0
BNBUSDT,1782230400000,0.0
BNBUSDT,1782259200000,0.0
BNBUSDT,1782288000000,0.0
BNBUSDT,1782316800000,0.0
BNBUSDT,1782345600000,0.0
BNBUSDT,1782374400000,0.0
BNBUSDT,1782403200000,0.0
BNBUSDT,1782432000000,0.0
BNBUSDT,1782460800000,0.0
BNBUSDT,1782489600000,0.0
BNBUSDT,1782518400000,6.039e-05
BNBUSDT,1782547200000,4.127e-05
BNBUSDT,1782576000000,6.89e-05
BNBUSDT,1782604800000,0.0
BNBUSDT,1782633600000,0.0
BNBUSDT,1782662400000,0.0
BNBUSDT,1782691200000,0.0
BNBUSDT,1782720000000,6.52e-06
BNBUSDT,1782748800000,1.584e-05
BNBUSDT,1782777600000,4.028e-05
BNBUSDT,1782806400000,0.0
BNBUSDT,1782835200000,0.0
BNBUSDT,1782864000000,8.374e-05
BNBUSDT,1782892800000,1.081e-05
BNBUSDT,1782921600000,0.0
BNBUSDT,1782950400000,5.254e-05
BNBUSDT,1782979200000,4.503e-05
BNBUSDT,1783008000000,0.00010499
BNBUSDT,1783036800000,4.19e-05
BNBUSDT,1783065600000,5.653e-05
BNBUSDT,1783094400000,0.0001291
BNBUSDT,1783123200000,0.00019594
BNBUSDT,1783152000000,0.00012176
BNBUSDT,1783180800000,0.00010833
BNBUSDT,1783209600000,4.393e-05
BNBUSDT,1783238400000,3.193e-05
BNBUSDT,1783267200000,7.046e-05
BNBUSDT,1783296000000,4.905e-05
BNBUSDT,1783324800000,2.64e-05
BNBUSDT,1783353600000,7.35e-06
BNBUSDT,1783382400000,2.595e-05
BNBUSDT,1783411200000,0.0
BNBUSDT,1783440000000,1.872e-05
BNBUSDT,1783468800000,4.957e-05
BNBUSDT,1783497600000,1.075e-05
BNBUSDT,1783526400000,0.0
BNBUSDT,1783555200000,3.204e-05
BNBUSDT,1783584000000,8.613e-05
BNBUSDT,1783612800000,0.00012025
BNBUSDT,1783641600000,7.403e-05
BNBUSDT,1783670400000,0.00011748
BNBUSDT,1783699200000,0.00011027
BNBUSDT,1783728000000,9.961e-05
BNBUSDT,1783756800000,5.645e-05
BNBUSDT,1783785600000,7.755e-05
BNBUSDT,1783814400000,8.35e-05
BNBUSDT,1783843200000,0.0
BNBUSDT,1783872000000,0.00011818
BNBUSDT,1783900800000,4.761e-05
BNBUSDT,1783929600000,1.62e-06
BNBUSDT,1783958400000,3.773e-05
BNBUSDT,1783987200000,0.0
BNBUSDT,1784016000000,3.843e-05
BNBUSDT,1784044800000,9.807e-05
BNBUSDT,1784073600000,0.00012457
BNBUSDT,1784102400000,0.00013454
BNBUSDT,1784131200000,8.756e-05
BNBUSDT,1784160000000,0.00014088
BNBUSDT,1784188800000,9.816e-05
BNBUSDT,1784217600000,0.0001107
BNBUSDT,1784246400000,6.363e-05
BNBUSDT,1784275200000,2.252e-05
BNBUSDT,1784304000000,0.0
BNBUSDT,1784332800000,0.0
BNBUSDT,1784361600000,2.518e-05
BNBUSDT,1784390400000,9.856e-05
BNBUSDT,1784419200000,6.925e-05
BNBUSDT,1784448000000,2.07e-05
BNBUSDT,1784476800000,6.631e-05
BNBUSDT,1784505600000,2.43e-06
BNBUSDT,1784534400000,0.0
BNBUSDT,1784563200000,8.469e-05
BNBUSDT,1784592000000,6.225e-05
BNBUSDT,1784620800000,9.386e-05
BNBUSDT,1784649600000,0.00011917
BNBUSDT,1784678400000,0.00015287
BNBUSDT,1784707200000,6.61e-05
BNBUSDT,1784736000000,0.00010491
BNBUSDT,1784764800000,5.785e-05
BNBUSDT,1784793600000,0.0
BNBUSDT,1784822400000,3.257e-05
BNBUSDT,1784851200000,1.896e-05
BNBUSDT,1784880000000,0.0
BNBUSDT,1784908800000,0.0
BNBUSDT,1784937600000,9.23e-06
BNBUSDT,1784966400000,5.581e-05
BNBUSDT,1784995200000,3.563e-05
BNBUSDT,1785024000000,6.601e-05
BNBUSDT,1785052800000,0.00010218
BNBUSDT,1785081600000,0.00010676
BNBUSDT,1785110400000,6.721e-05
BNBUSDT,1785139200000,0.0
BNBUSDT,1785168000000,0.0
BNBUSDT,1785196800000,2.237e-05
BNBUSDT,1785225600000,0.0
BNBUSDT,1785254400000,7.903e-05
BNBUSDT,1785283200000,2.957e-05
BNBUSDT,1785312000000,3.688e-05
BNBUSDT,1785340800000,1.878e-05
BNBUSDT,1785369600000,6.905e-05
BNBUSDT,1785398400000,5.247e-05
BNBUSDT,1785427200000,0.0001066
BNBUSDT,1785456000000,5.15e-05
BNBUSDT,1785484800000,2.909e-05
BNBUSDT,1785513600000,5.473e-05
BNBUSDT,1785542400000,1.396e-05
BNBUSDT,1785571200000,5.477e-05
BNBUSDT,1785600000000,9.812e-05
BNBUSDT,1785628800000,6.616e-05
BNBUSDT,1785657600000,6.611e-05
BNBUSDT,1785686400000,8.51e-05
BNBUSDT,1785715200000,0.00015493
BNBUSDT,1785744000000,5.941e-05
BNBUSDT,1785772800000,9.8e-05
BNBUSDT,1785801600000,0.00011987
BNBUSDT,1785830400000,2.499e-05
BNBUSDT,1785859200000,3.091e-05
BNBUSDT,1785888000000,8.17e-06
BNBUSDT,1785916800000,2.061e-05
BNBUSDT,1785945600000,1.565e-05
BNBUSDT,1785974400000,0.0
BNBUSDT,1786003200000,0.0
BNBUSDT,1786032000000,0.0
BNBUSDT,1786060800000,0.0
BNBUSDT,1786089600000,0.0
BNBUSDT,1786118400000,2.042e-05
BNBUSDT,1786147200000,2.913e-05
BNBUSDT,1786176000000,6.062e-05
BNBUSDT,1786204800000,8.649e-05
BNBUSDT,1786233600000,3.867e-05
BNBUSDT,1786262400000,2.556e-05
BNBUSDT,1786291200000,0.00011833
BNBUSDT,1786320000000,0.00011836
BNBUSDT,1786348800000,4.224e-05
BNBUSDT,1786377600000,0.00010793
BNBUSDT,1786406400000,7.867e-05
BNBUSDT,1786435200000,6.203e-05
BNBUSDT,1786464000000,8.918e-05
BNBUSDT,1786492800000,1.08e-05
BNBUSDT,1786521600000,7.907e-05
BNBUSDT,1786550400000,0.0
BNBUSDT,1786579200000,0.0
BNBUSDT,1786608000000,0.0
BNBUSDT,1786636800000,0.0
BNBUSDT,1786665600000,0.0
BNBUSDT,1786694400000,0.0
BNBUSDT,1786723200000,0.0
BNBUSDT,1786752000000,0.0
BNBUSDT,1786780800000,4.271e-05
BNBUSDT,1786809600000,0.0
BNBUSDT,1786838400000,1.29e-06
BNBUSDT,1786867200000,0.0
BNBUSDT,1786896000000,0.0
BNBUSDT,1786924800000,0.0
BNBUSDT,1786953600000,0.0
BNBUSDT,1786982400000,1.602e-05
BNBUSDT,1787011200000,4.724e-05
BNBUSDT,1787040000000,1.077e-05
BNBUSDT,1787068800000,5.6e-06
BNBUSDT,1787097600000,2.362e-05
BNBUSDT,1787126400000,2.314e-05
BNBUSDT,1787155200000,2.929e-05
BNBUSDT,1787184000000,0.00021922
BNBUSDT,1787212800000,6.818e-05
BNBUSDT,1787241600000,0.0
BNBUSDT,1787270400000,0.00015178
BNBUSDT,1787299200000,2.448e-05
BNBUSDT,1787328000000,0.00021317
BNBUSDT,1787356800000,0.00023005
BNBUSDT,1787385600000,0.00032423
BNBUSDT,1787414400000,0.00018909
BNBUSDT,1787443200000,0.00020804
BNBUSDT,1787472000000,0.0001553
BNBUSDT,1787500800000,0.0
BNBUSDT,1787529600000,9.681e-05
BNBUSDT,1787558400000,1.34e-06
BNBUSDT,1787587200000,2.642e-05
BNBUSDT,1787616000000,0.0
BNBUSDT,1787644800000,7.358e-05
BNBUSDT,1787673600000,0.0
BNBUSDT,1787702400000,0.0
BNBUSDT,1787731200000,0.0
BNBUSDT,1787760000000,1.995e-05
BNBUSDT,1787788800000,8.233e-05
BNBUSDT,1787817600000,1.213e-05
BNBUSDT,1787846400000,4.706e-05
BNBUSDT,1787875200000,0.0
BNBUSDT,1787904000000,2.18e-05
BNBUSDT,1787932800000,0.0
BNBUSDT,1787961600000,0.0
BNBUSDT,1787990400000,0.0
BNBUSDT,1788019200000,0.0
BNBUSDT,1788048000000,0.0
BNBUSDT,1788076800000,3.789e-05
BNBUSDT,1788105600000,0.0
BNBUSDT,1788134400000,8.8e-07
BNBUSDT,1788163200000,0.0
BNBUSDT,1788192000000,0.0
BNBUSDT,1788220800000,0.0
BNBUSDT,1788249600000,2.811e-05
BNBUSDT,1788278400000,0.0
BNBUSDT,1788307200000,8.422e-05
BNBUSDT,1788336000000,0.0
BNBUSDT,1788364800000,2.201e-05
BNBUSDT,1788393600000,4.908e-05
BNBUSDT,1788422400000,6.877e-05
BNBUSDT,1788451200000,0.00010374
BNBUSDT,1788480000000,9.884e-05
BNBUSDT,1788508800000,0.00010168
BNBUSDT,1788537600000,7.329e-05
BNBUSDT,1788566400000,3.342e-05
BNBUSDT,1788595200000,1.856e-05
BNBUSDT,1788624000000,0.00013707
BNBUSDT,1788652800000,5.095e-05
BNBUSDT,1788681600000,1.931e-05
BNBUSDT,1788710400000,3.078e-05
BNBUSDT,1788739200000,1.725e-05
BNBUSDT,1788768000000,8.399e-05
BNBUSDT,1788796800000,5.184e-05
BNBUSDT,1788825600000,4.501e-05
BNBUSDT,1788854400000,0.0
BNBUSDT,1788883200000,0.0
BNBUSDT,1788912000000,0.0
BNBUSDT,1788940800000,0.0
BNBUSDT,1788969600000,0.0
BNBUSDT,1788998400000,0.0
BNBUSDT,1789027200000,0.0
BNBUSDT,1789056000000,0.0
BNBUSDT,1789084800000,0.0
BNBUSDT,1789113600000,0.0
BNBUSDT,1789142400000,0.0
BNBUSDT,1789171200000,0.0
BNBUSDT,1789200000000,2.142e-05
BNBUSDT,1789228800000,4.935e-05
BNBUSDT,1789257600000,3.042e-05
BNBUSDT,1789286400000,0.0
BNBUSDT,1789315200000,3.937e-05
BNBUSDT,1789344000000,0.0
BNBUSDT,1789372800000,3.639e-05
BTCUSDT,1568102400000,0.0001
BTCUSDT,1568131200000,0.0001
BTCUSDT,1568160000000,0.0001
BTCUSDT,1568188800000,0.0001
BTCUSDT,1568217600000,0.0001
BTCUSDT,1568246400000,0.0001
BTCUSDT,1568275200000,0.0001
BTCUSDT,1568304000000,0.0001
BTCUSDT,1568332800000,0.0001
BTCUSDT,1568361600000,0.0001
BTCUSDT,1568390400000,0.0001
BTCUSDT,1568419200000,0.0001
BTCUSDT,1568448000000,0.0001
BTCUSDT,1568476800000,0.0001
BTCUSDT,1568505600000,0.0001
BTCUSDT,1568534400000,0.0001
BTCUSDT,1568563200000,0.0001
BTCUSDT,1568592000000,0.0001
BTCUSDT,1568620800000,0.0001
BTCUSDT,1568649600000,0.0001
BTCUSDT,1568678400000,0.0001
BTCUSDT,1568707200000,0.0001
BTCUSDT,1568736000000,0.0001
BTCUSDT,1568764800000,0.0001
BTCUSDT,1568793600000,0.0001
BTCUSDT,1568822400000,0.0001
BTCUSDT,1568851200000,0.0001
BTCUSDT,1568880000000,0.0001
BTCUSDT,1568908800000,0.0001
BTCUSDT,1568937600000,0.0001
BTCUSDT,1568966400000,0.0001
BTCUSDT,1568995200000,0.0001
BTCUSDT,1569024000000,0.0001
BTCUSDT,1569052800000,0.0001
BTCUSDT,1569081600000,0.0001
BTCUSDT,1569110400000,0.0001
BTCUSDT,1569139200000,0.0001
BTCUSDT,1569168000000,0.0001
BTCUSDT,1569196800000,0.0001
BTCUSDT,1569225600000,0.0001
BTCUSDT,1569254400000,0.0001
BTCUSDT,1569283200000,0.0001
BTCUSDT,1569312000000,0.0001
BTCUSDT,1569340800000,0.0001
BTCUSDT,1569369600000,0.0001
BTCUSDT,1569398400000,0.0001
BTCUSDT,1569427200000,0.0001
BTCUSDT,1569456000000,0.0001
BTCUSDT,1569484800000,0.0001
BTCUSDT,1569513600000,0.0001
BTCUSDT,1569542400000,0.0001
BTCUSDT,1569571200000,0.0001
BTCUSDT,1569600000000,0.0001
BTCUSDT,1569628800000,0.0001
BTCUSDT,1569657600000,0.0001
BTCUSDT,1569686400000,0.0001
BTCUSDT,1569715200000,0.0001
BTCUSDT,1569744000000,0.0001
BTCUSDT,1569772800000,0.0001
BTCUSDT,1569801600000,0.0001
BTCUSDT,1569830400000,0.0001
BTCUSDT,1569859200000,0.0001
BTCUSDT,1569888000000,0.0001
BTCUSDT,1569916800000,0.0001
BTCUSDT,1569945600000,0.0001
BTCUSDT,1569974400000,0.0001
BTCUSDT,1570003200000,0.0001
BTCUSDT,1570032000000,-0.00052458
BTCUSDT,1570060800000,-0.0003222
BTCUSDT,1570089600000,-6.876e-05
BTCUSDT,1570118400000,0.0001
BTCUSDT,1570147200000,0.0001
BTCUSDT,1570176000000,3.592e-05
BTCUSDT,1570204800000,-0.00013704
BTCUSDT,1570233600000,-0.00025688
BTCUSDT,1570262400000,-0.0002266
BTCUSDT,1570291200000,-1.226e-05
BTCUSDT,1570320000000,-0.00011057
BTCUSDT,1570348800000,-3.644e-05
BTCUSDT,1570377600000,2.715e-05
BTCUSDT,1570406400000,-5.063e-05
BTCUSDT,1570435200000,-0.00020006
BTCUSDT,1570464000000,-0.00024859
BTCUSDT,1570492800000,0.0001
BTCUSDT,1570521600000,0.0001
BTCUSDT,1570550400000,0.0001
BTCUSDT,1570579200000,0.0001
BTCUSDT,1570608000000,0.0001
BTCUSDT,1570636800000,0.0001
BTCUSDT,1570665600000,0.0001
BTCUSDT,1570694400000,0.0001
BTCUSDT,1570723200000,0.0001
BTCUSDT,1570752000000,0.0001
BTCUSDT,1570780800000,0.0001
BTCUSDT,1570809600000,0.0001
BTCUSDT,1570838400000,0.0001
BTCUSDT,1570867200000,0.0001
BTCUSDT,1570896000000,0.0001
BTCUSDT,1570924800000,0.0001
BTCUSDT,1570953600000,0.0001
BTCUSDT,1570982400000,0.0001
BTCUSDT,1571011200000,0.0001
BTCUSDT,1571040000000,0.0001
BTCUSDT,1571068800000,0.0001
BTCUSDT,1571097600000,0.0001
BTCUSDT,1571126400000,0.0001
BTCUSDT,1571155200000,0.0001
BTCUSDT,1571184000000,0.0001
BTCUSDT,1571212800000,0.0001
BTCUSDT,1571241600000,0.0001
BTCUSDT,1571270400000,0.0001
BTCUSDT,1571299200000,0.0001
BTCUSDT,1571328000000,0.0001
BTCUSDT,1571356800000,0.0001
BTCUSDT,1571385600000,0.0001
BTCUSDT,1571414400000,0.0001
BTCUSDT,1571443200000,0.0001
BTCUSDT,1571472000000,0.0001
BTCUSDT,1571500800000,0.0001
BTCUSDT,1571529600000,0.0001
BTCUSDT,1571558400000,0.0001
BTCUSDT,1571587200000,0.0001
BTCUSDT,1571616000000,0.0001
BTCUSDT,1571644800000,0.0001
BTCUSDT,1571673600000,0.0001
BTCUSDT,1571702400000,0.0001
BTCUSDT,1571731200000,0.0001
BTCUSDT,1571760000000,0.0001
BTCUSDT,1571788800000,0.0001
BTCUSDT,1571817600000,0.0001
BTCUSDT,1571846400000,0.0001
BTCUSDT,1571875200000,0.0001
BTCUSDT,1571904000000,0.0001
BTCUSDT,1571932800000,-4.395e-05
BTCUSDT,1571961600000,0.0001
BTCUSDT,1571990400000,0.0001
BTCUSDT,1572019200000,-0.00014709
BTCUSDT,1572048000000,0.0001
BTCUSDT,1572076800000,0.00013709
BTCUSDT,1572105600000,0.00030874
BTCUSDT,1572134400000,0.0001
BTCUSDT,1572163200000,0.00018561
BTCUSDT,1572192000000,0.0001
BTCUSDT,1572220800000,0.00012485
BTCUSDT,1572249600000,0.00078363
BTCUSDT,1572278400000,0.00073711
BTCUSDT,1572307200000,0.00053797
BTCUSDT,1572336000000,0.00016366
BTCUSDT,1572364800000,0.00046967
BTCUSDT,1572393600000,0.00025294
BTCUSDT,1572422400000,0.0002903
BTCUSDT,1572451200000,0.00052312
BTCUSDT,1572480000000,0.0001317
BTCUSDT,1572508800000,0.00038598
BTCUSDT,1572537600000,0.00041061
BTCUSDT,1572566400000,0.00015873
BTCUSDT,1572595200000,0.00048728
BTCUSDT,1572624000000,0.0001
BTCUSDT,1572652800000,0.0001
BTCUSDT,1572681600000,0.0001
BTCUSDT,1572710400000,0.0001
BTCUSDT,1572739200000,0.0001
BTCUSDT,1572768000000,0.0001
BTCUSDT,1572796800000,0.0001
BTCUSDT,1572825600000,0.0001
BTCUSDT,1572854400000,0.00010072
BTCUSDT,1572883200000,0.0001
BTCUSDT,1572912000000,0.0001
BTCUSDT,1572940800000,0.0001
BTCUSDT,1572969600000,0.0001
BTCUSDT,1572998400000,0.0001
BTCUSDT,1573027200000,0.0001
BTCUSDT,1573056000000,0.00013877
BTCUSDT,1573084800000,0.00027025
BTCUSDT,1573113600000,0.00018004
BTCUSDT,1573142400000,0.0001953
BTCUSDT,1573171200000,0.000125
BTCUSDT,1573200000000,0.0001
BTCUSDT,1573228800000,0.0001
BTCUSDT,1573257600000,0.0001
BTCUSDT,1573286400000,0.0001
BTCUSDT,1573315200000,0.0001
BTCUSDT,1573344000000,0.0001
BTCUSDT,1573372800000,0.0001
BTCUSDT,1573401600000,0.0001
BTCUSDT,1573430400000,0.0001
BTCUSDT,1573459200000,0.0001
BTCUSDT,1573488000000,0.0001
BTCUSDT,1573516800000,0.0001
BTCUSDT,1573545600000,0.0001
BTCUSDT,1573574400000,0.0001
BTCUSDT,1573603200000,-0.00022089
BTCUSDT,1573632000000,0.0001
BTCUSDT,1573660800000,0.0001
BTCUSDT,1573689600000,0.0001
BTCUSDT,1573718400000,0.0001
BTCUSDT,1573747200000,0.0001
BTCUSDT,1573776000000,0.0001
BTCUSDT,1573804800000,0.0001
BTCUSDT,1573833600000,0.0001
BTCUSDT,1573862400000,0.0001
BTCUSDT,1573891200000,0.0001
BTCUSDT,1573920000000,0.0001
BTCUSDT,1573948800000,0.0001
BTCUSDT,1573977600000,0.0001
BTCUSDT,1574006400000,0.0001
BTCUSDT,1574035200000,0.0001
BTCUSDT,1574064000000,0.0001
BTCUSDT,1574092800000,0.0001
BTCUSDT,1574121600000,0.0001
BTCUSDT,1574150400000,0.0001
BTCUSDT,1574179200000,0.0001
BTCUSDT,1574208000000,0.0001
BTCUSDT,1574236800000,0.0001
BTCUSDT,1574265600000,0.0001
BTCUSDT,1574294400000,0.0001
BTCUSDT,1574323200000,0.0001
BTCUSDT,1574352000000,0.0001
BTCUSDT,1574380800000,6.832e-05
BTCUSDT,1574409600000,9.601e-05
BTCUSDT,1574438400000,-0.00025622
BTCUSDT,1574467200000,-0.0002867
BTCUSDT,1574496000000,-0.00017048
BTCUSDT,1574524800000,-0.0001429
BTCUSDT,1574553600000,-0.00010216
BTCUSDT,1574582400000,0.0001
BTCUSDT,1574611200000,0.0001
BTCUSDT,1574640000000,0.0001
BTCUSDT,1574668800000,-3.046e-05
BTCUSDT,1574697600000,-0.00011089
BTCUSDT,1574726400000,-8.462e-05
BTCUSDT,1574755200000,-0.00046229
BTCUSDT,1574784000000,-0.00036807
BTCUSDT,1574812800000,-0.00018098
BTCUSDT,1574841600000,-0.00015744
BTCUSDT,1574870400000,0.0001
BTCUSDT,1574899200000,0.0001
BTCUSDT,1574928000000,0.0001
BTCUSDT,1574956800000,0.0001
BTCUSDT,1574985600000,0.0001
BTCUSDT,1575014400000,0.0001
BTCUSDT,1575043200000,0.0001
BTCUSDT,1575072000000,0.0001
BTCUSDT,1575100800000,-1.926e-05
BTCUSDT,1575129600000,0.0001
BTCUSDT,1575158400000,0.0001
BTCUSDT,1575187200000,0.0001
BTCUSDT,1575216000000,0.0001
BTCUSDT,1575244800000,0.0001
BTCUSDT,1575273600000,0.0001
BTCUSDT,1575302400000,1.721e-05
BTCUSDT,1575331200000,1.418e-05
BTCUSDT,1575360000000,8.902e-05
BTCUSDT,1575388800000,-1.025e-05
BTCUSDT,1575417600000,-3.55e-06
BTCUSDT,1575446400000,3.333e-05
BTCUSDT,1575475200000,-5.268e-05
BTCUSDT,1575504000000,2.564e-05
BTCUSDT,1575532800000,-9.765e-05
BTCUSDT,1575561600000,1.789e-05
BTCUSDT,1575590400000,7.761e-05
BTCUSDT,1575619200000,5.834e-05
BTCUSDT,1575648000000,6.551e-05
BTCUSDT,1575676800000,0.0001
BTCUSDT,1575705600000,3.809e-05
BTCUSDT,1575734400000,0.0001
BTCUSDT,1575763200000,0.0001
BTCUSDT,1575792000000,0.0001
BTCUSDT,1575820800000,0.0001
BTCUSDT,1575849600000,0.0001
BTCUSDT,1575878400000,0.0001
BTCUSDT,1575907200000,0.0001
BTCUSDT,1575936000000,0.0001
BTCUSDT,1575964800000,0.0001
BTCUSDT,1575993600000,0.0001
BTCUSDT,1576022400000,0.0001
BTCUSDT,1576051200000,4.062e-05
BTCUSDT,1576080000000,-5.692e-05
BTCUSDT,1576108800000,3.16e-05
BTCUSDT,1576137600000,-3.2e-06
BTCUSDT,1576166400000,-8.52e-05
BTCUSDT,1576195200000,-7.162e-05
BTCUSDT,1576224000000,-0.00011387
BTCUSDT,1576252800000,-9.781e-05
BTCUSDT,1576281600000,-5.358e-05
BTCUSDT,1576310400000,2.252e-05
BTCUSDT,1576339200000,0.0001
BTCUSDT,1576368000000,-1.788e-05
BTCUSDT,1576396800000,7.982e-05
BTCUSDT,1576425600000,2.225e-05
BTCUSDT,1576454400000,-0.00013465
BTCUSDT,1576483200000,-0.00010782
BTCUSDT,1576512000000,-3.652e-05
BTCUSDT,1576540800000,-4.606e-05
BTCUSDT,1576569600000,-0.00013429
BTCUSDT,1576598400000,-1.606e-05
BTCUSDT,1576627200000,-0.00013767
BTCUSDT,1576656000000,-0.00022278
BTCUSDT,1576684800000,-0.0001509
BTCUSDT,1576713600000,0.0001
BTCUSDT,1576742400000,0.0001
BTCUSDT,1576771200000,0.0001
BTCUSDT,1576800000000,2.383e-05
BTCUSDT,1576828800000,1.034e-05
BTCUSDT,1576857600000,3.19e-05
BTCUSDT,1576886400000,-2.37e-06
BTCUSDT,1576915200000,0.0001
BTCUSDT,1576944000000,0.0001
BTCUSDT,1576972800000,0.0001
BTCUSDT,1577001600000,0.0001
BTCUSDT,1577030400000,1.57e-05
BTCUSDT,1577059200000,0.0001
BTCUSDT,1577088000000,0.0001
BTCUSDT,1577116800000,0.0001
BTCUSDT,1577145600000,0.0001
BTCUSDT,1577174400000,0.0001
BTCUSDT,1577203200000,0.0001
BTCUSDT,1577232000000,0.0001
BTCUSDT,1577260800000,6.107e-05
BTCUSDT,1577289600000,0.0001
BTCUSDT,1577318400000,0.0001
BTCUSDT,1577347200000,0.0001
BTCUSDT,1577376000000,-2.854e-05
BTCUSDT,1577404800000,2.605e-05
BTCUSDT,1577433600000,-5.694e-05
BTCUSDT,1577462400000,-8.764e-05
BTCUSDT,1577491200000,-7.701e-05
BTCUSDT,1577520000000,-4.257e-05
BTCUSDT,1577548800000,2.166e-05
BTCUSDT,1577577600000,-0.0002325
BTCUSDT,1577606400000,0.0001
BTCUSDT,1577635200000,-8.727e-05
BTCUSDT,1577664000000,-0.00010232
BTCUSDT,1577692800000,-0.0001794
BTCUSDT,1577721600000,-1.406e-05
BTCUSDT,1577750400000,3.936e-05
BTCUSDT,1577779200000,-0.0001305
BTCUSDT,1577808000000,-2.403e-05
BTCUSDT,1577836800000,-0.00012359
BTCUSDT,1577865600000,-0.00012383
BTCUSDT,1577894400000,-9.664e-05
BTCUSDT,1577923200000,3.662e-05
BTCUSDT,1577952000000,0.0001
BTCUSDT,1577980800000,1.04e-06
BTCUSDT,1578009600000,-1.664e-05
BTCUSDT,1578038400000,-1.553e-05
BTCUSDT,1578067200000,0.0001
BTCUSDT,1578096000000,0.0001
BTCUSDT,1578124800000,8.4e-07
BTCUSDT,1578153600000,7.387e-05
BTCUSDT,1578182400000,0.0001
BTCUSDT,1578211200000,0.0001
BTCUSDT,1578240000000,0.0001
BTCUSDT,1578268800000,0.0001
BTCUSDT,1578297600000,0.0001
BTCUSDT,1578326400000,0.0001
BTCUSDT,1578355200000,0.0001
BTCUSDT,1578384000000,0.0001
BTCUSDT,1578412800000,0.0001
BTCUSDT,1578441600000,0.00012514
BTCUSDT,1578470400000,0.0001
BTCUSDT,1578499200000,0.0001
BTCUSDT,1578528000000,0.0001
BTCUSDT,1578556800000,0.0001
BTCUSDT,1578585600000,0.0001
BTCUSDT,1578614400000,0.0001
BTCUSDT,1578643200000,0.0001
BTCUSDT,1578672000000,0.0001
BTCUSDT,1578700800000,0.0001
BTCUSDT,1578729600000,0.00017846
BTCUSDT,1578758400000,0.0001
BTCUSDT,1578787200000,0.0001
BTCUSDT,1578816000000,0.0001
BTCUSDT,1578844800000,0.0001
BTCUSDT,1578873600000,0.0001
BTCUSDT,1578902400000,0.0001
BTCUSDT,1578931200000,0.0001
BTCUSDT,1578960000000,0.0001
BTCUSDT,1578988800000,0.000259
BTCUSDT,1579017600000,0.0001
BTCUSDT,1579046400000,0.00049392
BTCUSDT,1579075200000,0.00019497
BTCUSDT,1579104000000,0.0001
BTCUSDT,1579132800000,0.0001
BTCUSDT,1579161600000,0.00041191
BTCUSDT,1579190400000,0.00031466
BTCUSDT,1579219200000,0.0001
BTCUSDT,1579248000000,0.00015027
BTCUSDT,1579276800000,0.00056749
BTCUSDT,1579305600000,0.0001
BTCUSDT,1579334400000,0.00029182
BTCUSDT,1579363200000,0.00032081
BTCUSDT,1579392000000,0.00020041
BTCUSDT,1579420800000,0.00039329
BTCUSDT,1579449600000,0.00092467
BTCUSDT,1579478400000,0.00029702
BTCUSDT,1579507200000,0.0001
BTCUSDT,1579536000000,0.00010782
BTCUSDT,1579564800000,0.00012057
BTCUSDT,1579593600000,0.00015425
BTCUSDT,1579622400000,0.0001574
BTCUSDT,1579651200000,0.0001
BTCUSDT,1579680000000,0.00021392
BTCUSDT,1579708800000,0.0001
BTCUSDT,1579737600000,0.0001
BTCUSDT,1579766400000,0.0001
BTCUSDT,1579795200000,0.00052304
BTCUSDT,1579824000000,0.00054719
BTCUSDT,1579852800000,0.00042124
BTCUSDT,1579881600000,0.00017948
BTCUSDT,1579910400000,0.0001
BTCUSDT,1579939200000,0.0001
BTCUSDT,1579968000000,0.0001
BTCUSDT,1579996800000,0.0001
BTCUSDT,1580025600000,0.0001
BTCUSDT,1580054400000,0.0001
BTCUSDT,1580083200000,0.0001
BTCUSDT,1580112000000,0.0001
BTCUSDT,1580140800000,0.0001
BTCUSDT,1580169600000,0.0001
BTCUSDT,1580198400000,0.00068689
BTCUSDT,1580227200000,0.00054394
BTCUSDT,1580256000000,0.00062324
BTCUSDT,1580284800000,0.00108193
BTCUSDT,1580313600000,0.00053694
BTCUSDT,1580342400000,0.000236
BTCUSDT,1580371200000,0.00024877
BTCUSDT,1580400000000,0.00034852
BTCUSDT,1580428800000,0.00053551
BTCUSDT,1580457600000,0.00077154
BTCUSDT,1580486400000,0.00039858
BTCUSDT,1580515200000,0.00074991
BTCUSDT,1580544000000,0.00065667
BTCUSDT,1580572800000,0.00049052
BTCUSDT,1580601600000,0.00028263
BTCUSDT,1580630400000,0.00034916
BTCUSDT,1580659200000,0.00065524
BTCUSDT,1580688000000,0.00060677
BTCUSDT,1580716800000,0.00035862
BTCUSDT,1580745600000,0.0001
BTCUSDT,1580774400000,0.00099282
BTCUSDT,1580803200000,0.0005445
BTCUSDT,1580832000000,0.00038192
BTCUSDT,1580860800000,0.0001
BTCUSDT,1580889600000,0.0001
BTCUSDT,1580918400000,0.00052631
BTCUSDT,1580947200000,0.00164021
BTCUSDT,1580976000000,0.00078299
BTCUSDT,1581004800000,0.00055668
BTCUSDT,1581033600000,0.00035618
BTCUSDT,1581062400000,0.00019726
BTCUSDT,1581091200000,0.00034616
BTCUSDT,1581120000000,0.00039915
BTCUSDT,1581148800000,0.00062858
BTCUSDT,1581177600000,0.00099315
BTCUSDT,1581206400000,0.00042798
BTCUSDT,1581235200000,0.00081519
BTCUSDT,1581264000000,0.00113954
BTCUSDT,1581292800000,0.00106733
BTCUSDT,1581321600000,0.00125022
BTCUSDT,1581350400000,0.00097918
BTCUSDT,1581379200000,0.00043989
BTCUSDT,1581408000000,0.00064797
BTCUSDT,1581436800000,0.0005012
BTCUSDT,1581465600000,0.003
BTCUSDT,1581494400000,0.00108055
BTCUSDT,1581523200000,0.00103884
BTCUSDT,1581552000000,0.00093553
BTCUSDT,1581580800000,0.00084403
BTCUSDT,1581609600000,0.00070414
BTCUSDT,1581638400000,0.0006332
BTCUSDT,1581667200000,0.00074453
BTCUSDT,1581696000000,0.00055952
BTCUSDT,1581724800000,0.00059113
BTCUSDT,1581753600000,0.0009686
BTCUSDT,1581782400000,0.00087369
BTCUSDT,1581811200000,0.00051202
BTCUSDT,1581840000000,0.00036973
BTCUSDT,1581868800000,0.00060847
BTCUSDT,1581897600000,0.00043179
BTCUSDT,1581926400000,0.0006096
BTCUSDT,1581955200000,0.00091076
BTCUSDT,1581984000000,0.00026967
BTCUSDT,1582012800000,0.00013952
BTCUSDT,1582041600000,0.00029662
BTCUSDT,1582070400000,0.00046396
BTCUSDT,1582099200000,0.00038487
BTCUSDT,1582128000000,0.00040757
BTCUSDT,1582156800000,0.0001
BTCUSDT,1582185600000,0.0001
BTCUSDT,1582214400000,0.0001
BTCUSDT,1582243200000,0.0001
BTCUSDT,1582272000000,0.0001
BTCUSDT,1582300800000,0.0001
BTCUSDT,1582329600000,0.0001
BTCUSDT,1582358400000,0.0001
BTCUSDT,1582387200000,0.00012243
BTCUSDT,1582416000000,0.00029663
BTCUSDT,1582444800000,0.0003901
BTCUSDT,1582473600000,0.00065308
BTCUSDT,1582502400000,0.00048774
BTCUSDT,1582531200000,0.00014587
BTCUSDT,1582560000000,0.0001
BTCUSDT,1582588800000,0.00032389
BTCUSDT,1582617600000,0.00027363
BTCUSDT,1582646400000,0.00046949
BTCUSDT,1582675200000,0.0003617
BTCUSDT,1582704000000,0.0005063
BTCUSDT,1582732800000,0.0003866
BTCUSDT,1582761600000,0.00017363
BTCUSDT,1582790400000,0.0001
BTCUSDT,1582819200000,0.0001
BTCUSDT,1582848000000,0.0001
BTCUSDT,1582876800000,0.00011659
BTCUSDT,1582905600000,0.00023604
BTCUSDT,1582934400000,0.00061536
BTCUSDT,1582963200000,0.00060166
BTCUSDT,1582992000000,0.00062345
BTCUSDT,1583020800000,0.00049317
BTCUSDT,1583049600000,0.00027933
BTCUSDT,1583078400000,0.00031033
BTCUSDT,1583107200000,0.0001872
BTCUSDT,1583136000000,0.0001
BTCUSDT,1583164800000,0.0001
BTCUSDT,1583193600000,0.0001
BTCUSDT,1583222400000,0.0001
BTCUSDT,1583251200000,0.0001
BTCUSDT,1583280000000,0.0001
BTCUSDT,1583308800000,0.0001
BTCUSDT,1583337600000,0.00024328
BTCUSDT,1583366400000,0.0001
BTCUSDT,1583395200000,0.00023481
BTCUSDT,1583424000000,0.00019521
BTCUSDT,1583452800000,0.00020373
BTCUSDT,1583481600000,0.00021759
BTCUSDT,1583510400000,0.00035706
BTCUSDT,1583539200000,0.00039476
BTCUSDT,1583568000000,0.00032086
BTCUSDT,1583596800000,0.00032714
BTCUSDT,1583625600000,0.00054685
BTCUSDT,1583654400000,0.00049747
BTCUSDT,1583683200000,0.00042921
BTCUSDT,1583712000000,0.0001
BTCUSDT,1583740800000,0.0001
BTCUSDT,1583769600000,0.0001
BTCUSDT,1583798400000,0.0001
BTCUSDT,1583827200000,0.0001
BTCUSDT,1583856000000,0.0001
BTCUSDT,1583884800000,0.0001
BTCUSDT,1583913600000,0.0001
BTCUSDT,1583942400000,0.00022898
BTCUSDT,1583971200000,0.00010572
BTCUSDT,1584000000000,0.0001
BTCUSDT,1584028800000,-0.00015149
BTCUSDT,1584057600000,-0.00016073
BTCUSDT,1584086400000,-0.003
BTCUSDT,1584115200000,-0.00065378
BTCUSDT,1584144000000,-0.00076421
BTCUSDT,1584172800000,-4.946e-05
BTCUSDT,1584201600000,-0.00050325
BTCUSDT,1584230400000,-0.00047893
BTCUSDT,1584259200000,-0.00054208
BTCUSDT,1584288000000,-0.0004879
BTCUSDT,1584316800000,-0.00028282
BTCUSDT,1584345600000,-0.00036873
BTCUSDT,1584374400000,-0.00090358
BTCUSDT,1584403200000,-0.0002383
BTCUSDT,1584432000000,-3.681e-05
BTCUSDT,1584460800000,-0.00010573
BTCUSDT,1584489600000,-0.00014706
BTCUSDT,1584518400000,-0.00035528
BTCUSDT,1584547200000,-0.00033374
BTCUSDT,1584576000000,-0.00015042
BTCUSDT,1584604800000,-0.00022004
BTCUSDT,1584633600000,-0.00027089
BTCUSDT,1584662400000,-0.00015469
BTCUSDT,1584691200000,-1.171e-05
BTCUSDT,1584720000000,0.0001
BTCUSDT,1584748800000,8.327e-05
BTCUSDT,1584777600000,-9.15e-06
BTCUSDT,1584806400000,-0.00011557
BTCUSDT,1584835200000,-2.842e-05
BTCUSDT,1584864000000,0.0001
BTCUSDT,1584892800000,2.24e-06
BTCUSDT,1584921600000,-0.00016796
BTCUSDT,1584950400000,-0.00016295
BTCUSDT,1584979200000,0.0001
BTCUSDT,1585008000000,0.0001
BTCUSDT,1585036800000,0.0001
BTCUSDT,1585065600000,0.0001
BTCUSDT,1585094400000,0.0001
BTCUSDT,1585123200000,9.958e-05
BTCUSDT,1585152000000,9.813e-05
BTCUSDT,1585180800000,-1.62e-05
BTCUSDT,1585209600000,0.0001
BTCUSDT,1585238400000,1.599e-05
BTCUSDT,1585267200000,6.223e-05
BTCUSDT,1585296000000,6.838e-05
BTCUSDT,1585324800000,1.48e-06
BTCUSDT,1585353600000,-0.00012203
BTCUSDT,1585382400000,-0.00041263
BTCUSDT,1585411200000,-0.0002165
BTCUSDT,1585440000000,-0.00023282
BTCUSDT,1585468800000,-0.0002912
BTCUSDT,1585497600000,-0.00025613
BTCUSDT,1585526400000,-0.0006431
BTCUSDT,1585555200000,-0.00033817
BTCUSDT,1585584000000,-6.982e-05
BTCUSDT,1585612800000,-5.383e-05
BTCUSDT,1585641600000,-0.00015273
BTCUSDT,1585670400000,-0.000162
BTCUSDT,1585699200000,-9.237e-05
BTCUSDT,1585728000000,-0.0004868
BTCUSDT,1585756800000,-0.00034983
BTCUSDT,1585785600000,-0.0001933
BTCUSDT,1585814400000,3.28e-05
BTCUSDT,1585843200000,9.417e-05
BTCUSDT,1585872000000,9.047e-05
BTCUSDT,1585900800000,7.9e-07
BTCUSDT,1585929600000,0.0001
BTCUSDT,1585958400000,6.184e-05
BTCUSDT,1585987200000,5.655e-05
BTCUSDT,1586016000000,-7.77e-05
BTCUSDT,1586044800000,-4.495e-05
BTCUSDT,1586073600000,4.198e-05
BTCUSDT,1586102400000,3.859e-05
BTCUSDT,1586131200000,2.364e-05
BTCUSDT,1586160000000,6.54e-06
BTCUSDT,1586188800000,-8.471e-05
BTCUSDT,1586217600000,-0.00012883
BTCUSDT,1586246400000,-2.915e-05
BTCUSDT,1586275200000,1.131e-05
BTCUSDT,1586304000000,-2.763e-05
BTCUSDT,1586332800000,0.0001
BTCUSDT,1586361600000,6.677e-05
BTCUSDT,1586390400000,0.0001
BTCUSDT,1586419200000,-0.00010005
BTCUSDT,1586448000000,-8.854e-05
BTCUSDT,1586476800000,-5.003e-05
BTCUSDT,1586505600000,0.0001
BTCUSDT,1586534400000,0.0001
BTCUSDT,1586563200000,0.0001
BTCUSDT,1586592000000,0.0001
BTCUSDT,1586620800000,0.0001
BTCUSDT,1586649600000,0.0001
BTCUSDT,1586678400000,0.0001
BTCUSDT,1586707200000,8.453e-05
BTCUSDT,1586736000000,7.954e-05
BTCUSDT,1586764800000,-0.00020271
BTCUSDT,1586793600000,-2.882e-05
BTCUSDT,1586822400000,-1.244e-05
BTCUSDT,1586851200000,5.454e-05
BTCUSDT,1586880000000,-0.00020028
BTCUSDT,1586908800000,-0.00012803
BTCUSDT,1586937600000,-4.63e-05
BTCUSDT,1586966400000,2.925e-05
BTCUSDT,1586995200000,-7.017e-05
BTCUSDT,1587024000000,-0.00046001
BTCUSDT,1587052800000,6.364e-05
BTCUSDT,1587081600000,5.926e-05
BTCUSDT,1587110400000,3.345e-05
BTCUSDT,1587139200000,-6.771e-05
BTCUSDT,1587168000000,-3.132e-05
BTCUSDT,1587196800000,-0.00017145
BTCUSDT,1587225600000,-0.00019642
BTCUSDT,1587254400000,-0.00019142
BTCUSDT,1587283200000,-5.966e-05
BTCUSDT,1587312000000,8.514e-05
BTCUSDT,1587340800000,-1.31e-05
BTCUSDT,1587369600000,-1.874e-05
BTCUSDT,1587398400000,-5.762e-05
BTCUSDT,1587427200000,-9.18e-05
BTCUSDT,1587456000000,-7.539e-05
BTCUSDT,1587484800000,0.0001
BTCUSDT,1587513600000,-2.663e-05
BTCUSDT,1587542400000,-0.00011402
BTCUSDT,1587571200000,-0.00031244
BTCUSDT,1587600000000,-0.0002234
BTCUSDT,1587628800000,-0.00015491
BTCUSDT,1587657600000,0.0001
BTCUSDT,1587686400000,0.0001
BTCUSDT,1587715200000,0.0001
BTCUSDT,1587744000000,0.0001
BTCUSDT,1587772800000,0.0001
BTCUSDT,1587801600000,0.0001
BTCUSDT,1587830400000,0.0001
BTCUSDT,1587859200000,0.0001
BTCUSDT,1587888000000,7.493e-05
BTCUSDT,1587916800000,0.0001
BTCUSDT,1587945600000,0.0001
BTCUSDT,1587974400000,0.0001
BTCUSDT,1588003200000,0.0001
BTCUSDT,1588032000000,0.0001
BTCUSDT,1588060800000,0.0001
BTCUSDT,1588089600000,0.0001
BTCUSDT,1588118400000,0.0001
BTCUSDT,1588147200000,0.0001
BTCUSDT,1588176000000,0.0001
BTCUSDT,1588204800000,0.00013208
BTCUSDT,1588233600000,0.00097517
BTCUSDT,1588262400000,0.0001
BTCUSDT,1588291200000,0.00021072
BTCUSDT,1588320000000,0.00017885
BTCUSDT,1588348800000,0.00013528
BTCUSDT,1588377600000,0.0001
BTCUSDT,1588406400000,0.0001
BTCUSDT,1588435200000,0.00010144
BTCUSDT,1588464000000,0.0001
BTCUSDT,1588492800000,0.0001981
BTCUSDT,1588521600000,0.00015162
BTCUSDT,1588550400000,0.00011925
BTCUSDT,1588579200000,0.0001
BTCUSDT,1588608000000,0.0001
BTCUSDT,1588636800000,0.0001
BTCUSDT,1588665600000,0.0001
BTCUSDT,1588694400000,0.0001
BTCUSDT,1588723200000,0.0001
BTCUSDT,1588752000000,0.0001
BTCUSDT,1588780800000,0.00035981
BTCUSDT,1588809600000,0.0001
BTCUSDT,1588838400000,0.0001
BTCUSDT,1588867200000,0.0001
BTCUSDT,1588896000000,0.00016094
BTCUSDT,1588924800000,0.00034016
BTCUSDT,1588953600000,0.0005319
BTCUSDT,1588982400000,0.00042037
BTCUSDT,1589011200000,0.00075816
BTCUSDT,1589040000000,0.00058018
BTCUSDT,1589068800000,0.00042326
BTCUSDT,1589097600000,0.0001
BTCUSDT,1589126400000,0.0001
BTCUSDT,1589155200000,0.0001
BTCUSDT,1589184000000,0.0001
BTCUSDT,1589212800000,0.0001
BTCUSDT,1589241600000,0.0001
BTCUSDT,1589270400000,0.0001
BTCUSDT,1589299200000,0.0001
BTCUSDT,1589328000000,0.0001
BTCUSDT,1589356800000,0.0001
BTCUSDT,1589385600000,0.0001
BTCUSDT,1589414400000,0.0001
BTCUSDT,1589443200000,0.0001
BTCUSDT,1589472000000,0.0001
BTCUSDT,1589500800000,0.0001
BTCUSDT,1589529600000,4.4e-05
BTCUSDT,1589558400000,0.0001
BTCUSDT,1589587200000,0.0001
BTCUSDT,1589616000000,0.0001
BTCUSDT,1589644800000,0.0001
BTCUSDT,1589673600000,8.001e-05
BTCUSDT,1589702400000,4.125e-05
BTCUSDT,1589731200000,8.88e-06
BTCUSDT,1589760000000,0.0001
BTCUSDT,1589788800000,0.0001
BTCUSDT,1589817600000,-6.64e-05
BTCUSDT,1589846400000,0.0001
BTCUSDT,1589875200000,7.892e-05
BTCUSDT,1589904000000,0.0001
BTCUSDT,1589932800000,0.0001
BTCUSDT,1589961600000,0.0001
BTCUSDT,1589990400000,0.0001
BTCUSDT,1590019200000,-9.027e-05
BTCUSDT,1590048000000,6.809e-05
BTCUSDT,1590076800000,0.0001
BTCUSDT,1590105600000,-5.15e-05
BTCUSDT,1590134400000,-2.396e-05
BTCUSDT,1590163200000,6.867e-05
BTCUSDT,1590192000000,-2.092e-05
BTCUSDT,1590220800000,-1.081e-05
BTCUSDT,1590249600000,7.023e-05
BTCUSDT,1590278400000,0.0001
BTCUSDT,1590307200000,7.917e-05
BTCUSDT,1590336000000,6.724e-05
BTCUSDT,1590364800000,6.784e-05
BTCUSDT,1590393600000,-4.286e-05
BTCUSDT,1590422400000,-4.226e-05
BTCUSDT,1590451200000,-3.5e-07
BTCUSDT,1590480000000,0.0001
BTCUSDT,1590508800000,4.599e-05
BTCUSDT,1590537600000,2.104e-05
BTCUSDT,1590566400000,0.0001
BTCUSDT,1590595200000,-0.00014025
BTCUSDT,1590624000000,-0.00011366
BTCUSDT,1590652800000,-6.862e-05
BTCUSDT,1590681600000,-1.187e-05
BTCUSDT,1590710400000,2.618e-05
BTCUSDT,1590739200000,1.877e-05
BTCUSDT,1590768000000,-6.04e-06
BTCUSDT,1590796800000,0.0001
BTCUSDT,1590825600000,0.0001
BTCUSDT,1590854400000,0.0001
BTCUSDT,1590883200000,0.0001
BTCUSDT,1590912000000,0.0001
BTCUSDT,1590940800000,0.0001
BTCUSDT,1590969600000,0.0001
BTCUSDT,1590998400000,-2.911e-05
BTCUSDT,1591027200000,9.38e-06
BTCUSDT,1591056000000,0.0003448
BTCUSDT,1591084800000,0.0007831
BTCUSDT,1591113600000,0.0001
BTCUSDT,1591142400000,0.0001
BTCUSDT,1591171200000,8.646e-05
BTCUSDT,1591200000000,0.0001
BTCUSDT,1591228800000,0.0001
BTCUSDT,1591257600000,0.0001
BTCUSDT,1591286400000,0.0001
BTCUSDT,1591315200000,0.0001
BTCUSDT,1591344000000,0.0001
BTCUSDT,1591372800000,0.0001
BTCUSDT,1591401600000,0.0001
BTCUSDT,1591430400000,0.0001
BTCUSDT,1591459200000,0.0001
BTCUSDT,1591488000000,0.0001
BTCUSDT,1591516800000,0.0001
BTCUSDT,1591545600000,0.0001
BTCUSDT,1591574400000,0.0001
BTCUSDT,1591603200000,0.0001
BTCUSDT,1591632000000,0.0001
BTCUSDT,1591660800000,0.0001
BTCUSDT,1591689600000,0.0001
BTCUSDT,1591718400000,0.0001
BTCUSDT,1591747200000,0.0001
BTCUSDT,1591776000000,0.0001
BTCUSDT,1591804800000,0.0001
BTCUSDT,1591833600000,0.0001
BTCUSDT,1591862400000,0.0001
BTCUSDT,1591891200000,0.0001
BTCUSDT,1591920000000,0.0001
BTCUSDT,1591948800000,-3.816e-05
BTCUSDT,1591977600000,9.714e-05
BTCUSDT,1592006400000,-1.942e-05
BTCUSDT,1592035200000,7.217e-05
BTCUSDT,1592064000000,0.0001
BTCUSDT,1592092800000,7.102e-05
BTCUSDT,1592121600000,0.0001
BTCUSDT,1592150400000,0.0001
BTCUSDT,1592179200000,0.0001
BTCUSDT,1592208000000,-4.149e-05
BTCUSDT,1592236800000,-0.00018213
BTCUSDT,1592265600000,-0.00015215
BTCUSDT,1592294400000,0.0001
BTCUSDT,1592323200000,0.0001
BTCUSDT,1592352000000,7.764e-05
BTCUSDT,1592380800000,-8.32e-05
BTCUSDT,1592409600000,7.51e-05
BTCUSDT,1592438400000,-0.00010005
BTCUSDT,1592467200000,-0.00011589
BTCUSDT,1592496000000,7.624e-05
BTCUSDT,1592524800000,-1.57e-06
BTCUSDT,1592553600000,1.94e-05
BTCUSDT,1592582400000,0.0001
BTCUSDT,1592611200000,0.0001
BTCUSDT,1592640000000,1.186e-05
BTCUSDT,1592668800000,0.0001
BTCUSDT,1592697600000,-3.057e-05
BTCUSDT,1592726400000,-1.29e-05
BTCUSDT,1592755200000,0.0001
BTCUSDT,1592784000000,0.0001
BTCUSDT,1592812800000,6.784e-05
BTCUSDT,1592841600000,0.0001
BTCUSDT,1592870400000,0.0001
BTCUSDT,1592899200000,0.0001
BTCUSDT,1592928000000,0.00012215
BTCUSDT,1592956800000,0.00011286
BTCUSDT,1592985600000,0.0001
BTCUSDT,1593014400000,0.0001
BTCUSDT,1593043200000,0.0001
BTCUSDT,1593072000000,0.0001
BTCUSDT,1593100800000,0.0001
BTCUSDT,1593129600000,9.401e-05
BTCUSDT,1593158400000,0.0001
BTCUSDT,1593187200000,0.0001
BTCUSDT,1593216000000,0.0001
BTCUSDT,1593244800000,0.0001
BTCUSDT,1593273600000,0.0001
BTCUSDT,1593302400000,0.0001
BTCUSDT,1593331200000,0.0001
BTCUSDT,1593360000000,4.867e-05
BTCUSDT,1593388800000,0.0001
BTCUSDT,1593417600000,0.0001
BTCUSDT,1593446400000,0.0001
BTCUSDT,1593475200000,0.0001
BTCUSDT,1593504000000,0.0001
BTCUSDT,1593532800000,0.0001
BTCUSDT,1593561600000,0.0001
BTCUSDT,1593590400000,0.0001
BTCUSDT,1593619200000,0.0001
BTCUSDT,1593648000000,0.0001
BTCUSDT,1593676800000,0.0001
BTCUSDT,1593705600000,0.0001
BTCUSDT,1593734400000,0.0001
BTCUSDT,1593763200000,0.0001
BTCUSDT,1593792000000,0.0001
BTCUSDT,1593820800000,0.0001
BTCUSDT,1593849600000,0.0001
BTCUSDT,1593878400000,0.0001
BTCUSDT,1593907200000,0.0001
BTCUSDT,1593936000000,0.0001
BTCUSDT,1593964800000,0.0001
BTCUSDT,1593993600000,0.0001
BTCUSDT,1594022400000,0.0001
BTCUSDT,1594051200000,0.0001
BTCUSDT,1594080000000,0.0001
BTCUSDT,1594108800000,0.0001
BTCUSDT,1594137600000,0.0001
BTCUSDT,1594166400000,0.0001
BTCUSDT,1594195200000,0.0001
BTCUSDT,1594224000000,0.0001
BTCUSDT,1594252800000,0.0001
BTCUSDT,1594281600000,0.0001
BTCUSDT,1594310400000,0.0001
BTCUSDT,1594339200000,0.0001
BTCUSDT,1594368000000,0.0001
BTCUSDT,1594396800000,0.0001
BTCUSDT,1594425600000,0.0001
BTCUSDT,1594454400000,0.0001
BTCUSDT,1594483200000,0.0001
BTCUSDT,1594512000000,0.0001
BTCUSDT,1594540800000,0.0001
BTCUSDT,1594569600000,0.0001
BTCUSDT,1594598400000,0.0001
BTCUSDT,1594627200000,0.0001
BTCUSDT,1594656000000,0.0001
BTCUSDT,1594684800000,0.0001
BTCUSDT,1594713600000,0.0001
BTCUSDT,1594742400000,0.0001
BTCUSDT,1594771200000,0.0001
BTCUSDT,1594800000000,0.0001
BTCUSDT,1594828800000,0.0001
BTCUSDT,1594857600000,0.0001
BTCUSDT,1594886400000,0.0001
BTCUSDT,1594915200000,0.0001
BTCUSDT,1594944000000,0.0001
BTCUSDT,1594972800000,0.0001
BTCUSDT,1595001600000,0.0001
BTCUSDT,1595030400000,0.0001
BTCUSDT,1595059200000,0.0001
BTCUSDT,1595088000000,0.0001
BTCUSDT,1595116800000,0.0001
BTCUSDT,1595145600000,0.0001
BTCUSDT,1595174400000,0.0001
BTCUSDT,1595203200000,0.0001
BTCUSDT,1595232000000,0.0001
BTCUSDT,1595260800000,0.0001
BTCUSDT,1595289600000,0.0001
BTCUSDT,1595318400000,0.0001
BTCUSDT,1595347200000,0.0001
BTCUSDT,1595376000000,0.0001
BTCUSDT,1595404800000,0.0001
BTCUSDT,1595433600000,0.0001
BTCUSDT,1595462400000,0.0001
BTCUSDT,1595491200000,0.0001
BTCUSDT,1595520000000,0.0001
BTCUSDT,1595548800000,0.0001
BTCUSDT,1595577600000,0.0001
BTCUSDT,1595606400000,0.0001
BTCUSDT,1595635200000,0.0001
BTCUSDT,1595664000000,0.0001
BTCUSDT,1595692800000,0.0001
BTCUSDT,1595721600000,0.0001
BTCUSDT,1595750400000,0.0001
BTCUSDT,1595779200000,0.00065437
BTCUSDT,1595808000000,0.00047138
BTCUSDT,1595836800000,0.00086993
BTCUSDT,1595865600000,0.00051888
BTCUSDT,1595894400000,0.00139484
BTCUSDT,1595923200000,0.00122052
BTCUSDT,1595952000000,0.00097576
BTCUSDT,1595980800000,0.00083621
BTCUSDT,1596009600000,0.00068208
BTCUSDT,1596038400000,0.00061856
BTCUSDT,1596067200000,0.00061759
BTCUSDT,1596096000000,0.00072329
BTCUSDT,1596124800000,0.00069174
BTCUSDT,1596153600000,0.00082654
BTCUSDT,1596182400000,0.00039348
BTCUSDT,1596211200000,0.00037716
BTCUSDT,1596240000000,0.0002791
BTCUSDT,1596268800000,0.00030785
BTCUSDT,1596297600000,0.00048996
BTCUSDT,1596326400000,0.00095567
BTCUSDT,1596355200000,0.0004243
BTCUSDT,1596384000000,0.00024752
BTCUSDT,1596412800000,0.0002585
BTCUSDT,1596441600000,0.00045929
BTCUSDT,1596470400000,0.00043731
BTCUSDT,1596499200000,0.00031113
BTCUSDT,1596528000000,0.00030647
BTCUSDT,1596556800000,0.00038617
BTCUSDT,1596585600000,0.00013898
BTCUSDT,1596614400000,0.00016613
BTCUSDT,1596643200000,0.00022044
BTCUSDT,1596672000000,0.00038867
BTCUSDT,1596700800000,0.00038696
BTCUSDT,1596729600000,0.00036099
BTCUSDT,1596758400000,0.00031707
BTCUSDT,1596787200000,0.00021201
BTCUSDT,1596816000000,0.00023934
BTCUSDT,1596844800000,0.0001
BTCUSDT,1596873600000,0.0001
BTCUSDT,1596902400000,0.0001
BTCUSDT,1596931200000,0.0001
BTCUSDT,1596960000000,0.00021066
BTCUSDT,1596988800000,0.00014574
BTCUSDT,1597017600000,0.0001
BTCUSDT,1597046400000,0.00131898
BTCUSDT,1597075200000,0.00030218
BTCUSDT,1597104000000,0.00013372
BTCUSDT,1597132800000,0.00022736
BTCUSDT,1597161600000,0.00059816
BTCUSDT,1597190400000,0.0001
BTCUSDT,1597219200000,0.0001
BTCUSDT,1597248000000,0.0001
BTCUSDT,1597276800000,0.0001
BTCUSDT,1597305600000,0.0001
BTCUSDT,1597334400000,0.0001
BTCUSDT,1597363200000,0.00017598
BTCUSDT,1597392000000,0.00044038
BTCUSDT,1597420800000,0.00027433
BTCUSDT,1597449600000,0.0001
BTCUSDT,1597478400000,0.0003665
BTCUSDT,1597507200000,0.00021904
BTCUSDT,1597536000000,0.0001564
BTCUSDT,1597564800000,0.00048777
BTCUSDT,1597593600000,0.00031524
BTCUSDT,1597622400000,0.00026342
BTCUSDT,1597651200000,0.00039806
BTCUSDT,1597680000000,0.0008576
BTCUSDT,1597708800000,0.00119905
BTCUSDT,1597737600000,0.00078206
BTCUSDT,1597766400000,0.00100156
BTCUSDT,1597795200000,0.00077293
BTCUSDT,1597824000000,0.00054924
BTCUSDT,1597852800000,0.00024051
BTCUSDT,1597881600000,0.00024189
BTCUSDT,1597910400000,0.0001159
BTCUSDT,1597939200000,0.00018281
BTCUSDT,1597968000000,0.0001
BTCUSDT,1597996800000,0.0001
BTCUSDT,1598025600000,0.0001
BTCUSDT,1598054400000,0.0001
BTCUSDT,1598083200000,0.0001
BTCUSDT,1598112000000,0.0001
BTCUSDT,1598140800000,0.0001
BTCUSDT,1598169600000,0.0001
BTCUSDT,1598198400000,0.0001
BTCUSDT,1598227200000,0.0001
BTCUSDT,1598256000000,0.0001
BTCUSDT,1598284800000,0.0001
BTCUSDT,1598313600000,0.0001
BTCUSDT,1598342400000,0.0001
BTCUSDT,1598371200000,0.0004258
BTCUSDT,1598400000000,0.00023316
BTCUSDT,1598428800000,0.0001
BTCUSDT,1598457600000,0.00013038
BTCUSDT,1598486400000,0.0001
BTCUSDT,1598515200000,0.0001
BTCUSDT,1598544000000,0.0001
BTCUSDT,1598572800000,0.0001
BTCUSDT,1598601600000,0.0001
BTCUSDT,1598630400000,0.0001
BTCUSDT,1598659200000,0.0001
BTCUSDT,1598688000000,0.0001
BTCUSDT,1598716800000,0.0001
BTCUSDT,1598745600000,0.0001
BTCUSDT,1598774400000,0.0001
BTCUSDT,1598803200000,0.0001
BTCUSDT,1598832000000,0.0001
BTCUSDT,1598860800000,0.0001
BTCUSDT,1598889600000,0.00015461
BTCUSDT,1598918400000,0.0001
BTCUSDT,1598947200000,0.00022961
BTCUSDT,1598976000000,0.0004686
BTCUSDT,1599004800000,0.00032895
BTCUSDT,1599033600000,0.00035074
BTCUSDT,1599062400000,0.00045038
BTCUSDT,1599091200000,0.00021394
BTCUSDT,1599120000000,0.00016828
BTCUSDT,1599148800000,0.00024709
BTCUSDT,1599177600000,0.0001
BTCUSDT,1599206400000,0.0001
BTCUSDT,1599235200000,0.0001
BTCUSDT,1599264000000,0.0001
BTCUSDT,1599292800000,0.0001
BTCUSDT,1599321600000,0.0001
BTCUSDT,1599350400000,0.0001
BTCUSDT,1599379200000,0.0001
BTCUSDT,1599408000000,0.0001
BTCUSDT,1599436800000,0.0001
BTCUSDT,1599465600000,0.0001
BTCUSDT,1599494400000,0.0001
BTCUSDT,1599523200000,0.0001
BTCUSDT,1599552000000,0.0001
BTCUSDT,1599580800000,0.0001
BTCUSDT,1599609600000,0.0001
BTCUSDT,1599638400000,0.0001
BTCUSDT,1599667200000,0.0001
BTCUSDT,1599696000000,0.0001
BTCUSDT,1599724800000,0.0001
BTCUSDT,1599753600000,0.0001
BTCUSDT,1599782400000,0.0001
BTCUSDT,1599811200000,0.0001
BTCUSDT,1599840000000,0.0001
BTCUSDT,1599868800000,0.0001
BTCUSDT,1599897600000,0.0001
BTCUSDT,1599926400000,0.0001
BTCUSDT,1599955200000,0.0001
BTCUSDT,1599984000000,0.0001
BTCUSDT,1600012800000,0.0001
BTCUSDT,1600041600000,0.0001
BTCUSDT,1600070400000,0.0001
BTCUSDT,1600099200000,8.68e-06
BTCUSDT,1600128000000,-0.0002227
BTCUSDT,1600156800000,-2.796e-05
BTCUSDT,1600185600000,-5.156e-05
BTCUSDT,1600214400000,-0.00011181
BTCUSDT,1600243200000,-1.488e-05
BTCUSDT,1600272000000,-3.198e-05
BTCUSDT,1600300800000,-5.63e-06
BTCUSDT,1600329600000,2.957e-05
BTCUSDT,1600358400000,9.8e-07
BTCUSDT,1600387200000,9.425e-05
BTCUSDT,1600416000000,5.579e-05
BTCUSDT,1600444800000,4.967e-05
BTCUSDT,1600473600000,-0.0001155
BTCUSDT,1600502400000,-0.0001098
BTCUSDT,1600531200000,-5.749e-05
BTCUSDT,1600560000000,-6.476e-05
BTCUSDT,1600588800000,-0.00011198
BTCUSDT,1600617600000,-6.625e-05
BTCUSDT,1600646400000,-7.506e-05
BTCUSDT,1600675200000,-0.00012071
BTCUSDT,1600704000000,0.0001
BTCUSDT,1600732800000,0.0001
BTCUSDT,1600761600000,0.0001
BTCUSDT,1600790400000,0.0001
BTCUSDT,1600819200000,4.321e-05
BTCUSDT,1600848000000,-2.604e-05
BTCUSDT,1600876800000,-5.506e-05
BTCUSDT,1600905600000,3.817e-05
BTCUSDT,1600934400000,6.991e-05
BTCUSDT,1600963200000,1.182e-05
BTCUSDT,1600992000000,-0.00023219
BTCUSDT,1601020800000,2.542e-05
BTCUSDT,1601049600000,0.0001
BTCUSDT,1601078400000,0.0001
BTCUSDT,1601107200000,0.0001
BTCUSDT,1601136000000,0.0001
BTCUSDT,1601164800000,0.0001
BTCUSDT,1601193600000,0.0001
BTCUSDT,1601222400000,0.0001
BTCUSDT,1601251200000,0.0001
BTCUSDT,1601280000000,0.0001
BTCUSDT,1601308800000,0.0001
BTCUSDT,1601337600000,0.0001
BTCUSDT,1601366400000,0.0001
BTCUSDT,1601395200000,0.0001
BTCUSDT,1601424000000,0.0001
BTCUSDT,1601452800000,0.0001
BTCUSDT,1601481600000,0.0001
BTCUSDT,1601510400000,7.412e-05
BTCUSDT,1601539200000,0.0001
BTCUSDT,1601568000000,0.0001
BTCUSDT,1601596800000,-2.63e-06
BTCUSDT,1601625600000,-1.652e-05
BTCUSDT,1601654400000,0.0001
BTCUSDT,1601683200000,0.0001
BTCUSDT,1601712000000,0.0001
BTCUSDT,1601740800000,9.749e-05
BTCUSDT,1601769600000,-2.144e-05
BTCUSDT,1601798400000,5.039e-05
BTCUSDT,1601827200000,-7.56e-06
BTCUSDT,1601856000000,-3.381e-05
BTCUSDT,1601884800000,-9.143e-05
BTCUSDT,1601913600000,-6.912e-05
BTCUSDT,1601942400000,-1.26e-06
BTCUSDT,1601971200000,-8.313e-05
BTCUSDT,1602000000000,6.937e-05
BTCUSDT,1602028800000,5.11e-06
BTCUSDT,1602057600000,-8.58e-06
BTCUSDT,1602086400000,1.553e-05
BTCUSDT,1602115200000,2.693e-05
BTCUSDT,1602144000000,3.248e-05
BTCUSDT,1602172800000,8.856e-05
BTCUSDT,1602201600000,6.128e-05
BTCUSDT,1602230400000,0.0001
BTCUSDT,1602259200000,0.0001
BTCUSDT,1602288000000,0.0001
BTCUSDT,1602316800000,0.0001
BTCUSDT,1602345600000,0.0001
BTCUSDT,1602374400000,0.0001
BTCUSDT,1602403200000,0.0001
BTCUSDT,1602432000000,0.0001
BTCUSDT,1602460800000,0.0001
BTCUSDT,1602489600000,0.0001
BTCUSDT,1602518400000,0.0001
BTCUSDT,1602547200000,0.0001
BTCUSDT,1602576000000,0.0001
BTCUSDT,1602604800000,0.0001
BTCUSDT,1602633600000,0.0001
BTCUSDT,1602662400000,0.0001
BTCUSDT,1602691200000,0.0001
BTCUSDT,1602720000000,0.0001
BTCUSDT,1602748800000,0.0001
BTCUSDT,1602777600000,0.0001
BTCUSDT,1602806400000,0.0001
BTCUSDT,1602835200000,0.0001
BTCUSDT,1602864000000,0.0001
BTCUSDT,1602892800000,0.0001
BTCUSDT,1602921600000,0.0001
BTCUSDT,1602950400000,0.0001
BTCUSDT,1602979200000,0.0001
BTCUSDT,1603008000000,0.0001
BTCUSDT,1603036800000,0.0001
BTCUSDT,1603065600000,0.0001
BTCUSDT,1603094400000,0.0001
BTCUSDT,1603123200000,0.0001
BTCUSDT,1603152000000,0.0001
BTCUSDT,1603180800000,0.0001
BTCUSDT,1603209600000,3.742e-05
BTCUSDT,1603238400000,2.291e-05
BTCUSDT,1603267200000,7.487e-05
BTCUSDT,1603296000000,0.0001
BTCUSDT,1603324800000,0.0001
BTCUSDT,1603353600000,0.0001
BTCUSDT,1603382400000,0.0001
BTCUSDT,1603411200000,0.0001
BTCUSDT,1603440000000,0.0001
BTCUSDT,1603468800000,0.0001
BTCUSDT,1603497600000,0.0001
BTCUSDT,1603526400000,0.0001
BTCUSDT,1603555200000,0.0001
BTCUSDT,1603584000000,0.0001
BTCUSDT,1603612800000,0.0001
BTCUSDT,1603641600000,0.0001
BTCUSDT,1603670400000,0.0001
BTCUSDT,1603699200000,0.0001
BTCUSDT,1603728000000,0.0001
BTCUSDT,1603756800000,9.274e-05
BTCUSDT,1603785600000,6.127e-05
BTCUSDT,1603814400000,0.0001
BTCUSDT,1603843200000,3.725e-05
BTCUSDT,1603872000000,0.0001
BTCUSDT,1603900800000,0.0001
BTCUSDT,1603929600000,-0.00026006
BTCUSDT,1603958400000,-8.052e-05
BTCUSDT,1603987200000,-3.189e-05
BTCUSDT,1604016000000,-0.00015268
BTCUSDT,1604044800000,-9.68e-06
BTCUSDT,1604073600000,-0.00013414
BTCUSDT,1604102400000,-0.00024694
BTCUSDT,1604131200000,-0.00016865
BTCUSDT,1604160000000,9.204e-05
BTCUSDT,1604188800000,-6.386e-05
BTCUSDT,1604217600000,-4.096e-05
BTCUSDT,1604246400000,-5.043e-05
BTCUSDT,1604275200000,7.881e-05
BTCUSDT,1604304000000,-3.275e-05
BTCUSDT,1604332800000,8.717e-05
BTCUSDT,1604361600000,-0.00017064
BTCUSDT,1604390400000,-4.67e-06
BTCUSDT,1604419200000,-8.581e-05
BTCUSDT,1604448000000,-7.816e-05
BTCUSDT,1604476800000,-2.648e-05
BTCUSDT,1604505600000,-0.00023791
BTCUSDT,1604534400000,0.0001
BTCUSDT,1604563200000,0.0001
BTCUSDT,1604592000000,0.0001
BTCUSDT,1604620800000,0.0001
BTCUSDT,1604649600000,0.00023315
BTCUSDT,1604678400000,0.0003429
BTCUSDT,1604707200000,0.00024948
BTCUSDT,1604736000000,0.00037914
BTCUSDT,1604764800000,0.0003589
BTCUSDT,1604793600000,0.0001
BTCUSDT,1604822400000,0.0001
BTCUSDT,1604851200000,0.0001
BTCUSDT,1604880000000,0.0001
BTCUSDT,1604908800000,0.0001
BTCUSDT,1604937600000,0.0001
BTCUSDT,1604966400000,0.0001
BTCUSDT,1604995200000,0.0001
BTCUSDT,1605024000000,0.0001
BTCUSDT,1605052800000,0.0001
BTCUSDT,1605081600000,0.0001
BTCUSDT,1605110400000,0.0001
BTCUSDT,1605139200000,0.0001
BTCUSDT,1605168000000,0.0001
BTCUSDT,1605196800000,0.0001
BTCUSDT,1605225600000,0.0001
BTCUSDT,1605254400000,0.0001
BTCUSDT,1605283200000,0.0001
BTCUSDT,1605312000000,0.0001
BTCUSDT,1605340800000,0.0001
BTCUSDT,1605369600000,4.277e-05
BTCUSDT,1605398400000,0.0001
BTCUSDT,1605427200000,0.0001
BTCUSDT,1605456000000,0.0001
BTCUSDT,1605484800000,0.0001
BTCUSDT,1605513600000,0.0001
BTCUSDT,1605542400000,0.0001
BTCUSDT,1605571200000,0.0001
BTCUSDT,1605600000000,0.0001
BTCUSDT,1605628800000,0.0001
BTCUSDT,1605657600000,0.00021138
BTCUSDT,1605686400000,0.00057572
BTCUSDT,1605715200000,0.00021486
BTCUSDT,1605744000000,0.0001
BTCUSDT,1605772800000,0.00025015
BTCUSDT,1605801600000,0.00052207
BTCUSDT,1605830400000,0.0003665
BTCUSDT,1605859200000,0.00039647
BTCUSDT,1605888000000,0.00038617
BTCUSDT,1605916800000,0.0001
BTCUSDT,1605945600000,0.0001
BTCUSDT,1605974400000,0.00059438
BTCUSDT,1606003200000,0.00080363
BTCUSDT,1606032000000,0.00086985
BTCUSDT,1606060800000,0.00066537
BTCUSDT,1606089600000,0.00101151
BTCUSDT,1606118400000,0.00076207
BTCUSDT,1606147200000,0.00108391
BTCUSDT,1606176000000,0.00050801
BTCUSDT,1606204800000,0.00060366
BTCUSDT,1606233600000,0.00081176
BTCUSDT,1606262400000,0.00084235
BTCUSDT,1606291200000,0.00038079
BTCUSDT,1606320000000,0.00075292
BTCUSDT,1606348800000,0.00035414
BTCUSDT,1606377600000,0.0001313
BTCUSDT,1606406400000,0.00028796
BTCUSDT,1606435200000,0.00010773
BTCUSDT,1606464000000,0.0001
BTCUSDT,1606492800000,0.0001
BTCUSDT,1606521600000,0.0001
BTCUSDT,1606550400000,0.0001
BTCUSDT,1606579200000,0.0001
BTCUSDT,1606608000000,0.0001
BTCUSDT,1606636800000,0.0001
BTCUSDT,1606665600000,0.0001
BTCUSDT,1606694400000,0.0001
BTCUSDT,1606723200000,0.0001
BTCUSDT,1606752000000,0.00029481
BTCUSDT,1606780800000,0.00045929
BTCUSDT,1606809600000,0.00043287
BTCUSDT,1606838400000,0.00011546
BTCUSDT,1606867200000,0.0001
BTCUSDT,1606896000000,0.0001
BTCUSDT,1606924800000,0.0001
BTCUSDT,1606953600000,0.0001
BTCUSDT,1606982400000,0.0001
BTCUSDT,1607011200000,0.00025455
BTCUSDT,1607040000000,0.00012703
BTCUSDT,1607068800000,0.0001
BTCUSDT,1607097600000,0.0001
BTCUSDT,1607126400000,0.0001
BTCUSDT,1607155200000,0.0001
BTCUSDT,1607184000000,0.0001
BTCUSDT,1607212800000,0.0001
BTCUSDT,1607241600000,0.0001
BTCUSDT,1607270400000,0.0001
BTCUSDT,1607299200000,0.0001
BTCUSDT,1607328000000,0.0001
BTCUSDT,1607356800000,0.0001
BTCUSDT,1607385600000,0.0001
BTCUSDT,1607414400000,0.0001
BTCUSDT,1607443200000,0.0001
BTCUSDT,1607472000000,0.0001
BTCUSDT,1607500800000,0.0001
BTCUSDT,1607529600000,0.0001
BTCUSDT,1607558400000,0.0001
BTCUSDT,1607587200000,0.0001
BTCUSDT,1607616000000,0.0001
BTCUSDT,1607644800000,0.0001
BTCUSDT,1607673600000,0.0001
BTCUSDT,1607702400000,0.0001
BTCUSDT,1607731200000,0.0001
BTCUSDT,1607760000000,-2.135e-05
BTCUSDT,1607788800000,4.314e-05
BTCUSDT,1607817600000,0.0001
BTCUSDT,1607846400000,0.0001
BTCUSDT,1607875200000,0.0001
BTCUSDT,1607904000000,0.0001
BTCUSDT,1607932800000,0.0001
BTCUSDT,1607961600000,0.0001
BTCUSDT,1607990400000,0.0001
BTCUSDT,1608019200000,0.0001
BTCUSDT,1608048000000,0.0001
BTCUSDT,1608076800000,0.0001
BTCUSDT,1608105600000,0.0001
BTCUSDT,1608134400000,0.00046054
BTCUSDT,1608163200000,0.0001
BTCUSDT,1608192000000,0.00021355
BTCUSDT,1608220800000,0.00054618
BTCUSDT,1608249600000,0.00028532
BTCUSDT,1608278400000,0.00053548
BTCUSDT,1608307200000,0.00045032
BTCUSDT,1608336000000,0.0001
BTCUSDT,1608364800000,0.00038032
BTCUSDT,1608393600000,0.00070544
BTCUSDT,1608422400000,0.00078228
BTCUSDT,1608451200000,0.00037486
BTCUSDT,1608480000000,0.00038896
BTCUSDT,1608508800000,0.00041795
BTCUSDT,1608537600000,0.00030249
BTCUSDT,1608566400000,0.00023741
BTCUSDT,1608595200000,0.0001
BTCUSDT,1608624000000,0.0001
BTCUSDT,1608652800000,0.00019956
BTCUSDT,1608681600000,0.0001131
BTCUSDT,1608710400000,0.0001
BTCUSDT,1608739200000,0.00010214
BTCUSDT,1608768000000,0.0001
BTCUSDT,1608796800000,0.0001
BTCUSDT,1608825600000,0.00027216
BTCUSDT,1608854400000,0.00018528
BTCUSDT,1608883200000,0.0001
BTCUSDT,1608912000000,0.00034905
BTCUSDT,1608940800000,0.0001
BTCUSDT,1608969600000,0.00016965
BTCUSDT,1608998400000,0.0001
BTCUSDT,1609027200000,0.0001994
BTCUSDT,1609056000000,0.00025468
BTCUSDT,1609084800000,0.00071164
BTCUSDT,1609113600000,0.00043463
BTCUSDT,1609142400000,0.00036133
BTCUSDT,1609171200000,0.00071278
BTCUSDT,1609200000000,0.00037693
BTCUSDT,1609228800000,0.0004893
BTCUSDT,1609257600000,0.00039914
BTCUSDT,1609286400000,0.00048979
BTCUSDT,1609315200000,0.00076836
BTCUSDT,1609344000000,0.0006288
BTCUSDT,1609372800000,0.00053292
BTCUSDT,1609401600000,0.00060345
BTCUSDT,1609430400000,0.00036744
BTCUSDT,1609459200000,0.00022753
BTCUSDT,1609488000000,0.00026336
BTCUSDT,1609516800000,0.00034457
BTCUSDT,1609545600000,0.0001
BTCUSDT,1609574400000,0.00020151
BTCUSDT,1609603200000,0.00115471
BTCUSDT,1609632000000,0.00124058
BTCUSDT,1609660800000,0.00114744
BTCUSDT,1609689600000,0.00155006
BTCUSDT,1609718400000,0.00164126
BTCUSDT,1609747200000,0.00236482
BTCUSDT,1609776000000,0.00056137
BTCUSDT,1609804800000,0.00088338
BTCUSDT,1609833600000,0.00047166
BTCUSDT,1609862400000,0.00062904
BTCUSDT,1609891200000,0.00127193
BTCUSDT,1609920000000,0.00210008
BTCUSDT,1609948800000,0.00149253
BTCUSDT,1609977600000,0.00100316
BTCUSDT,1610006400000,0.00142744
BTCUSDT,1610035200000,0.00099841
BTCUSDT,1610064000000,0.00213517
BTCUSDT,1610092800000,0.00092044
BTCUSDT,1610121600000,0.00131892
BTCUSDT,1610150400000,0.00062954
BTCUSDT,1610179200000,0.00066918
BTCUSDT,1610208000000,0.00146942
BTCUSDT,1610236800000,0.00145604
BTCUSDT,1610265600000,0.00120632
BTCUSDT,1610294400000,0.00052988
BTCUSDT,1610323200000,0.00086486
BTCUSDT,1610352000000,0.00081553
BTCUSDT,1610380800000,0.00053444
BTCUSDT,1610409600000,0.00033526
BTCUSDT,1610438400000,0.00050855
BTCUSDT,1610467200000,0.00054945
BTCUSDT,1610496000000,0.00014768
BTCUSDT,1610524800000,0.0002259
BTCUSDT,1610553600000,0.0007053
BTCUSDT,1610582400000,0.00078331
BTCUSDT,1610611200000,0.00072627
BTCUSDT,1610640000000,0.00068503
BTCUSDT,1610668800000,0.00055628
BTCUSDT,1610697600000,0.00064483
BTCUSDT,1610726400000,0.00118185
BTCUSDT,1610755200000,0.0001
BTCUSDT,1610784000000,0.00032573
BTCUSDT,1610812800000,0.00068496
BTCUSDT,1610841600000,0.00033109
BTCUSDT,1610870400000,0.00030276
BTCUSDT,1610899200000,0.0001
BTCUSDT,1610928000000,0.00055375
BTCUSDT,1610956800000,0.00049321
BTCUSDT,1610985600000,0.0010355
BTCUSDT,1611014400000,0.0006167
BTCUSDT,1611043200000,0.0014009
BTCUSDT,1611072000000,0.00158467
BTCUSDT,1611100800000,0.00088178
BTCUSDT,1611129600000,0.00017967
BTCUSDT,1611158400000,0.00016482
BTCUSDT,1611187200000,0.00042078
BTCUSDT,1611216000000,0.00048357
BTCUSDT,1611244800000,0.00026589
BTCUSDT,1611273600000,0.0001
BTCUSDT,1611302400000,0.0001
BTCUSDT,1611331200000,0.0001
BTCUSDT,1611360000000,0.0001
BTCUSDT,1611388800000,0.00012182
BTCUSDT,1611417600000,0.0001
BTCUSDT,1611446400000,0.0001
BTCUSDT,1611475200000,0.00014368
BTCUSDT,1611504000000,0.00041388
BTCUSDT,1611532800000,0.0001
BTCUSDT,1611561600000,0.00052253
BTCUSDT,1611590400000,0.00042414
BTCUSDT,1611619200000,0.00013506
BTCUSDT,1611648000000,0.0001
BTCUSDT,1611676800000,0.0001
BTCUSDT,1611705600000,0.0001
BTCUSDT,1611734400000,0.0001
BTCUSDT,1611763200000,0.0001
BTCUSDT,1611792000000,0.0001
BTCUSDT,1611820800000,0.0001
BTCUSDT,1611849600000,0.00022262
BTCUSDT,1611878400000,0.0001
BTCUSDT,1611907200000,0.00064803
BTCUSDT,1611936000000,0.00166789
BTCUSDT,1611964800000,0.00039208
BTCUSDT,1611993600000,0.000332
BTCUSDT,1612022400000,0.00052428
BTCUSDT,1612051200000,0.00054944
BTCUSDT,1612080000000,0.00046117
BTCUSDT,1612108800000,0.00044234
BTCUSDT,1612137600000,0.00013932
BTCUSDT,1612166400000,0.00037561
BTCUSDT,1612195200000,0.00066848
BTCUSDT,1612224000000,0.00036787
BTCUSDT,1612252800000,0.00044278
BTCUSDT,1612281600000,0.00122181
BTCUSDT,1612310400000,0.00077297
BTCUSDT,1612339200000,0.00080805
BTCUSDT,1612368000000,0.00075287
BTCUSDT,1612396800000,0.00029063
BTCUSDT,1612425600000,0.00074286
BTCUSDT,1612454400000,0.00061936
BTCUSDT,1612483200000,0.00056635
BTCUSDT,1612512000000,0.00074838
BTCUSDT,1612540800000,0.00099154
BTCUSDT,1612569600000,0.00034782
BTCUSDT,1612598400000,0.00069827
BTCUSDT,1612627200000,0.00102371
BTCUSDT,1612656000000,0.00155546
BTCUSDT,1612684800000,0.00065121
BTCUSDT,1612713600000,0.00106206
BTCUSDT,1612742400000,0.00059267
BTCUSDT,1612771200000,0.00057887
BTCUSDT,1612800000000,0.00248993
BTCUSDT,1612828800000,0.00131125
BTCUSDT,1612857600000,0.00186573
BTCUSDT,1612886400000,0.00161159
BTCUSDT,1612915200000,0.00124313
BTCUSDT,1612944000000,0.0017535
BTCUSDT,1612972800000,0.00112397
BTCUSDT,1613001600000,0.00076742
BTCUSDT,1613030400000,0.0008307
BTCUSDT,1613059200000,0.0017411
BTCUSDT,1613088000000,0.00128772
BTCUSDT,1613116800000,0.0012563
BTCUSDT,1613145600000,0.00105533
BTCUSDT,1613174400000,0.00139999
BTCUSDT,1613203200000,0.00141609
BTCUSDT,1613232000000,0.00075946
BTCUSDT,1613260800000,0.00085048
BTCUSDT,1613289600000,0.00146185
BTCUSDT,1613318400000,0.00149489
BTCUSDT,1613347200000,0.0011786
BTCUSDT,1613376000000,0.00040617
BTCUSDT,1613404800000,0.00068133
BTCUSDT,1613433600000,0.000996
BTCUSDT,1613462400000,0.00123546
BTCUSDT,1613491200000,0.00141818
BTCUSDT,1613520000000,0.00104066
BTCUSDT,1613548800000,0.00093436
BTCUSDT,1613577600000,0.00147112
BTCUSDT,1613606400000,0.00132249
BTCUSDT,1613635200000,0.00154303
BTCUSDT,1613664000000,0.00125842
BTCUSDT,1613692800000,0.00091255
BTCUSDT,1613721600000,0.00084526
BTCUSDT,1613750400000,0.00128791
BTCUSDT,1613779200000,0.00156318
BTCUSDT,1613808000000,0.00116465
BTCUSDT,1613836800000,0.00122535
BTCUSDT,1613865600000,0.00100357
BTCUSDT,1613894400000,0.00099022
BTCUSDT,1613923200000,0.0012582
BTCUSDT,1613952000000,0.00117049
BTCUSDT,1613980800000,0.00091782
BTCUSDT,1614009600000,0.00077864
BTCUSDT,1614038400000,0.00024947
BTCUSDT,1614067200000,0.0002962
BTCUSDT,1614096000000,0.00013281
BTCUSDT,1614124800000,0.0001
BTCUSDT,1614153600000,0.00051791
BTCUSDT,1614182400000,0.00037289
BTCUSDT,1614211200000,0.00017706
BTCUSDT,1614240000000,0.00018247
BTCUSDT,1614268800000,0.00034053
BTCUSDT,1614297600000,0.0001
BTCUSDT,1614326400000,0.0001
BTCUSDT,1614355200000,0.0001
BTCUSDT,1614384000000,0.00030164
BTCUSDT,1614412800000,0.0004457
BTCUSDT,1614441600000,0.00010038
BTCUSDT,1614470400000,0.0001
BTCUSDT,1614499200000,0.0001
BTCUSDT,1614528000000,0.00037706
BTCUSDT,1614556800000,0.00016921
BTCUSDT,1614585600000,0.0001
BTCUSDT,1614614400000,0.0001
BTCUSDT,1614643200000,0.0001
BTCUSDT,1614672000000,0.0001
BTCUSDT,1614700800000,0.0001
BTCUSDT,1614729600000,0.0001
BTCUSDT,1614758400000,0.0001
BTCUSDT,1614787200000,0.00045078
BTCUSDT,1614816000000,0.0001
BTCUSDT,1614844800000,0.0001
BTCUSDT,1614873600000,0.0001
BTCUSDT,1614902400000,0.0001
BTCUSDT,1614931200000,0.0001
BTCUSDT,1614960000000,0.0001
BTCUSDT,1614988800000,0.0001
BTCUSDT,1615017600000,0.0001
BTCUSDT,1615046400000,0.0001
BTCUSDT,1615075200000,0.0001
BTCUSDT,1615104000000,0.0001
BTCUSDT,1615132800000,0.00017606
BTCUSDT,1615161600000,0.0001
BTCUSDT,1615190400000,0.0001
BTCUSDT,1615219200000,0.00024757
BTCUSDT,1615248000000,0.00072419
BTCUSDT,1615276800000,0.00041976
BTCUSDT,1615305600000,0.00057038
BTCUSDT,1615334400000,0.00024344
BTCUSDT,1615363200000,0.00048586
BTCUSDT,1615392000000,0.00056915
BTCUSDT,1615420800000,0.00095931
BTCUSDT,1615449600000,0.00099305
BTCUSDT,1615478400000,0.00085439
BTCUSDT,1615507200000,0.00102002
BTCUSDT,1615536000000,0.00067147
BTCUSDT,1615564800000,0.00051199
BTCUSDT,1615593600000,0.00047834
BTCUSDT,1615622400000,0.00060567
BTCUSDT,1615651200000,0.00057114
BTCUSDT,1615680000000,0.00081828
BTCUSDT,1615708800000,0.00084593
BTCUSDT,1615737600000,0.00115069
BTCUSDT,1615766400000,0.0008201
BTCUSDT,1615795200000,0.0010521
BTCUSDT,1615824000000,0.00015776
BTCUSDT,1615852800000,0.00022573
BTCUSDT,1615881600000,0.00035862
BTCUSDT,1615910400000,0.00040673
BTCUSDT,1615939200000,0.00035367
BTCUSDT,1615968000000,0.00019234
BTCUSDT,1615996800000,0.00024575
BTCUSDT,1616025600000,0.00030265
BTCUSDT,1616054400000,0.00029259
BTCUSDT,1616083200000,0.00032547
BTCUSDT,1616112000000,0.00032006
BTCUSDT,1616140800000,0.00012887
BTCUSDT,1616169600000,0.0003326
BTCUSDT,1616198400000,0.0004928
BTCUSDT,1616227200000,0.00044452
BTCUSDT,1616256000000,0.00048936
BTCUSDT,1616284800000,0.00031366
BTCUSDT,1616313600000,0.00042375
BTCUSDT,1616342400000,0.0001
BTCUSDT,1616371200000,0.00051919
BTCUSDT,1616400000000,0.00045562
BTCUSDT,1616428800000,0.00048977
BTCUSDT,1616457600000,0.0002421
BTCUSDT,1616486400000,0.00026619
BTCUSDT,1616515200000,0.00042245
BTCUSDT,1616544000000,0.00053454
BTCUSDT,1616572800000,0.00016567
BTCUSDT,1616601600000,0.00026422
BTCUSDT,1616630400000,0.00011828
BTCUSDT,1616659200000,0.0001
BTCUSDT,1616688000000,0.0001
BTCUSDT,1616716800000,0.00016
BTCUSDT,1616745600000,0.0001
BTCUSDT,1616774400000,0.0001
BTCUSDT,1616803200000,0.0001
BTCUSDT,1616832000000,0.0001
BTCUSDT,1616860800000,0.0001
BTCUSDT,1616889600000,0.0001
BTCUSDT,1616918400000,0.0001
BTCUSDT,1616947200000,0.0001
BTCUSDT,1616976000000,0.0001
BTCUSDT,1617004800000,0.0001
BTCUSDT,1617033600000,0.00018171
BTCUSDT,1617062400000,0.00032026
BTCUSDT,1617091200000,0.00027258
BTCUSDT,1617120000000,0.00083501
BTCUSDT,1617148800000,0.00080754
BTCUSDT,1617177600000,0.00070889
BTCUSDT,1617206400000,0.00058414
BTCUSDT,1617235200000,0.00109277
BTCUSDT,1617264000000,0.00095247
BTCUSDT,1617292800000,0.00051932
BTCUSDT,1617321600000,0.00071058
BTCUSDT,1617350400000,0.00106221
BTCUSDT,1617379200000,0.0010197
BTCUSDT,1617408000000,0.00063267
BTCUSDT,1617436800000,0.00107843
BTCUSDT,1617465600000,0.00101313
BTCUSDT,1617494400000,0.0005209
BTCUSDT,1617523200000,0.00048495
BTCUSDT,1617552000000,0.00026521
BTCUSDT,1617580800000,0.00039464
BTCUSDT,1617609600000,0.00043217
BTCUSDT,1617638400000,0.00037409
BTCUSDT,1617667200000,0.00097189
BTCUSDT,1617696000000,0.00057776
BTCUSDT,1617724800000,0.00083736
BTCUSDT,1617753600000,0.00057609
BTCUSDT,1617782400000,0.00053749
BTCUSDT,1617811200000,0.0005366
BTCUSDT,1617840000000,0.00040784
BTCUSDT,1617868800000,0.00024943
BTCUSDT,1617897600000,0.00026225
BTCUSDT,1617926400000,0.00019611
BTCUSDT,1617955200000,0.00026301
BTCUSDT,1617984000000,0.00021785
BTCUSDT,1618012800000,0.00012959
BTCUSDT,1618041600000,0.00148624
BTCUSDT,1618070400000,0.00119652
BTCUSDT,1618099200000,0.00086735
BTCUSDT,1618128000000,0.00099427
BTCUSDT,1618156800000,0.00105998
BTCUSDT,1618185600000,0.00093793
BTCUSDT,1618214400000,0.00106358
BTCUSDT,1618243200000,0.00094343
BTCUSDT,1618272000000,0.00084072
BTCUSDT,1618300800000,0.00089928
BTCUSDT,1618329600000,0.0012267
BTCUSDT,1618358400000,0.00090508
BTCUSDT,1618387200000,0.00108567
BTCUSDT,1618416000000,0.00104786
BTCUSDT,1618444800000,0.00076335
BTCUSDT,1618473600000,0.00082082
BTCUSDT,1618502400000,0.00110324
BTCUSDT,1618531200000,0.00109647
BTCUSDT,1618560000000,0.00120022
BTCUSDT,1618588800000,0.00115519
BTCUSDT,1618617600000,0.00054906
BTCUSDT,1618646400000,0.00054007
BTCUSDT,1618675200000,0.00087572
BTCUSDT,1618704000000,0.00081624
BTCUSDT,1618732800000,0.00058448
BTCUSDT,1618761600000,0.0001
BTCUSDT,1618790400000,0.0001
BTCUSDT,1618819200000,0.0001
BTCUSDT,1618848000000,0.0001
BTCUSDT,1618876800000,0.0001
BTCUSDT,1618905600000,0.0001
BTCUSDT,1618934400000,0.0001
BTCUSDT,1618963200000,0.0001
BTCUSDT,1618992000000,0.0001
BTCUSDT,1619020800000,0.0001
BTCUSDT,1619049600000,0.0001
BTCUSDT,1619078400000,0.0001
BTCUSDT,1619107200000,0.0001
BTCUSDT,1619136000000,0.0001
BTCUSDT,1619164800000,0.00047618
BTCUSDT,1619193600000,0.0001
BTCUSDT,1619222400000,0.0001
BTCUSDT,1619251200000,0.00027672
BTCUSDT,1619280000000,0.0001676
BTCUSDT,1619308800000,0.000217
BTCUSDT,1619337600000,0.00038558
BTCUSDT,1619366400000,0.0001
BTCUSDT,1619395200000,0.0001
BTCUSDT,1619424000000,0.0001
BTCUSDT,1619452800000,0.0001
BTCUSDT,1619481600000,0.0001
BTCUSDT,1619510400000,0.0001
BTCUSDT,1619539200000,0.0001
BTCUSDT,1619568000000,0.0001
BTCUSDT,1619596800000,0.0001
BTCUSDT,1619625600000,0.0001
BTCUSDT,1619654400000,0.0001
BTCUSDT,1619683200000,0.0001
BTCUSDT,1619712000000,0.0001
BTCUSDT,1619740800000,0.0001
BTCUSDT,1619769600000,0.0001
BTCUSDT,1619798400000,0.0001
BTCUSDT,1619827200000,0.00011209
BTCUSDT,1619856000000,0.0001
BTCUSDT,1619884800000,0.00032496
BTCUSDT,1619913600000,0.00015819
BTCUSDT,1619942400000,0.00045285
BTCUSDT,1619971200000,0.00045283
BTCUSDT,1620000000000,0.00040313
BTCUSDT,1620028800000,0.00036188
BTCUSDT,1620057600000,0.00067307
BTCUSDT,1620086400000,0.00050959
BTCUSDT,1620115200000,0.00012186
BTCUSDT,1620144000000,0.00066426
BTCUSDT,1620172800000,0.00044701
BTCUSDT,1620201600000,0.00042458
BTCUSDT,1620230400000,0.00011734
BTCUSDT,1620259200000,0.00076121
BTCUSDT,1620288000000,0.00059968
BTCUSDT,1620316800000,0.0009352
BTCUSDT,1620345600000,0.00044645
BTCUSDT,1620374400000,0.00053313
BTCUSDT,1620403200000,0.00017144
BTCUSDT,1620432000000,0.0005937
BTCUSDT,1620460800000,0.00046279
BTCUSDT,1620489600000,0.00046426
BTCUSDT,1620518400000,0.00048942
BTCUSDT,1620547200000,0.00043845
BTCUSDT,1620576000000,0.00063864
BTCUSDT,1620604800000,0.00033531
BTCUSDT,1620633600000,0.00090258
BTCUSDT,1620662400000,0.00098653
BTCUSDT,1620691200000,0.00039557
BTCUSDT,1620720000000,0.00050874
BTCUSDT,1620748800000,0.00025625
BTCUSDT,1620777600000,0.00016659
BTCUSDT,1620806400000,0.00033736
BTCUSDT,1620835200000,0.00039761
BTCUSDT,1620864000000,0.00011638
BTCUSDT,1620892800000,0.0001
BTCUSDT,1620921600000,0.00022863
BTCUSDT,1620950400000,0.0004004
BTCUSDT,1620979200000,0.00035219
BTCUSDT,1621008000000,0.00015069
BTCUSDT,1621036800000,0.0001
BTCUSDT,1621065600000,0.00010123
BTCUSDT,1621094400000,0.00020153
BTCUSDT,1621123200000,0.00040248
BTCUSDT,1621152000000,0.00016682
BTCUSDT,1621180800000,0.00036196
BTCUSDT,1621209600000,0.0001
BTCUSDT,1621238400000,0.00063989
BTCUSDT,1621267200000,0.00059294
BTCUSDT,1621296000000,0.00054643
BTCUSDT,1621324800000,0.00014723
BTCUSDT,1621353600000,0.00021809
BTCUSDT,1621382400000,0.0001
BTCUSDT,1621411200000,0.00035813
BTCUSDT,1621440000000,-0.00089697
BTCUSDT,1621468800000,0.0001
BTCUSDT,1621497600000,0.0001
BTCUSDT,1621526400000,0.0001
BTCUSDT,1621555200000,0.0001
BTCUSDT,1621584000000,-1.001e-05
BTCUSDT,1621612800000,7.546e-05
BTCUSDT,1621641600000,-0.00024448
BTCUSDT,1621670400000,0.0001
BTCUSDT,1621699200000,0.0001
BTCUSDT,1621728000000,-5.011e-05
BTCUSDT,1621756800000,-1.059e-05
BTCUSDT,1621785600000,4.696e-05
BTCUSDT,1621814400000,-8.534e-05
BTCUSDT,1621843200000,-9.905e-05
BTCUSDT,1621872000000,2.089e-05
BTCUSDT,1621900800000,0.0001
BTCUSDT,1621929600000,0.0001
BTCUSDT,1621958400000,0.0001
BTCUSDT,1621987200000,0.0001
BTCUSDT,1622016000000,0.0001
BTCUSDT,1622044800000,0.0001
BTCUSDT,1622073600000,0.0001
BTCUSDT,1622102400000,0.0001
BTCUSDT,1622131200000,0.0001
BTCUSDT,1622160000000,0.0001
BTCUSDT,1622188800000,0.0001
BTCUSDT,1622217600000,0.0001
BTCUSDT,1622246400000,0.0001
BTCUSDT,1622275200000,0.0001
BTCUSDT,1622304000000,0.00010375
BTCUSDT,1622332800000,0.0001
BTCUSDT,1622361600000,0.0001
BTCUSDT,1622390400000,0.0001
BTCUSDT,1622419200000,0.0001
BTCUSDT,1622448000000,0.0001
BTCUSDT,1622476800000,0.0001
BTCUSDT,1622505600000,0.0001
BTCUSDT,1622534400000,0.0001
BTCUSDT,1622563200000,0.0001
BTCUSDT,1622592000000,0.0001
BTCUSDT,1622620800000,0.0001
BTCUSDT,1622649600000,0.0001
BTCUSDT,1622678400000,0.0001
BTCUSDT,1622707200000,0.0001
BTCUSDT,1622736000000,0.0001
BTCUSDT,1622764800000,0.0001
BTCUSDT,1622793600000,0.00020566
BTCUSDT,1622822400000,0.0001
BTCUSDT,1622851200000,0.0001
BTCUSDT,1622880000000,0.0001
BTCUSDT,1622908800000,0.0001
BTCUSDT,1622937600000,0.0001
BTCUSDT,1622966400000,0.0001
BTCUSDT,1622995200000,0.0001
BTCUSDT,1623024000000,0.0001
BTCUSDT,1623052800000,0.0001
BTCUSDT,1623081600000,0.0001
BTCUSDT,1623110400000,0.0001
BTCUSDT,1623139200000,1.015e-05
BTCUSDT,1623168000000,0.0001
BTCUSDT,1623196800000,0.0001
BTCUSDT,1623225600000,-5.397e-05
BTCUSDT,1623254400000,-0.00014842
BTCUSDT,1623283200000,-0.00016793
BTCUSDT,1623312000000,6.027e-05
BTCUSDT,1623340800000,0.0001
BTCUSDT,1623369600000,0.0001
BTCUSDT,1623398400000,2.612e-05
BTCUSDT,1623427200000,4.776e-05
BTCUSDT,1623456000000,-7.78e-05
BTCUSDT,1623484800000,0.0001
BTCUSDT,1623513600000,-8.14e-06
BTCUSDT,1623542400000,9.64e-05
BTCUSDT,1623571200000,2.852e-05
BTCUSDT,1623600000000,-6.559e-05
BTCUSDT,1623628800000,0.0001
BTCUSDT,1623657600000,0.0001
BTCUSDT,1623686400000,-3.144e-05
BTCUSDT,1623715200000,8.002e-05
BTCUSDT,1623744000000,0.0001
BTCUSDT,1623772800000,0.0001
BTCUSDT,1623801600000,0.0001
BTCUSDT,1623830400000,0.0001
BTCUSDT,1623859200000,0.0001
BTCUSDT,1623888000000,0.0001
BTCUSDT,1623916800000,0.0001
BTCUSDT,1623945600000,0.0001
BTCUSDT,1623974400000,5.342e-05
BTCUSDT,1624003200000,3.45e-06
BTCUSDT,1624032000000,0.0001
BTCUSDT,1624060800000,-5.205e-05
BTCUSDT,1624089600000,-9.441e-05
BTCUSDT,1624118400000,7.475e-05
BTCUSDT,1624147200000,0.0001
BTCUSDT,1624176000000,0.0001
BTCUSDT,1624204800000,-0.00018437
BTCUSDT,1624233600000,-1.617e-05
BTCUSDT,1624262400000,0.0001
BTCUSDT,1624291200000,-0.00019854
BTCUSDT,1624320000000,7.947e-05
BTCUSDT,1624348800000,0.0001
BTCUSDT,1624377600000,-0.00032806
BTCUSDT,1624406400000,6.7e-07
BTCUSDT,1624435200000,-0.00013693
BTCUSDT,1624464000000,-0.00019895
BTCUSDT,1624492800000,-7.785e-05
BTCUSDT,1624521600000,0.0001
BTCUSDT,1624550400000,-0.00018863
BTCUSDT,1624579200000,2.372e-05
BTCUSDT,1624608000000,0.0001
BTCUSDT,1624636800000,0.0001
BTCUSDT,1624665600000,-0.00011029
BTCUSDT,1624694400000,-0.00013121
BTCUSDT,1624723200000,-0.00010371
BTCUSDT,1624752000000,-0.00023578
BTCUSDT,1624780800000,-0.00052905
BTCUSDT,1624809600000,-0.00026102
BTCUSDT,1624838400000,-2.914e-05
BTCUSDT,1624867200000,3.312e-05
BTCUSDT,1624896000000,0.0001
BTCUSDT,1624924800000,8.346e-05
BTCUSDT,1624953600000,0.0001
BTCUSDT,1624982400000,3.883e-05
BTCUSDT,1625011200000,0.0001
BTCUSDT,1625040000000,0.0001
BTCUSDT,1625068800000,0.0001
BTCUSDT,1625097600000,0.0001
BTCUSDT,1625126400000,0.0001
BTCUSDT,1625155200000,0.0001
BTCUSDT,1625184000000,8.304e-05
BTCUSDT,1625212800000,0.0001
BTCUSDT,1625241600000,-0.00012187
BTCUSDT,1625270400000,-4.866e-05
BTCUSDT,1625299200000,-0.0001355
BTCUSDT,1625328000000,3.53e-05
BTCUSDT,1625356800000,3.235e-05
BTCUSDT,1625385600000,-0.0001527
BTCUSDT,1625414400000,4.428e-05
BTCUSDT,1625443200000,0.0001
BTCUSDT,1625472000000,0.0001
BTCUSDT,1625500800000,-0.0001044
BTCUSDT,1625529600000,-6.81e-06
BTCUSDT,1625558400000,-0.0001114
BTCUSDT,1625587200000,-8.213e-05
BTCUSDT,1625616000000,-0.00013362
BTCUSDT,1625644800000,0.0001
BTCUSDT,1625673600000,0.0001
BTCUSDT,1625702400000,1.382e-05
BTCUSDT,1625731200000,-6.403e-05
BTCUSDT,1625760000000,-0.0002808
BTCUSDT,1625788800000,-0.00010885
BTCUSDT,1625817600000,-0.00017364
BTCUSDT,1625846400000,-0.00018845
BTCUSDT,1625875200000,-8.1e-07
BTCUSDT,1625904000000,7.847e-05
BTCUSDT,1625932800000,7.2e-07
BTCUSDT,1625961600000,7.785e-05
BTCUSDT,1625990400000,0.0001
BTCUSDT,1626019200000,-3.373e-05
BTCUSDT,1626048000000,8.851e-05
BTCUSDT,1626076800000,3.463e-05
BTCUSDT,1626105600000,0.0001
BTCUSDT,1626134400000,0.0001
BTCUSDT,1626163200000,0.0001
BTCUSDT,1626192000000,5.2e-07
BTCUSDT,1626220800000,0.0001
BTCUSDT,1626249600000,1.317e-05
BTCUSDT,1626278400000,-0.00011753
BTCUSDT,1626307200000,-4.883e-05
BTCUSDT,1626336000000,0.0001
BTCUSDT,1626364800000,1.576e-05
BTCUSDT,1626393600000,-0.00011529
BTCUSDT,1626422400000,6.105e-05
BTCUSDT,1626451200000,1.073e-05
BTCUSDT,1626480000000,0.0001
BTCUSDT,1626508800000,-4.343e-05
BTCUSDT,1626537600000,2.365e-05
BTCUSDT,1626566400000,0.0001
BTCUSDT,1626595200000,0.0001
BTCUSDT,1626624000000,-4.434e-05
BTCUSDT,1626652800000,-7.51e-05
BTCUSDT,1626681600000,3.183e-05
BTCUSDT,1626710400000,-1.23e-05
BTCUSDT,1626739200000,-0.00015687
BTCUSDT,1626768000000,-0.00012569
BTCUSDT,1626796800000,-0.00018939
BTCUSDT,1626825600000,-0.00022869
BTCUSDT,1626854400000,-0.00039139
BTCUSDT,1626883200000,-0.00032314
BTCUSDT,1626912000000,-0.00016261
BTCUSDT,1626940800000,1.362e-05
BTCUSDT,1626969600000,1.374e-05
BTCUSDT,1626998400000,3.44e-06
BTCUSDT,1627027200000,-0.00016985
BTCUSDT,1627056000000,-9.9e-06
BTCUSDT,1627084800000,-7.246e-05
BTCUSDT,1627113600000,-0.00013379
BTCUSDT,1627142400000,-0.00010603
BTCUSDT,1627171200000,-0.00025685
BTCUSDT,1627200000000,-0.00021708
BTCUSDT,1627228800000,-5.198e-05
BTCUSDT,1627257600000,-0.00054841
BTCUSDT,1627286400000,0.0001
BTCUSDT,1627315200000,0.0001
BTCUSDT,1627344000000,0.0001
BTCUSDT,1627372800000,0.0001
BTCUSDT,1627401600000,-2.248e-05
BTCUSDT,1627430400000,-2.037e-05
BTCUSDT,1627459200000,0.0001
BTCUSDT,1627488000000,0.0001
BTCUSDT,1627516800000,1.493e-05
BTCUSDT,1627545600000,8.276e-05
BTCUSDT,1627574400000,0.0001
BTCUSDT,1627603200000,0.0001
BTCUSDT,1627632000000,0.0001
BTCUSDT,1627660800000,-2.377e-05
BTCUSDT,1627689600000,0.0001
BTCUSDT,1627718400000,0.0001
BTCUSDT,1627747200000,0.0001
BTCUSDT,1627776000000,0.0001
BTCUSDT,1627804800000,0.0001
BTCUSDT,1627833600000,0.0001
BTCUSDT,1627862400000,0.0001
BTCUSDT,1627891200000,0.0001
BTCUSDT,1627920000000,0.0001
BTCUSDT,1627948800000,0.0001
BTCUSDT,1627977600000,0.0001
BTCUSDT,1628006400000,0.0001
BTCUSDT,1628035200000,0.0001
BTCUSDT,1628064000000,0.0001
BTCUSDT,1628092800000,1.272e-05
BTCUSDT,1628121600000,0.0001
BTCUSDT,1628150400000,0.0001
BTCUSDT,1628179200000,0.0001
BTCUSDT,1628208000000,0.0001
BTCUSDT,1628236800000,0.0001
BTCUSDT,1628265600000,0.0001
BTCUSDT,1628294400000,0.0001
BTCUSDT,1628323200000,0.0001
BTCUSDT,1628352000000,0.0001
BTCUSDT,1628380800000,0.0001
BTCUSDT,1628409600000,0.0001
BTCUSDT,1628438400000,0.0001
BTCUSDT,1628467200000,0.0001
BTCUSDT,1628496000000,0.0001
BTCUSDT,1628524800000,0.0001
BTCUSDT,1628553600000,0.0001
BTCUSDT,1628582400000,0.0001
BTCUSDT,1628611200000,0.0001
BTCUSDT,1628640000000,0.0001
BTCUSDT,1628668800000,0.0001
BTCUSDT,1628697600000,0.0001
BTCUSDT,1628726400000,0.0001
BTCUSDT,1628755200000,0.0001
BTCUSDT,1628784000000,0.0001
BTCUSDT,1628812800000,0.0001
BTCUSDT,1628841600000,0.0001
BTCUSDT,1628870400000,0.0001
BTCUSDT,1628899200000,0.0001
BTCUSDT,1628928000000,0.0001
BTCUSDT,1628956800000,0.0001
BTCUSDT,1628985600000,0.0001
BTCUSDT,1629014400000,0.0001
BTCUSDT,1629043200000,0.0001
BTCUSDT,1629072000000,0.0001
BTCUSDT,1629100800000,0.0001
BTCUSDT,1629129600000,0.00013924
BTCUSDT,1629158400000,0.0001
BTCUSDT,1629187200000,0.0001
BTCUSDT,1629216000000,0.0001
BTCUSDT,1629244800000,0.0001
BTCUSDT,1629273600000,0.0001
BTCUSDT,1629302400000,0.0001
BTCUSDT,1629331200000,0.0001
BTCUSDT,1629360000000,0.0001
BTCUSDT,1629388800000,0.0001
BTCUSDT,1629417600000,0.0001
BTCUSDT,1629446400000,0.00011483
BTCUSDT,1629475200000,0.00014278
BTCUSDT,1629504000000,0.0001
BTCUSDT,1629532800000,0.00020013
BTCUSDT,1629561600000,0.00016694
BTCUSDT,1629590400000,0.0001
BTCUSDT,1629619200000,0.0001
BTCUSDT,1629648000000,0.00014813
BTCUSDT,1629676800000,0.0001
BTCUSDT,1629705600000,0.0003918
BTCUSDT,1629734400000,0.00023983
BTCUSDT,1629763200000,0.000293
BTCUSDT,1629792000000,0.0001
BTCUSDT,1629820800000,0.00041348
BTCUSDT,1629849600000,0.00019568
BTCUSDT,1629878400000,0.0001
BTCUSDT,1629907200000,0.0001
BTCUSDT,1629936000000,0.0001
BTCUSDT,1629964800000,0.00021865
BTCUSDT,1629993600000,0.0001
BTCUSDT,1630022400000,0.0001
BTCUSDT,1630051200000,0.0001
BTCUSDT,1630080000000,0.0001
BTCUSDT,1630108800000,0.0001
BTCUSDT,1630137600000,0.0003224
BTCUSDT,1630166400000,0.00023137
BTCUSDT,1630195200000,0.0001
BTCUSDT,1630224000000,0.0001
BTCUSDT,1630252800000,0.0001
BTCUSDT,1630281600000,0.0001
BTCUSDT,1630310400000,0.0001
BTCUSDT,1630339200000,0.0002255
BTCUSDT,1630368000000,0.00036162
BTCUSDT,1630396800000,0.00027795
BTCUSDT,1630425600000,0.00023354
BTCUSDT,1630454400000,0.00044618
BTCUSDT,1630483200000,0.00027256
BTCUSDT,1630512000000,0.00033967
BTCUSDT,1630540800000,0.0004052
BTCUSDT,1630569600000,0.0004869
BTCUSDT,1630598400000,0.00057405
BTCUSDT,1630627200000,0.00047856
BTCUSDT,1630656000000,0.00033375
BTCUSDT,1630684800000,0.00024375
BTCUSDT,1630713600000,0.00043928
BTCUSDT,1630742400000,0.00011799
BTCUSDT,1630771200000,0.00019219
BTCUSDT,1630800000000,0.0001
BTCUSDT,1630828800000,0.0001
BTCUSDT,1630857600000,0.0001
BTCUSDT,1630886400000,0.00026783
BTCUSDT,1630915200000,0.0001
BTCUSDT,1630944000000,0.0001
BTCUSDT,1630972800000,0.0001
BTCUSDT,1631001600000,0.0001
BTCUSDT,1631030400000,0.00022977
BTCUSDT,1631059200000,0.0001
BTCUSDT,1631088000000,0.0001
BTCUSDT,1631116800000,0.0001
BTCUSDT,1631145600000,0.0001
BTCUSDT,1631174400000,0.0001
BTCUSDT,1631203200000,0.0001
BTCUSDT,1631232000000,0.0001
BTCUSDT,1631260800000,0.0001
BTCUSDT,1631289600000,0.00011115
BTCUSDT,1631318400000,0.0001
BTCUSDT,1631347200000,0.0001
BTCUSDT,1631376000000,0.0001
BTCUSDT,1631404800000,0.0001
BTCUSDT,1631433600000,0.0001
BTCUSDT,1631462400000,0.0001
BTCUSDT,1631491200000,0.0001
BTCUSDT,1631520000000,0.0001
BTCUSDT,1631548800000,0.0001
BTCUSDT,1631577600000,0.0001
BTCUSDT,1631606400000,0.0001
BTCUSDT,1631635200000,0.0001
BTCUSDT,1631664000000,0.0001
BTCUSDT,1631692800000,0.0001
BTCUSDT,1631721600000,0.0001
BTCUSDT,1631750400000,0.0001
BTCUSDT,1631779200000,0.0001
BTCUSDT,1631808000000,0.0001
BTCUSDT,1631836800000,0.0001
BTCUSDT,1631865600000,0.0001
BTCUSDT,1631894400000,0.0001
BTCUSDT,1631923200000,0.0001
BTCUSDT,1631952000000,0.0001
BTCUSDT,1631980800000,0.0001
BTCUSDT,1632009600000,0.0001
BTCUSDT,1632038400000,0.0001
BTCUSDT,1632067200000,0.0001
BTCUSDT,1632096000000,0.0001
BTCUSDT,1632124800000,0.0001
BTCUSDT,1632153600000,0.0001
BTCUSDT,1632182400000,0.0001
BTCUSDT,1632211200000,0.0001
BTCUSDT,1632240000000,0.0001
BTCUSDT,1632268800000,0.0001
BTCUSDT,1632297600000,0.0001
BTCUSDT,1632326400000,0.0001
BTCUSDT,1632355200000,4.744e-05
BTCUSDT,1632384000000,7.835e-05
BTCUSDT,1632412800000,0.0001
BTCUSDT,1632441600000,-7.856e-05
BTCUSDT,1632470400000,-8.536e-05
BTCUSDT,1632499200000,3.978e-05
BTCUSDT,1632528000000,0.0001
BTCUSDT,1632556800000,5.629e-05
BTCUSDT,1632585600000,0.0001
BTCUSDT,1632614400000,2.457e-05
BTCUSDT,1632643200000,0.0001
BTCUSDT,1632672000000,-1.686e-05
BTCUSDT,1632700800000,0.0001
BTCUSDT,1632729600000,0.0001
BTCUSDT,1632758400000,0.0001
BTCUSDT,1632787200000,2.549e-05
BTCUSDT,1632816000000,3.318e-05
BTCUSDT,1632844800000,9.756e-05
BTCUSDT,1632873600000,4.448e-05
BTCUSDT,1632902400000,3.757e-05
BTCUSDT,1632931200000,5.661e-05
BTCUSDT,1632960000000,0.0001
BTCUSDT,1632988800000,0.0001
BTCUSDT,1633017600000,9.235e-05
BTCUSDT,1633046400000,2.202e-05
BTCUSDT,1633075200000,-2.693e-05
BTCUSDT,1633104000000,0.0001
BTCUSDT,1633132800000,5.277e-05
BTCUSDT,1633161600000,3.519e-05
BTCUSDT,1633190400000,5.938e-05
BTCUSDT,1633219200000,0.0001
BTCUSDT,1633248000000,0.0001
BTCUSDT,1633276800000,0.0001
BTCUSDT,1633305600000,0.0001
BTCUSDT,1633334400000,0.0001
BTCUSDT,1633363200000,0.0001
BTCUSDT,1633392000000,0.0001
BTCUSDT,1633420800000,-2.427e-05
BTCUSDT,1633449600000,1.61e-06
BTCUSDT,1633478400000,0.0001
BTCUSDT,1633507200000,0.0001
BTCUSDT,1633536000000,0.0001
BTCUSDT,1633564800000,0.0001
BTCUSDT,1633593600000,0.0002918
BTCUSDT,1633622400000,0.00032669
BTCUSDT,1633651200000,0.00033379
BTCUSDT,1633680000000,0.00023355
BTCUSDT,1633708800000,0.00013417
BTCUSDT,1633737600000,0.0001
BTCUSDT,1633766400000,0.0001
BTCUSDT,1633795200000,0.00015717
BTCUSDT,1633824000000,0.0001
BTCUSDT,1633852800000,0.00020906
BTCUSDT,1633881600000,0.0001
BTCUSDT,1633910400000,0.0001
BTCUSDT,1633939200000,0.0001
BTCUSDT,1633968000000,0.0001
BTCUSDT,1633996800000,0.0001
BTCUSDT,1634025600000,0.0001
BTCUSDT,1634054400000,0.0001
BTCUSDT,1634083200000,0.0001
BTCUSDT,1634112000000,0.0001
BTCUSDT,1634140800000,0.0001
BTCUSDT,1634169600000,0.0001
BTCUSDT,1634198400000,0.00022797
BTCUSDT,1634227200000,0.00017282
BTCUSDT,1634256000000,0.0001
BTCUSDT,1634284800000,0.00036685
BTCUSDT,1634313600000,0.0001
BTCUSDT,1634342400000,0.00048084
BTCUSDT,1634371200000,0.00027876
BTCUSDT,1634400000000,0.00043303
BTCUSDT,1634428800000,0.00031281
BTCUSDT,1634457600000,0.00040131
BTCUSDT,1634486400000,0.0004425
BTCUSDT,1634515200000,0.00038415
BTCUSDT,1634544000000,0.00022227
BTCUSDT,1634572800000,0.0001
BTCUSDT,1634601600000,0.0001
BTCUSDT,1634630400000,0.00014974
BTCUSDT,1634659200000,0.0001
BTCUSDT,1634688000000,0.0001
BTCUSDT,1634716800000,0.0001
BTCUSDT,1634745600000,0.00063237
BTCUSDT,1634774400000,0.00068927
BTCUSDT,1634803200000,0.00057124
BTCUSDT,1634832000000,0.00062183
BTCUSDT,1634860800000,0.00033487
BTCUSDT,1634889600000,0.00024509
BTCUSDT,1634918400000,0.00033222
BTCUSDT,1634947200000,0.00026183
BTCUSDT,1634976000000,0.00014854
BTCUSDT,1635004800000,0.0001739
BTCUSDT,1635033600000,0.00030335
BTCUSDT,1635062400000,0.00037238
BTCUSDT,1635091200000,0.00032862
BTCUSDT,1635120000000,0.00048777
BTCUSDT,1635148800000,0.00020028
BTCUSDT,1635177600000,0.00017861
BTCUSDT,1635206400000,0.00040992
BTCUSDT,1635235200000,0.00060638
BTCUSDT,1635264000000,0.00055995
BTCUSDT,1635292800000,0.00033175
BTCUSDT,1635321600000,0.00030309
BTCUSDT,1635350400000,0.00023017
BTCUSDT,1635379200000,0.00015574
BTCUSDT,1635408000000,0.0001
BTCUSDT,1635436800000,0.00013782
BTCUSDT,1635465600000,0.0002352
BTCUSDT,1635494400000,0.00024122
BTCUSDT,1635523200000,0.00017968
BTCUSDT,1635552000000,0.00016972
BTCUSDT,1635580800000,0.00038483
BTCUSDT,1635609600000,0.00023181
BTCUSDT,1635638400000,0.00019088
BTCUSDT,1635667200000,0.00048915
BTCUSDT,1635696000000,0.00043874
BTCUSDT,1635724800000,0.00032554
BTCUSDT,1635753600000,0.00031437
BTCUSDT,1635782400000,0.00056812
BTCUSDT,1635811200000,0.00015524
BTCUSDT,1635840000000,0.00033216
BTCUSDT,1635868800000,0.00047797
BTCUSDT,1635897600000,0.0008207
BTCUSDT,1635926400000,0.00043965
BTCUSDT,1635955200000,0.00031399
BTCUSDT,1635984000000,0.00045987
BTCUSDT,1636012800000,0.0005075
BTCUSDT,1636041600000,0.00046368
BTCUSDT,1636070400000,0.00018372
BTCUSDT,1636099200000,0.00018568
BTCUSDT,1636128000000,0.00041167
BTCUSDT,1636156800000,0.00053155
BTCUSDT,1636185600000,0.00045326
BTCUSDT,1636214400000,0.00037687
BTCUSDT,1636243200000,0.00017244
BTCUSDT,1636272000000,0.00036277
BTCUSDT,1636300800000,0.00037438
BTCUSDT,1636329600000,0.00025861
BTCUSDT,1636358400000,0.00049328
BTCUSDT,1636387200000,0.0004876
BTCUSDT,1636416000000,0.00038683
BTCUSDT,1636444800000,0.00039251
BTCUSDT,1636473600000,0.00067839
BTCUSDT,1636502400000,0.00037679
BTCUSDT,1636531200000,0.00068212
BTCUSDT,1636560000000,0.00057535
BTCUSDT,1636588800000,0.00023211
BTCUSDT,1636617600000,0.0001
BTCUSDT,1636646400000,0.00021812
BTCUSDT,1636675200000,0.00018008
BTCUSDT,1636704000000,0.00035543
BTCUSDT,1636732800000,0.00036867
BTCUSDT,1636761600000,0.00015442
BTCUSDT,1636790400000,0.00031732
BTCUSDT,1636819200000,0.00021842
BTCUSDT,1636848000000,0.00013962
BTCUSDT,1636876800000,0.0001
BTCUSDT,1636905600000,0.00013059
BTCUSDT,1636934400000,0.00016126
BTCUSDT,1636963200000,0.00020745
BTCUSDT,1636992000000,0.00040989
BTCUSDT,1637020800000,0.00035998
BTCUSDT,1637049600000,0.0001
BTCUSDT,1637078400000,0.0001
BTCUSDT,1637107200000,0.0001
BTCUSDT,1637136000000,0.00013155
BTCUSDT,1637164800000,0.0001
BTCUSDT,1637193600000,0.0001
BTCUSDT,1637222400000,0.0001
BTCUSDT,1637251200000,0.00011235
BTCUSDT,1637280000000,0.0001
BTCUSDT,1637308800000,0.0001
BTCUSDT,1637337600000,0.0001
BTCUSDT,1637366400000,0.0001
BTCUSDT,1637395200000,0.0001
BTCUSDT,1637424000000,0.0001
BTCUSDT,1637452800000,0.0001
BTCUSDT,1637481600000,0.0001
BTCUSDT,1637510400000,0.0001
BTCUSDT,1637539200000,0.0001
BTCUSDT,1637568000000,0.0001
BTCUSDT,1637596800000,0.0001
BTCUSDT,1637625600000,0.0001
BTCUSDT,1637654400000,0.00012897
BTCUSDT,1637683200000,0.0001
BTCUSDT,1637712000000,0.0001
BTCUSDT,1637740800000,0.0001
BTCUSDT,1637769600000,0.0001201
BTCUSDT,1637798400000,0.00014549
BTCUSDT,1637827200000,0.00016775
BTCUSDT,1637856000000,0.00011888
BTCUSDT,1637884800000,0.00013863
BTCUSDT,1637913600000,0.00033741
BTCUSDT,1637942400000,0.0001
BTCUSDT,1637971200000,0.00010824
BTCUSDT,1638000000000,0.0001
BTCUSDT,1638028800000,0.0001
BTCUSDT,1638057600000,0.0001
BTCUSDT,1638086400000,0.0001
BTCUSDT,1638115200000,0.0001
BTCUSDT,1638144000000,0.0001
BTCUSDT,1638172800000,0.0001
BTCUSDT,1638201600000,0.00020774
BTCUSDT,1638230400000,0.0002781
BTCUSDT,1638259200000,0.0001
BTCUSDT,1638288000000,0.0001
BTCUSDT,1638316800000,0.00012689
BTCUSDT,1638345600000,0.00029146
BTCUSDT,1638374400000,0.0001
BTCUSDT,1638403200000,0.00015951
BTCUSDT,1638432000000,0.0001
BTCUSDT,1638460800000,0.0001
BTCUSDT,1638489600000,0.0001
BTCUSDT,1638518400000,0.00011686
BTCUSDT,1638547200000,0.00027198
BTCUSDT,1638576000000,0.0001
BTCUSDT,1638604800000,6.285e-05
BTCUSDT,1638633600000,2.893e-05
BTCUSDT,1638662400000,8.272e-05
BTCUSDT,1638691200000,9.001e-05
BTCUSDT,1638720000000,0.0001
BTCUSDT,1638748800000,0.0001
BTCUSDT,1638777600000,0.0001
BTCUSDT,1638806400000,0.0001
BTCUSDT,1638835200000,0.0001
BTCUSDT,1638864000000,3.977e-05
BTCUSDT,1638892800000,0.0001
BTCUSDT,1638921600000,0.0001
BTCUSDT,1638950400000,0.0001
BTCUSDT,1638979200000,0.0001
BTCUSDT,1639008000000,0.0001
BTCUSDT,1639036800000,0.0001
BTCUSDT,1639065600000,0.0001
BTCUSDT,1639094400000,0.0001
BTCUSDT,1639123200000,0.0001
BTCUSDT,1639152000000,0.0001
BTCUSDT,1639180800000,0.0001
BTCUSDT,1639209600000,0.0001
BTCUSDT,1639238400000,0.0001
BTCUSDT,1639267200000,0.0001
BTCUSDT,1639296000000,0.0001
BTCUSDT,1639324800000,0.0001
BTCUSDT,1639353600000,0.0001
BTCUSDT,1639382400000,0.0001
BTCUSDT,1639411200000,0.0001
BTCUSDT,1639440000000,-4.93e-06
BTCUSDT,1639468800000,0.0001
BTCUSDT,1639497600000,8.838e-05
BTCUSDT,1639526400000,0.0001
BTCUSDT,1639555200000,0.0001
BTCUSDT,1639584000000,0.0001
BTCUSDT,1639612800000,0.0001
BTCUSDT,1639641600000,0.0001
BTCUSDT,1639670400000,0.0001
BTCUSDT,1639699200000,0.0001
BTCUSDT,1639728000000,0.0001
BTCUSDT,1639756800000,4.678e-05
BTCUSDT,1639785600000,9.119e-05
BTCUSDT,1639814400000,9.221e-05
BTCUSDT,1639843200000,8.402e-05
BTCUSDT,1639872000000,7.08e-05
BTCUSDT,1639900800000,0.0001
BTCUSDT,1639929600000,0.0001
BTCUSDT,1639958400000,0.0001
BTCUSDT,1639987200000,0.0001
BTCUSDT,1640016000000,0.0001
BTCUSDT,1640044800000,9.184e-05
BTCUSDT,1640073600000,0.0001
BTCUSDT,1640102400000,0.0001
BTCUSDT,1640131200000,0.0001
BTCUSDT,1640160000000,0.0001
BTCUSDT,1640188800000,0.0001
BTCUSDT,1640217600000,9.72e-05
BTCUSDT,1640246400000,0.0001
BTCUSDT,1640275200000,4.018e-05
BTCUSDT,1640304000000,0.0001
BTCUSDT,1640332800000,0.0001
BTCUSDT,1640361600000,0.0001
BTCUSDT,1640390400000,0.0001
BTCUSDT,1640419200000,0.0001
BTCUSDT,1640448000000,0.0001
BTCUSDT,1640476800000,0.0001
BTCUSDT,1640505600000,0.0001
BTCUSDT,1640534400000,0.0001
BTCUSDT,1640563200000,0.0001
BTCUSDT,1640592000000,0.0001
BTCUSDT,1640620800000,0.0001
BTCUSDT,1640649600000,0.0001
BTCUSDT,1640678400000,0.0001
BTCUSDT,1640707200000,0.0001
BTCUSDT,1640736000000,0.0001
BTCUSDT,1640764800000,0.0001
BTCUSDT,1640793600000,0.0001
BTCUSDT,1640822400000,0.0001
BTCUSDT,1640851200000,0.0001
BTCUSDT,1640880000000,0.0001
BTCUSDT,1640908800000,-3.102e-05
BTCUSDT,1640937600000,0.0001
BTCUSDT,1640966400000,0.0001
BTCUSDT,1640995200000,0.0001
BTCUSDT,1641024000000,0.0001
BTCUSDT,1641052800000,0.0001
BTCUSDT,1641081600000,0.0001
BTCUSDT,1641110400000,0.0001
BTCUSDT,1641139200000,0.0001
BTCUSDT,1641168000000,0.0001
BTCUSDT,1641196800000,0.0001
BTCUSDT,1641225600000,0.0001
BTCUSDT,1641254400000,0.0001
BTCUSDT,1641283200000,0.0001
BTCUSDT,1641312000000,0.0001
BTCUSDT,1641340800000,0.0001
BTCUSDT,1641369600000,0.0001
BTCUSDT,1641398400000,0.0001
BTCUSDT,1641427200000,0.0001
BTCUSDT,1641456000000,0.0001
BTCUSDT,1641484800000,0.0001
BTCUSDT,1641513600000,0.0001
BTCUSDT,1641542400000,0.0001
BTCUSDT,1641571200000,0.0001
BTCUSDT,1641600000000,0.0001
BTCUSDT,1641628800000,0.0001
BTCUSDT,1641657600000,0.0001
BTCUSDT,1641686400000,0.0001
BTCUSDT,1641715200000,0.0001
BTCUSDT,1641744000000,0.0001
BTCUSDT,1641772800000,0.0001
BTCUSDT,1641801600000,4.522e-05
BTCUSDT,1641830400000,0.0001
BTCUSDT,1641859200000,0.0001
BTCUSDT,1641888000000,7.394e-05
BTCUSDT,1641916800000,0.0001
BTCUSDT,1641945600000,-4.772e-05
BTCUSDT,1641974400000,9.625e-05
BTCUSDT,1642003200000,-5.342e-05
BTCUSDT,1642032000000,-7.506e-05
BTCUSDT,1642060800000,0.0001
BTCUSDT,1642089600000,-6.081e-05
BTCUSDT,1642118400000,5.92e-06
BTCUSDT,1642147200000,-9.17e-05
BTCUSDT,1642176000000,-6.655e-05
BTCUSDT,1642204800000,2.282e-05
BTCUSDT,1642233600000,0.0001
BTCUSDT,1642262400000,2.661e-05
BTCUSDT,1642291200000,9.07e-05
BTCUSDT,1642320000000,-2.33e-05
BTCUSDT,1642348800000,3.62e-05
BTCUSDT,1642377600000,1.751e-05
BTCUSDT,1642406400000,6.647e-05
BTCUSDT,1642435200000,0.0001
BTCUSDT,1642464000000,0.0001
BTCUSDT,1642492800000,9.998e-05
BTCUSDT,1642521600000,0.0001
BTCUSDT,1642550400000,4.973e-05
BTCUSDT,1642579200000,0.0001
BTCUSDT,1642608000000,0.0001
BTCUSDT,1642636800000,0.0001
BTCUSDT,1642665600000,0.0001
BTCUSDT,1642694400000,0.0001
BTCUSDT,1642723200000,0.0001
BTCUSDT,1642752000000,4.523e-05
BTCUSDT,1642780800000,8.226e-05
BTCUSDT,1642809600000,-1.051e-05
BTCUSDT,1642838400000,4.122e-05
BTCUSDT,1642867200000,0.0001
BTCUSDT,1642896000000,0.0001
BTCUSDT,1642924800000,-1.256e-05
BTCUSDT,1642953600000,-1.573e-05
BTCUSDT,1642982400000,3.48e-05
BTCUSDT,1643011200000,5.605e-05
BTCUSDT,1643040000000,5.009e-05
BTCUSDT,1643068800000,0.0001
BTCUSDT,1643097600000,8.126e-05
BTCUSDT,1643126400000,-0.00010008
BTCUSDT,1643155200000,6.76e-06
BTCUSDT,1643184000000,-1.905e-05
BTCUSDT,1643212800000,-4.13e-05
BTCUSDT,1643241600000,-4.869e-05
BTCUSDT,1643270400000,-0.00010186
BTCUSDT,1643299200000,-7.554e-05
BTCUSDT,1643328000000,-4.93e-06
BTCUSDT,1643356800000,7.165e-05
BTCUSDT,1643385600000,2.88e-05
BTCUSDT,1643414400000,-1.093e-05
BTCUSDT,1643443200000,5.239e-05
BTCUSDT,1643472000000,-3.029e-05
BTCUSDT,1643500800000,6.05e-05
BTCUSDT,1643529600000,9.126e-05
BTCUSDT,1643558400000,0.0001
BTCUSDT,1643587200000,8.927e-05
BTCUSDT,1643616000000,-7.369e-05
BTCUSDT,1643644800000,-5.648e-05
BTCUSDT,1643673600000,-4e-05
BTCUSDT,1643702400000,6.113e-05
BTCUSDT,1643731200000,-6.256e-05
BTCUSDT,1643760000000,-2.905e-05
BTCUSDT,1643788800000,0.0001
BTCUSDT,1643817600000,2.553e-05
BTCUSDT,1643846400000,-7.716e-05
BTCUSDT,1643875200000,1.168e-05
BTCUSDT,1643904000000,-1.533e-05
BTCUSDT,1643932800000,1.462e-05
BTCUSDT,1643961600000,-8.571e-05
BTCUSDT,1643990400000,0.0001
BTCUSDT,1644019200000,7.457e-05
BTCUSDT,1644048000000,0.0001
BTCUSDT,1644076800000,0.0001
BTCUSDT,1644105600000,0.0001
BTCUSDT,1644134400000,0.0001
BTCUSDT,1644163200000,0.0001
BTCUSDT,1644192000000,1.477e-05
BTCUSDT,1644220800000,5.264e-05
BTCUSDT,1644249600000,-9.617e-05
BTCUSDT,1644278400000,0.0001
BTCUSDT,1644307200000,0.0001
BTCUSDT,1644336000000,0.0001
BTCUSDT,1644364800000,8.216e-05
BTCUSDT,1644393600000,5.826e-05
BTCUSDT,1644422400000,5.12e-05
BTCUSDT,1644451200000,0.0001
BTCUSDT,1644480000000,-1.799e-05
BTCUSDT,1644508800000,0.0001
BTCUSDT,1644537600000,3.895e-05
BTCUSDT,1644566400000,-5.238e-05
BTCUSDT,1644595200000,-7.643e-05
BTCUSDT,1644624000000,0.0001
BTCUSDT,1644652800000,0.0001
BTCUSDT,1644681600000,0.0001
BTCUSDT,1644710400000,8.047e-05
BTCUSDT,1644739200000,7.937e-05
BTCUSDT,1644768000000,6.814e-05
BTCUSDT,1644796800000,9.717e-05
BTCUSDT,1644825600000,2.867e-05
BTCUSDT,1644854400000,6.445e-05
BTCUSDT,1644883200000,0.0001
BTCUSDT,1644912000000,-7.76e-05
BTCUSDT,1644940800000,5.462e-05
BTCUSDT,1644969600000,0.0001
BTCUSDT,1644998400000,0.0001
BTCUSDT,1645027200000,0.0001
BTCUSDT,1645056000000,0.0001
BTCUSDT,1645084800000,0.0001
BTCUSDT,1645113600000,0.0001
BTCUSDT,1645142400000,-4.38e-06
BTCUSDT,1645171200000,-2.923e-05
BTCUSDT,1645200000000,-9.36e-06
BTCUSDT,1645228800000,0.0001
BTCUSDT,1645257600000,9.61e-06
BTCUSDT,1645286400000,7.71e-05
BTCUSDT,1645315200000,3.023e-05
BTCUSDT,1645344000000,6.581e-05
BTCUSDT,1645372800000,-7.517e-05
BTCUSDT,1645401600000,6.5e-05
BTCUSDT,1645430400000,-4.498e-05
BTCUSDT,1645459200000,-3.473e-05
BTCUSDT,1645488000000,-5.357e-05
BTCUSDT,1645516800000,2.477e-05
BTCUSDT,1645545600000,-3.085e-05
BTCUSDT,1645574400000,-2.623e-05
BTCUSDT,1645603200000,-0.00012603
BTCUSDT,1645632000000,-3.332e-05
BTCUSDT,1645660800000,6.475e-05
BTCUSDT,1645689600000,-0.00016045
BTCUSDT,1645718400000,-9.21e-05
BTCUSDT,1645747200000,0.0001
BTCUSDT,1645776000000,6.22e-05
BTCUSDT,1645804800000,9.98e-06
BTCUSDT,1645833600000,9.332e-05
BTCUSDT,1645862400000,0.0001
BTCUSDT,1645891200000,7.614e-05
BTCUSDT,1645920000000,5.574e-05
BTCUSDT,1645948800000,1.803e-05
BTCUSDT,1645977600000,-6.28e-06
BTCUSDT,1646006400000,-0.00021167
BTCUSDT,1646035200000,-8.986e-05
BTCUSDT,1646064000000,-5.386e-05
BTCUSDT,1646092800000,0.0001
BTCUSDT,1646121600000,0.0001
BTCUSDT,1646150400000,4.369e-05
BTCUSDT,1646179200000,-5.07e-06
BTCUSDT,1646208000000,0.0001
BTCUSDT,1646236800000,0.0001
BTCUSDT,1646265600000,0.0001
BTCUSDT,1646294400000,0.0001
BTCUSDT,1646323200000,0.0001
BTCUSDT,1646352000000,0.0001
BTCUSDT,1646380800000,0.0001
BTCUSDT,1646409600000,0.0001
BTCUSDT,1646438400000,0.0001
BTCUSDT,1646467200000,0.0001
BTCUSDT,1646496000000,1.656e-05
BTCUSDT,1646524800000,4.115e-05
BTCUSDT,1646553600000,-9.6e-06
BTCUSDT,1646582400000,1.957e-05
BTCUSDT,1646611200000,3.18e-06
BTCUSDT,1646640000000,-8.983e-05
BTCUSDT,1646668800000,-3.177e-05
BTCUSDT,1646697600000,3.378e-05
BTCUSDT,1646726400000,0.0001
BTCUSDT,1646755200000,0.0001
BTCUSDT,1646784000000,6.776e-05
BTCUSDT,1646812800000,0.0001
BTCUSDT,1646841600000,0.0001
BTCUSDT,1646870400000,0.0001
BTCUSDT,1646899200000,8.28e-05
BTCUSDT,1646928000000,-8.919e-05
BTCUSDT,1646956800000,-9.808e-05
BTCUSDT,1646985600000,-7.765e-05
BTCUSDT,1647014400000,4.301e-05
BTCUSDT,1647043200000,-3.07e-06
BTCUSDT,1647072000000,3.168e-05
BTCUSDT,1647100800000,-3.565e-05
BTCUSDT,1647129600000,-5.855e-05
BTCUSDT,1647158400000,6.13e-06
BTCUSDT,1647187200000,-5.741e-05
BTCUSDT,1647216000000,-8.009e-05
BTCUSDT,1647244800000,-6.699e-05
BTCUSDT,1647273600000,2.708e-05
BTCUSDT,1647302400000,5.726e-05
BTCUSDT,1647331200000,4.476e-05
BTCUSDT,1647360000000,9.061e-05
BTCUSDT,1647388800000,0.0001
BTCUSDT,1647417600000,5.871e-05
BTCUSDT,1647446400000,0.0001
BTCUSDT,1647475200000,0.0001
BTCUSDT,1647504000000,0.0001
BTCUSDT,1647532800000,0.0001
BTCUSDT,1647561600000,0.0001
BTCUSDT,1647590400000,1.662e-05
BTCUSDT,1647619200000,0.0001
BTCUSDT,1647648000000,0.0001
BTCUSDT,1647676800000,0.0001
BTCUSDT,1647705600000,0.0001
BTCUSDT,1647734400000,0.0001
BTCUSDT,1647763200000,0.0001
BTCUSDT,1647792000000,0.0001
BTCUSDT,1647820800000,0.0001
BTCUSDT,1647849600000,-9.54e-06
BTCUSDT,1647878400000,-9.3e-07
BTCUSDT,1647907200000,0.0001
BTCUSDT,1647936000000,0.0001
BTCUSDT,1647964800000,0.0001
BTCUSDT,1647993600000,0.0001
BTCUSDT,1648022400000,0.0001
BTCUSDT,1648051200000,7.014e-05
BTCUSDT,1648080000000,1.664e-05
BTCUSDT,1648108800000,8e-06
BTCUSDT,1648137600000,-9.07e-06
BTCUSDT,1648166400000,6.7e-06
BTCUSDT,1648195200000,9.286e-05
BTCUSDT,1648224000000,5.473e-05
BTCUSDT,1648252800000,9.739e-05
BTCUSDT,1648281600000,-7.111e-05
BTCUSDT,1648310400000,0.0001
BTCUSDT,1648339200000,-8.253e-05
BTCUSDT,1648368000000,1.306e-05
BTCUSDT,1648396800000,0.0001
BTCUSDT,1648425600000,0.0001
BTCUSDT,1648454400000,0.0001
BTCUSDT,1648483200000,0.0001
BTCUSDT,1648512000000,0.0001
BTCUSDT,1648540800000,0.0001
BTCUSDT,1648569600000,9.594e-05
BTCUSDT,1648598400000,0.0001
BTCUSDT,1648627200000,0.0001
BTCUSDT,1648656000000,0.0001
BTCUSDT,1648684800000,0.0001
BTCUSDT,1648713600000,0.0001
BTCUSDT,1648742400000,0.0001
BTCUSDT,1648771200000,0.0001
BTCUSDT,1648800000000,7.626e-05
BTCUSDT,1648828800000,9.193e-05
BTCUSDT,1648857600000,0.0001
BTCUSDT,1648886400000,0.0001
BTCUSDT,1648915200000,0.0001
BTCUSDT,1648944000000,0.0001
BTCUSDT,1648972800000,0.0001
BTCUSDT,1649001600000,0.0001
BTCUSDT,1649030400000,0.0001
BTCUSDT,1649059200000,0.0001
BTCUSDT,1649088000000,0.0001
BTCUSDT,1649116800000,0.0001
BTCUSDT,1649145600000,0.0001
BTCUSDT,1649174400000,0.0001
BTCUSDT,1649203200000,9.898e-05
BTCUSDT,1649232000000,0.0001
BTCUSDT,1649260800000,0.0001
BTCUSDT,1649289600000,0.0001
BTCUSDT,1649318400000,0.0001
BTCUSDT,1649347200000,2.421e-05
BTCUSDT,1649376000000,4.306e-05
BTCUSDT,1649404800000,0.0001
BTCUSDT,1649433600000,0.0001
BTCUSDT,1649462400000,0.0001
BTCUSDT,1649491200000,9.279e-05
BTCUSDT,1649520000000,0.0001
BTCUSDT,1649548800000,2.721e-05
BTCUSDT,1649577600000,6.231e-05
BTCUSDT,1649606400000,0.0001
BTCUSDT,1649635200000,2.43e-06
BTCUSDT,1649664000000,0.0001
BTCUSDT,1649692800000,0.0001
BTCUSDT,1649721600000,-6.795e-05
BTCUSDT,1649750400000,-0.00010012
BTCUSDT,1649779200000,-7.001e-05
BTCUSDT,1649808000000,-1.692e-05
BTCUSDT,1649836800000,7.53e-06
BTCUSDT,1649865600000,-1.485e-05
BTCUSDT,1649894400000,5.018e-05
BTCUSDT,1649923200000,3.533e-05
BTCUSDT,1649952000000,4.423e-05
BTCUSDT,1649980800000,-0.00013233
BTCUSDT,1650009600000,-6.805e-05
BTCUSDT,1650038400000,7.697e-05
BTCUSDT,1650067200000,2.197e-05
BTCUSDT,1650096000000,5.199e-05
BTCUSDT,1650124800000,6.201e-05
BTCUSDT,1650153600000,7.2e-06
BTCUSDT,1650182400000,9.838e-05
BTCUSDT,1650211200000,0.0001
BTCUSDT,1650240000000,-3.231e-05
BTCUSDT,1650268800000,-0.00017197
BTCUSDT,1650297600000,-5.436e-05
BTCUSDT,1650326400000,0.0001
BTCUSDT,1650355200000,6.251e-05
BTCUSDT,1650384000000,-5.028e-05
BTCUSDT,1650412800000,9.45e-05
BTCUSDT,1650441600000,9.543e-05
BTCUSDT,1650470400000,3.714e-05
BTCUSDT,1650499200000,1.77e-06
BTCUSDT,1650528000000,-5.245e-05
BTCUSDT,1650556800000,5.359e-05
BTCUSDT,1650585600000,3.026e-05
BTCUSDT,1650614400000,-0.00016984
BTCUSDT,1650643200000,-4.15e-06
BTCUSDT,1650672000000,-9.023e-05
BTCUSDT,1650700800000,-7.562e-05
BTCUSDT,1650729600000,-0.00011883
BTCUSDT,1650758400000,-0.00018273
BTCUSDT,1650787200000,-0.00015276
BTCUSDT,1650816000000,-3.654e-05
BTCUSDT,1650844800000,-8.908e-05
BTCUSDT,1650873600000,-7.844e-05
BTCUSDT,1650902400000,7.223e-05
BTCUSDT,1650931200000,0.0001
BTCUSDT,1650960000000,0.0001
BTCUSDT,1650988800000,0.0001
BTCUSDT,1651017600000,-0.0001264
BTCUSDT,1651046400000,-0.00011034
BTCUSDT,1651075200000,1.968e-05
BTCUSDT,1651104000000,-5.716e-05
BTCUSDT,1651132800000,-5.544e-05
BTCUSDT,1651161600000,0.0001
BTCUSDT,1651190400000,0.0001
BTCUSDT,1651219200000,0.0001
BTCUSDT,1651248000000,2.628e-05
BTCUSDT,1651276800000,-9.371e-05
BTCUSDT,1651305600000,4.536e-05
BTCUSDT,1651334400000,5.926e-05
BTCUSDT,1651363200000,2.403e-05
BTCUSDT,1651392000000,9.5e-07
BTCUSDT,1651420800000,0.0001
BTCUSDT,1651449600000,0.0001
BTCUSDT,1651478400000,9e-05
BTCUSDT,1651507200000,0.0001
BTCUSDT,1651536000000,0.0001
BTCUSDT,1651564800000,0.0001
BTCUSDT,1651593600000,0.0001
BTCUSDT,1651622400000,0.0001
BTCUSDT,1651651200000,2.504e-05
BTCUSDT,1651680000000,0.0001
BTCUSDT,1651708800000,0.0001
BTCUSDT,1651737600000,0.0001
BTCUSDT,1651766400000,0.0001
BTCUSDT,1651795200000,-0.0001346
BTCUSDT,1651824000000,-5.734e-05
BTCUSDT,1651852800000,4.197e-05
BTCUSDT,1651881600000,-5.273e-05
BTCUSDT,1651910400000,5.998e-05
BTCUSDT,1651939200000,7.13e-06
BTCUSDT,1651968000000,-2.659e-05
BTCUSDT,1651996800000,0.0001
BTCUSDT,1652025600000,0.0001
BTCUSDT,1652054400000,0.0001
BTCUSDT,1652083200000,0.0001
BTCUSDT,1652112000000,0.0001
BTCUSDT,1652140800000,0.0001
BTCUSDT,1652169600000,0.0001
BTCUSDT,1652198400000,0.0001
BTCUSDT,1652227200000,7.58e-05
BTCUSDT,1652256000000,6.939e-05
BTCUSDT,1652284800000,-3.512e-05
BTCUSDT,1652313600000,-0.00018773
BTCUSDT,1652342400000,-0.00041995
BTCUSDT,1652371200000,-0.00014678
BTCUSDT,1652400000000,-7.127e-05
BTCUSDT,1652428800000,-6.05e-06
BTCUSDT,1652457600000,6.045e-05
BTCUSDT,1652486400000,0.0001
BTCUSDT,1652515200000,0.0001
BTCUSDT,1652544000000,0.0001
BTCUSDT,1652572800000,8.29e-05
BTCUSDT,1652601600000,0.0001
BTCUSDT,1652630400000,9.053e-05
BTCUSDT,1652659200000,0.0001
BTCUSDT,1652688000000,8.883e-05
BTCUSDT,1652716800000,4.94e-05
BTCUSDT,1652745600000,0.0001
BTCUSDT,1652774400000,-7.1e-06
BTCUSDT,1652803200000,4.705e-05
BTCUSDT,1652832000000,-6.956e-05
BTCUSDT,1652860800000,-5.753e-05
BTCUSDT,1652889600000,2.893e-05
BTCUSDT,1652918400000,-3.41e-06
BTCUSDT,1652947200000,5.624e-05
BTCUSDT,1652976000000,7.465e-05
BTCUSDT,1653004800000,0.0001
BTCUSDT,1653033600000,0.0001
BTCUSDT,1653062400000,0.0001
BTCUSDT,1653091200000,-2.02e-06
BTCUSDT,1653120000000,-2.146e-05
BTCUSDT,1653148800000,2.549e-05
BTCUSDT,1653177600000,2.41e-05
BTCUSDT,1653206400000,-3.063e-05
BTCUSDT,1653235200000,0.0001
BTCUSDT,1653264000000,0.0001
BTCUSDT,1653292800000,0.0001
BTCUSDT,1653321600000,0.0001
BTCUSDT,1653350400000,-0.00012372
BTCUSDT,1653379200000,-6.76e-06
BTCUSDT,1653408000000,2.892e-05
BTCUSDT,1653436800000,3.679e-05
BTCUSDT,1653465600000,0.0001
BTCUSDT,1653494400000,0.0001
BTCUSDT,1653523200000,7.516e-05
BTCUSDT,1653552000000,0.0001
BTCUSDT,1653580800000,7.21e-06
BTCUSDT,1653609600000,0.0001
BTCUSDT,1653638400000,0.0001
BTCUSDT,1653667200000,0.0001
BTCUSDT,1653696000000,0.0001
BTCUSDT,1653724800000,8.712e-05
BTCUSDT,1653753600000,0.0001
BTCUSDT,1653782400000,0.0001
BTCUSDT,1653811200000,0.0001
BTCUSDT,1653840000000,0.0001
BTCUSDT,1653868800000,0.0001
BTCUSDT,1653897600000,0.0001
BTCUSDT,1653926400000,0.0001
BTCUSDT,1653955200000,0.0001
BTCUSDT,1653984000000,0.0001
BTCUSDT,1654012800000,0.0001
BTCUSDT,1654041600000,0.0001
BTCUSDT,1654070400000,0.0001
BTCUSDT,1654099200000,0.0001
BTCUSDT,1654128000000,-1.452e-05
BTCUSDT,1654156800000,2.265e-05
BTCUSDT,1654185600000,2.107e-05
BTCUSDT,1654214400000,-3.378e-05
BTCUSDT,1654243200000,-1.456e-05
BTCUSDT,1654272000000,6.937e-05
BTCUSDT,1654300800000,2.7e-06
BTCUSDT,1654329600000,4.795e-05
BTCUSDT,1654358400000,5.506e-05
BTCUSDT,1654387200000,4.358e-05
BTCUSDT,1654416000000,2.828e-05
BTCUSDT,1654444800000,4.753e-05
BTCUSDT,1654473600000,6.036e-05
BTCUSDT,1654502400000,9.656e-05
BTCUSDT,1654531200000,0.0001
BTCUSDT,1654560000000,0.0001
BTCUSDT,1654588800000,-0.00010234
BTCUSDT,1654617600000,-3.705e-05
BTCUSDT,1654646400000,0.0001
BTCUSDT,1654675200000,0.0001
BTCUSDT,1654704000000,0.0001
BTCUSDT,1654732800000,0.0001
BTCUSDT,1654761600000,9.106e-05
BTCUSDT,1654790400000,0.0001
BTCUSDT,1654819200000,0.0001
BTCUSDT,1654848000000,9.289e-05
BTCUSDT,1654876800000,3.503e-05
BTCUSDT,1654905600000,1.762e-05
BTCUSDT,1654934400000,3.79e-06
BTCUSDT,1654963200000,6.606e-05
BTCUSDT,1654992000000,0.0001
BTCUSDT,1655020800000,5.63e-06
BTCUSDT,1655049600000,4.39e-06
BTCUSDT,1655078400000,5.616e-05
BTCUSDT,1655107200000,-3.182e-05
BTCUSDT,1655136000000,-5.8e-06
BTCUSDT,1655164800000,4.088e-05
BTCUSDT,1655193600000,-0.00010037
BTCUSDT,1655222400000,-5.186e-05
BTCUSDT,1655251200000,-2.077e-05
BTCUSDT,1655280000000,-7.24e-05
BTCUSDT,1655308800000,-6.66e-06
BTCUSDT,1655337600000,-4.114e-05
BTCUSDT,1655366400000,4.475e-05
BTCUSDT,1655395200000,-5.277e-05
BTCUSDT,1655424000000,-2.222e-05
BTCUSDT,1655452800000,-9.486e-05
BTCUSDT,1655481600000,5.092e-05
BTCUSDT,1655510400000,7.356e-05
BTCUSDT,1655539200000,4.575e-05
BTCUSDT,1655568000000,5.227e-05
BTCUSDT,1655596800000,4.243e-05
BTCUSDT,1655625600000,-4.559e-05
BTCUSDT,1655654400000,7.239e-05
BTCUSDT,1655683200000,8.73e-06
BTCUSDT,1655712000000,-5.4e-06
BTCUSDT,1655740800000,6.08e-05
BTCUSDT,1655769600000,0.0001
BTCUSDT,1655798400000,4.967e-05
BTCUSDT,1655827200000,2.028e-05
BTCUSDT,1655856000000,1.78e-06
BTCUSDT,1655884800000,-2.982e-05
BTCUSDT,1655913600000,-1.64e-05
BTCUSDT,1655942400000,-8.72e-06
BTCUSDT,1655971200000,-1.577e-05
BTCUSDT,1656000000000,-2.656e-05
BTCUSDT,1656028800000,6.006e-05
BTCUSDT,1656057600000,0.0001
BTCUSDT,1656086400000,0.0001
BTCUSDT,1656115200000,2.621e-05
BTCUSDT,1656144000000,0.0001
BTCUSDT,1656172800000,0.0001
BTCUSDT,1656201600000,0.0001
BTCUSDT,1656230400000,0.0001
BTCUSDT,1656259200000,6.69e-06
BTCUSDT,1656288000000,7.82e-05
BTCUSDT,1656316800000,3.533e-05
BTCUSDT,1656345600000,6.102e-05
BTCUSDT,1656374400000,-2.586e-05
BTCUSDT,1656403200000,-5.613e-05
BTCUSDT,1656432000000,2.435e-05
BTCUSDT,1656460800000,4.188e-05
BTCUSDT,1656489600000,8.335e-05
BTCUSDT,1656518400000,5.319e-05
BTCUSDT,1656547200000,3.24e-06
BTCUSDT,1656576000000,-5.159e-05
BTCUSDT,1656604800000,-0.00015879
BTCUSDT,1656633600000,-8.786e-05
BTCUSDT,1656662400000,3.106e-05
BTCUSDT,1656691200000,-8.061e-05
BTCUSDT,1656720000000,-2.913e-05
BTCUSDT,1656748800000,5.218e-05
BTCUSDT,1656777600000,2.12e-05
BTCUSDT,1656806400000,3.57e-05
BTCUSDT,1656835200000,4.779e-05
BTCUSDT,1656864000000,7.251e-05
BTCUSDT,1656892800000,7.792e-05
BTCUSDT,1656921600000,4.63e-05
BTCUSDT,1656950400000,2.248e-05
BTCUSDT,1656979200000,5.291e-05
BTCUSDT,1657008000000,0.0001
BTCUSDT,1657036800000,1.2e-06
BTCUSDT,1657065600000,0.0001
BTCUSDT,1657094400000,0.0001
BTCUSDT,1657123200000,8.373e-05
BTCUSDT,1657152000000,5.274e-05
BTCUSDT,1657180800000,0.0001
BTCUSDT,1657209600000,0.0001
BTCUSDT,1657238400000,2.12e-06
BTCUSDT,1657267200000,0.0001
BTCUSDT,1657296000000,0.0001
BTCUSDT,1657324800000,0.0001
BTCUSDT,1657353600000,0.0001
BTCUSDT,1657382400000,6.143e-05
BTCUSDT,1657411200000,9.962e-05
BTCUSDT,1657440000000,0.0001
BTCUSDT,1657468800000,0.0001
BTCUSDT,1657497600000,4.543e-05
BTCUSDT,1657526400000,7.236e-05
BTCUSDT,1657555200000,8.5e-05
BTCUSDT,1657584000000,8.003e-05
BTCUSDT,1657612800000,6.433e-05
BTCUSDT,1657641600000,2.667e-05
BTCUSDT,1657670400000,-1.204e-05
BTCUSDT,1657699200000,6.17e-06
BTCUSDT,1657728000000,-1.218e-05
BTCUSDT,1657756800000,5.7e-07
BTCUSDT,1657785600000,0.0001
BTCUSDT,1657814400000,3.451e-05
BTCUSDT,1657843200000,9.257e-05
BTCUSDT,1657872000000,1.401e-05
BTCUSDT,1657900800000,1.601e-05
BTCUSDT,1657929600000,6.055e-05
BTCUSDT,1657958400000,7.996e-05
BTCUSDT,1657987200000,8e-06
BTCUSDT,1658016000000,8.038e-05
BTCUSDT,1658044800000,0.0001
BTCUSDT,1658073600000,8.709e-05
BTCUSDT,1658102400000,0.0001
BTCUSDT,1658131200000,0.0001
BTCUSDT,1658160000000,0.0001
BTCUSDT,1658188800000,0.0001
BTCUSDT,1658217600000,0.0001
BTCUSDT,1658246400000,0.0001
BTCUSDT,1658275200000,0.0001
BTCUSDT,1658304000000,0.0001
BTCUSDT,1658332800000,8.118e-05
BTCUSDT,1658361600000,0.0001
BTCUSDT,1658390400000,0.0001
BTCUSDT,1658419200000,0.0001
BTCUSDT,1658448000000,0.0001
BTCUSDT,1658476800000,0.0001
BTCUSDT,1658505600000,5.172e-05
BTCUSDT,1658534400000,9.043e-05
BTCUSDT,1658563200000,1.021e-05
BTCUSDT,1658592000000,0.0001
BTCUSDT,1658620800000,3.77e-05
BTCUSDT,1658649600000,0.0001
BTCUSDT,1658678400000,8.293e-05
BTCUSDT,1658707200000,0.0001
BTCUSDT,1658736000000,1.238e-05
BTCUSDT,1658764800000,2.319e-05
BTCUSDT,1658793600000,0.0001
BTCUSDT,1658822400000,3.654e-05
BTCUSDT,1658851200000,8.659e-05
BTCUSDT,1658880000000,4.591e-05
BTCUSDT,1658908800000,5.085e-05
BTCUSDT,1658937600000,2.951e-05
BTCUSDT,1658966400000,9.229e-05
BTCUSDT,1658995200000,0.0001
BTCUSDT,1659024000000,0.0001
BTCUSDT,1659052800000,0.0001
BTCUSDT,1659081600000,0.0001
BTCUSDT,1659110400000,0.0001
BTCUSDT,1659139200000,0.0001
BTCUSDT,1659168000000,0.0001
BTCUSDT,1659196800000,0.0001
BTCUSDT,1659225600000,0.0001
BTCUSDT,1659254400000,0.0001
BTCUSDT,1659283200000,6.281e-05
BTCUSDT,1659312000000,0.0001
BTCUSDT,1659340800000,0.0001
BTCUSDT,1659369600000,6.449e-05
BTCUSDT,1659398400000,0.0001
BTCUSDT,1659427200000,9.733e-05
BTCUSDT,1659456000000,5.885e-05
BTCUSDT,1659484800000,3.28e-06
BTCUSDT,1659513600000,-3.96e-05
BTCUSDT,1659542400000,4.382e-05
BTCUSDT,1659571200000,-1.91e-06
BTCUSDT,1659600000000,1.778e-05
BTCUSDT,1659628800000,1.436e-05
BTCUSDT,1659657600000,1.692e-05
BTCUSDT,1659686400000,6.774e-05
BTCUSDT,1659715200000,2.115e-05
BTCUSDT,1659744000000,6.888e-05
BTCUSDT,1659772800000,8.589e-05
BTCUSDT,1659801600000,0.0001
BTCUSDT,1659830400000,0.0001
BTCUSDT,1659859200000,-7.37e-06
BTCUSDT,1659888000000,2.401e-05
BTCUSDT,1659916800000,0.0001
BTCUSDT,1659945600000,2.79e-05
BTCUSDT,1659974400000,0.0001
BTCUSDT,1660003200000,0.0001
BTCUSDT,1660032000000,7.92e-05
BTCUSDT,1660060800000,0.0001
BTCUSDT,1660089600000,-1.314e-05
BTCUSDT,1660118400000,5.81e-06
BTCUSDT,1660147200000,9.44e-05
BTCUSDT,1660176000000,7.206e-05
BTCUSDT,1660204800000,0.0001
BTCUSDT,1660233600000,4.911e-05
BTCUSDT,1660262400000,9.024e-05
BTCUSDT,1660291200000,1.412e-05
BTCUSDT,1660320000000,-3.384e-05
BTCUSDT,1660348800000,-3.559e-05
BTCUSDT,1660377600000,8.455e-05
BTCUSDT,1660406400000,2.154e-05
BTCUSDT,1660435200000,2.396e-05
BTCUSDT,1660464000000,-3.33e-06
BTCUSDT,1660492800000,1.239e-05
BTCUSDT,1660521600000,-3.766e-05
BTCUSDT,1660550400000,1.077e-05
BTCUSDT,1660579200000,-1.339e-05
BTCUSDT,1660608000000,3.243e-05
BTCUSDT,1660636800000,1.56e-06
BTCUSDT,1660665600000,2.87e-05
BTCUSDT,1660694400000,4.66e-06
BTCUSDT,1660723200000,2.62e-06
BTCUSDT,1660752000000,9.364e-05
BTCUSDT,1660780800000,8.391e-05
BTCUSDT,1660809600000,0.0001
BTCUSDT,1660838400000,7.171e-05
BTCUSDT,1660867200000,0.0001
BTCUSDT,1660896000000,2.108e-05
BTCUSDT,1660924800000,-6.746e-05
BTCUSDT,1660953600000,1.07e-05
BTCUSDT,1660982400000,-6.722e-05
BTCUSDT,1661011200000,-4.567e-05
BTCUSDT,1661040000000,-1.957e-05
BTCUSDT,1661068800000,-3.589e-05
BTCUSDT,1661097600000,-3.234e-05
BTCUSDT,1661126400000,-8.092e-05
BTCUSDT,1661155200000,-3.215e-05
BTCUSDT,1661184000000,4.021e-05
BTCUSDT,1661212800000,-3.345e-05
BTCUSDT,1661241600000,-4.031e-05
BTCUSDT,1661270400000,8.46e-06
BTCUSDT,1661299200000,2.509e-05
BTCUSDT,1661328000000,-4.353e-05
BTCUSDT,1661356800000,-3.538e-05
BTCUSDT,1661385600000,1.28e-06
BTCUSDT,1661414400000,1.547e-05
BTCUSDT,1661443200000,4.481e-05
BTCUSDT,1661472000000,-1.707e-05
BTCUSDT,1661500800000,3.207e-05
BTCUSDT,1661529600000,2.599e-05
BTCUSDT,1661558400000,-2.808e-05
BTCUSDT,1661587200000,-6.29e-05
BTCUSDT,1661616000000,-4.396e-05
BTCUSDT,1661644800000,-1.396e-05
BTCUSDT,1661673600000,-8.758e-05
BTCUSDT,1661702400000,-2.443e-05
BTCUSDT,1661731200000,-0.00013623
BTCUSDT,1661760000000,-0.00010056
BTCUSDT,1661788800000,-6.193e-05
BTCUSDT,1661817600000,1.123e-05
BTCUSDT,1661846400000,-3.356e-05
BTCUSDT,1661875200000,-5.903e-05
BTCUSDT,1661904000000,-2.089e-05
BTCUSDT,1661932800000,5.779e-05
BTCUSDT,1661961600000,4.95e-05
BTCUSDT,1661990400000,9.39e-05
BTCUSDT,1662019200000,2.266e-05
BTCUSDT,1662048000000,3.63e-05
BTCUSDT,1662076800000,2.498e-05
BTCUSDT,1662105600000,4.905e-05
BTCUSDT,1662134400000,4.443e-05
BTCUSDT,1662163200000,-1.99e-06
BTCUSDT,1662192000000,9.442e-05
BTCUSDT,1662220800000,1.115e-05
BTCUSDT,1662249600000,5.88e-06
BTCUSDT,1662278400000,5.463e-05
BTCUSDT,1662307200000,2.119e-05
BTCUSDT,1662336000000,8.292e-05
BTCUSDT,1662364800000,-7.37e-06
BTCUSDT,1662393600000,4.712e-05
BTCUSDT,1662422400000,-2.45e-06
BTCUSDT,1662451200000,3.43e-06
BTCUSDT,1662480000000,3.473e-05
BTCUSDT,1662508800000,-8.601e-05
BTCUSDT,1662537600000,2.729e-05
BTCUSDT,1662566400000,-3.48e-05
BTCUSDT,1662595200000,6.2e-06
BTCUSDT,1662624000000,3.327e-05
BTCUSDT,1662652800000,5.667e-05
BTCUSDT,1662681600000,1.312e-05
BTCUSDT,1662710400000,0.0001
BTCUSDT,1662739200000,0.0001
BTCUSDT,1662768000000,0.0001
BTCUSDT,1662796800000,9.764e-05
BTCUSDT,1662825600000,0.0001
BTCUSDT,1662854400000,7.115e-05
BTCUSDT,1662883200000,0.0001
BTCUSDT,1662912000000,6.712e-05
BTCUSDT,1662940800000,0.0001
BTCUSDT,1662969600000,8.246e-05
BTCUSDT,1662998400000,0.0001
BTCUSDT,1663027200000,9.965e-05
BTCUSDT,1663056000000,0.0001
BTCUSDT,1663084800000,0.0001
BTCUSDT,1663113600000,-3.953e-05
BTCUSDT,1663142400000,7.27e-06
BTCUSDT,1663171200000,1.004e-05
BTCUSDT,1663200000000,3.24e-06
BTCUSDT,1663228800000,0.0001
BTCUSDT,1663257600000,8.13e-06
BTCUSDT,1663286400000,8.055e-05
BTCUSDT,1663315200000,4.349e-05
BTCUSDT,1663344000000,2.919e-05
BTCUSDT,1663372800000,3.024e-05
BTCUSDT,1663401600000,4.336e-05
BTCUSDT,1663430400000,1.467e-05
BTCUSDT,1663459200000,6.428e-05
BTCUSDT,1663488000000,7.82e-05
BTCUSDT,1663516800000,3.564e-05
BTCUSDT,1663545600000,3.581e-05
BTCUSDT,1663574400000,-9.289e-05
BTCUSDT,1663603200000,6e-06
BTCUSDT,1663632000000,7.813e-05
BTCUSDT,1663660800000,5.855e-05
BTCUSDT,1663689600000,1.721e-05
BTCUSDT,1663718400000,5.185e-05
BTCUSDT,1663747200000,1.478e-05
BTCUSDT,1663776000000,2.732e-05
BTCUSDT,1663804800000,-0.00011779
BTCUSDT,1663833600000,-6.911e-05
BTCUSDT,1663862400000,7.743e-05
BTCUSDT,1663891200000,7.261e-05
BTCUSDT,1663920000000,2.959e-05
BTCUSDT,1663948800000,-5.008e-05
BTCUSDT,1663977600000,2.947e-05
BTCUSDT,1664006400000,1.676e-05
BTCUSDT,1664035200000,5.345e-05
BTCUSDT,1664064000000,9.99e-06
BTCUSDT,1664092800000,3.653e-05
BTCUSDT,1664121600000,2.593e-05
BTCUSDT,1664150400000,-6.6e-06
BTCUSDT,1664179200000,3.696e-05
BTCUSDT,1664208000000,4.497e-05
BTCUSDT,1664236800000,2.244e-05
BTCUSDT,1664265600000,0.0001
BTCUSDT,1664294400000,8.538e-05
BTCUSDT,1664323200000,1.141e-05
BTCUSDT,1664352000000,-1.071e-05
BTCUSDT,1664380800000,5.332e-05
BTCUSDT,1664409600000,5.681e-05
BTCUSDT,1664438400000,7.641e-05
BTCUSDT,1664467200000,6.685e-05
BTCUSDT,1664496000000,0.0001
BTCUSDT,1664524800000,0.0001
BTCUSDT,1664553600000,0.0001
BTCUSDT,1664582400000,3.198e-05
BTCUSDT,1664611200000,0.0001
BTCUSDT,1664640000000,7.005e-05
BTCUSDT,1664668800000,4.262e-05
BTCUSDT,1664697600000,5.816e-05
BTCUSDT,1664726400000,5.384e-05
BTCUSDT,1664755200000,3.996e-05
BTCUSDT,1664784000000,8.316e-05
BTCUSDT,1664812800000,0.0001
BTCUSDT,1664841600000,0.0001
BTCUSDT,1664870400000,0.0001
BTCUSDT,1664899200000,0.0001
BTCUSDT,1664928000000,0.0001
BTCUSDT,1664956800000,0.0001
BTCUSDT,1664985600000,0.0001
BTCUSDT,1665014400000,0.0001
BTCUSDT,1665043200000,0.0001
BTCUSDT,1665072000000,0.0001
BTCUSDT,1665100800000,0.0001
BTCUSDT,1665129600000,0.0001
BTCUSDT,1665158400000,7.513e-05
BTCUSDT,1665187200000,3.85e-05
BTCUSDT,1665216000000,7.345e-05
BTCUSDT,1665244800000,4.149e-05
BTCUSDT,1665273600000,3.246e-05
BTCUSDT,1665302400000,1.776e-05
BTCUSDT,1665331200000,1.951e-05
BTCUSDT,1665360000000,6.241e-05
BTCUSDT,1665388800000,6.069e-05
BTCUSDT,1665417600000,0.0001
BTCUSDT,1665446400000,0.0001
BTCUSDT,1665475200000,0.0001
BTCUSDT,1665504000000,0.0001
BTCUSDT,1665532800000,0.0001
BTCUSDT,1665561600000,0.0001
BTCUSDT,1665590400000,0.0001
BTCUSDT,1665619200000,7.466e-05
BTCUSDT,1665648000000,0.0001
BTCUSDT,1665676800000,3.936e-05
BTCUSDT,1665705600000,3.235e-05
BTCUSDT,1665734400000,0.0001
BTCUSDT,1665763200000,8.395e-05
BTCUSDT,1665792000000,4.317e-05
BTCUSDT,1665820800000,3.772e-05
BTCUSDT,1665849600000,4.563e-05
BTCUSDT,1665878400000,2.735e-05
BTCUSDT,1665907200000,4.61e-06
BTCUSDT,1665936000000,3.394e-05
BTCUSDT,1665964800000,3.31e-06
BTCUSDT,1665993600000,4.84e-05
BTCUSDT,1666022400000,6.458e-05
BTCUSDT,1666051200000,0.0001
BTCUSDT,1666080000000,0.0001
BTCUSDT,1666108800000,0.0001
BTCUSDT,1666137600000,7.598e-05
BTCUSDT,1666166400000,0.0001
BTCUSDT,1666195200000,0.0001
BTCUSDT,1666224000000,0.0001
BTCUSDT,1666252800000,6.021e-05
BTCUSDT,1666281600000,2.095e-05
BTCUSDT,1666310400000,4.708e-05
BTCUSDT,1666339200000,4.483e-05
BTCUSDT,1666368000000,-8.9e-06
BTCUSDT,1666396800000,3.721e-05
BTCUSDT,1666425600000,8.36e-05
BTCUSDT,1666454400000,-3.19e-06
BTCUSDT,1666483200000,4.152e-05
BTCUSDT,1666512000000,1.171e-05
BTCUSDT,1666540800000,5.174e-05
BTCUSDT,1666569600000,0.0001
BTCUSDT,1666598400000,0.0001
BTCUSDT,1666627200000,2.328e-05
BTCUSDT,1666656000000,4.327e-05
BTCUSDT,1666684800000,9.019e-05
BTCUSDT,1666713600000,-1.66e-06
BTCUSDT,1666742400000,2.243e-05
BTCUSDT,1666771200000,5.665e-05
BTCUSDT,1666800000000,6.122e-05
BTCUSDT,1666828800000,1.3e-07
BTCUSDT,1666857600000,-2.276e-05
BTCUSDT,1666886400000,1.376e-05
BTCUSDT,1666915200000,-1.228e-05
BTCUSDT,1666944000000,3.541e-05
BTCUSDT,1666972800000,-2.629e-05
BTCUSDT,1667001600000,2.484e-05
BTCUSDT,1667030400000,4.755e-05
BTCUSDT,1667059200000,4.205e-05
BTCUSDT,1667088000000,-2.515e-05
BTCUSDT,1667116800000,3.212e-05
BTCUSDT,1667145600000,5.135e-05
BTCUSDT,1667174400000,1.504e-05
BTCUSDT,1667203200000,3.842e-05
BTCUSDT,1667232000000,-4.34e-06
BTCUSDT,1667260800000,7.22e-06
BTCUSDT,1667289600000,-1.088e-05
BTCUSDT,1667318400000,1.302e-05
BTCUSDT,1667347200000,4.787e-05
BTCUSDT,1667376000000,1.203e-05
BTCUSDT,1667404800000,6.046e-05
BTCUSDT,1667433600000,2.68e-05
BTCUSDT,1667462400000,4.4e-06
BTCUSDT,1667491200000,6.94e-05
BTCUSDT,1667520000000,4.429e-05
BTCUSDT,1667548800000,1.148e-05
BTCUSDT,1667577600000,6.899e-05
BTCUSDT,1667606400000,4.409e-05
BTCUSDT,1667635200000,4.541e-05
BTCUSDT,1667664000000,0.0001
BTCUSDT,1667692800000,6.491e-05
BTCUSDT,1667721600000,9.732e-05
BTCUSDT,1667750400000,6.866e-05
BTCUSDT,1667779200000,7.813e-05
BTCUSDT,1667808000000,0.0001
BTCUSDT,1667836800000,0.0001
BTCUSDT,1667865600000,6.515e-05
BTCUSDT,1667894400000,-7.88e-06
BTCUSDT,1667923200000,9.446e-05
BTCUSDT,1667952000000,-0.00013884
BTCUSDT,1667980800000,7.305e-05
BTCUSDT,1668009600000,-0.00032976
BTCUSDT,1668038400000,-0.00119172
BTCUSDT,1668067200000,-0.00111953
BTCUSDT,1668096000000,-0.00023833
BTCUSDT,1668124800000,-0.00019452
BTCUSDT,1668153600000,-7.277e-05
BTCUSDT,1668182400000,-5.802e-05
BTCUSDT,1668211200000,5.3e-05
BTCUSDT,1668240000000,-2.406e-05
BTCUSDT,1668268800000,6.521e-05
BTCUSDT,1668297600000,3.33e-06
BTCUSDT,1668326400000,-7.357e-05
BTCUSDT,1668355200000,2.816e-05
BTCUSDT,1668384000000,-3.809e-05
BTCUSDT,1668412800000,-7.645e-05
BTCUSDT,1668441600000,-1.132e-05
BTCUSDT,1668470400000,-0.00010925
BTCUSDT,1668499200000,-0.00017664
BTCUSDT,1668528000000,2.275e-05
BTCUSDT,1668556800000,-0.00013216
BTCUSDT,1668585600000,1.121e-05
BTCUSDT,1668614400000,-6.617e-05
BTCUSDT,1668643200000,-4.542e-05
BTCUSDT,1668672000000,-5.138e-05
BTCUSDT,1668700800000,-2.701e-05
BTCUSDT,1668729600000,-2.836e-05
BTCUSDT,1668758400000,2.398e-05
BTCUSDT,1668787200000,9.55e-06
BTCUSDT,1668816000000,5.556e-05
BTCUSDT,1668844800000,7.897e-05
BTCUSDT,1668873600000,-1.169e-05
BTCUSDT,1668902400000,-7.79e-06
BTCUSDT,1668931200000,3.552e-05
BTCUSDT,1668960000000,-9.79e-06
BTCUSDT,1668988800000,7.898e-05
BTCUSDT,1669017600000,-1.218e-05
BTCUSDT,1669046400000,2.302e-05
BTCUSDT,1669075200000,-7.485e-05
BTCUSDT,1669104000000,2.033e-05
BTCUSDT,1669132800000,7.881e-05
BTCUSDT,1669161600000,9.406e-05
BTCUSDT,1669190400000,0.0001
BTCUSDT,1669219200000,-3.9e-06
BTCUSDT,1669248000000,5.42e-05
BTCUSDT,1669276800000,2.012e-05
BTCUSDT,1669305600000,6.272e-05
BTCUSDT,1669334400000,2.058e-05
BTCUSDT,1669363200000,4.61e-06
BTCUSDT,1669392000000,1.329e-05
BTCUSDT,1669420800000,3.859e-05
BTCUSDT,1669449600000,-2.455e-05
BTCUSDT,1669478400000,3.523e-05
BTCUSDT,1669507200000,1.063e-05
BTCUSDT,1669536000000,-3.066e-05
BTCUSDT,1669564800000,3.784e-05
BTCUSDT,1669593600000,2.303e-05
BTCUSDT,1669622400000,5.36e-06
BTCUSDT,1669651200000,2.1e-07
BTCUSDT,1669680000000,4.76e-05
BTCUSDT,1669708800000,-3.85e-06
BTCUSDT,1669737600000,4.171e-05
BTCUSDT,1669766400000,3.404e-05
BTCUSDT,1669795200000,4.038e-05
BTCUSDT,1669824000000,9.511e-05
BTCUSDT,1669852800000,1.029e-05
BTCUSDT,1669881600000,-5.001e-05
BTCUSDT,1669910400000,0.0001
BTCUSDT,1669939200000,8.203e-05
BTCUSDT,1669968000000,2.825e-05
BTCUSDT,1669996800000,-3.753e-05
BTCUSDT,1670025600000,3.302e-05
BTCUSDT,1670054400000,5.123e-05
BTCUSDT,1670083200000,0.0001
BTCUSDT,1670112000000,6.174e-05
BTCUSDT,1670140800000,6.437e-05
BTCUSDT,1670169600000,4.581e-05
BTCUSDT,1670198400000,5.4e-07
BTCUSDT,1670227200000,-4.218e-05
BTCUSDT,1670256000000,4.603e-05
BTCUSDT,1670284800000,2.206e-05
BTCUSDT,1670313600000,4.118e-05
BTCUSDT,1670342400000,2.305e-05
BTCUSDT,1670371200000,7.887e-05
BTCUSDT,1670400000000,6.58e-06
BTCUSDT,1670428800000,-1.492e-05
BTCUSDT,1670457600000,1.183e-05
BTCUSDT,1670486400000,2.152e-05
BTCUSDT,1670515200000,1.67e-06
BTCUSDT,1670544000000,1.178e-05
BTCUSDT,1670572800000,4.007e-05
BTCUSDT,1670601600000,3.198e-05
BTCUSDT,1670630400000,-1.669e-05
BTCUSDT,1670659200000,-6.87e-06
BTCUSDT,1670688000000,1.711e-05
BTCUSDT,1670716800000,9.29e-06
BTCUSDT,1670745600000,8.73e-06
BTCUSDT,1670774400000,6.92e-06
BTCUSDT,1670803200000,2.406e-05
BTCUSDT,1670832000000,2.638e-05
BTCUSDT,1670860800000,-1.67e-05
BTCUSDT,1670889600000,3.003e-05
BTCUSDT,1670918400000,1.971e-05
BTCUSDT,1670947200000,0.0001
BTCUSDT,1670976000000,0.0001
BTCUSDT,1671004800000,0.0001
BTCUSDT,1671033600000,0.0001
BTCUSDT,1671062400000,0.0001
BTCUSDT,1671091200000,0.0001
BTCUSDT,1671120000000,5.18e-05
BTCUSDT,1671148800000,4.842e-05
BTCUSDT,1671177600000,5.706e-05
BTCUSDT,1671206400000,-1.987e-05
BTCUSDT,1671235200000,2.013e-05
BTCUSDT,1671264000000,7.81e-05
BTCUSDT,1671292800000,9.707e-05
BTCUSDT,1671321600000,6.274e-05
BTCUSDT,1671350400000,6.828e-05
BTCUSDT,1671379200000,-6.47e-06
BTCUSDT,1671408000000,6.468e-05
BTCUSDT,1671436800000,3.493e-05
BTCUSDT,1671465600000,4.496e-05
BTCUSDT,1671494400000,5.611e-05
BTCUSDT,1671523200000,-1.2e-07
BTCUSDT,1671552000000,3.401e-05
BTCUSDT,1671580800000,3.778e-05
BTCUSDT,1671609600000,7.742e-05
BTCUSDT,1671638400000,7.582e-05
BTCUSDT,1671667200000,2.918e-05
BTCUSDT,1671696000000,8.167e-05
BTCUSDT,1671724800000,7.198e-05
BTCUSDT,1671753600000,0.0001
BTCUSDT,1671782400000,0.0001
BTCUSDT,1671811200000,8.903e-05
BTCUSDT,1671840000000,0.0001
BTCUSDT,1671868800000,4.748e-05
BTCUSDT,1671897600000,6.222e-05
BTCUSDT,1671926400000,5.21e-06
BTCUSDT,1671955200000,1.855e-05
BTCUSDT,1671984000000,3.06e-05
BTCUSDT,1672012800000,3.319e-05
BTCUSDT,1672041600000,-5.064e-05
BTCUSDT,1672070400000,2.871e-05
BTCUSDT,1672099200000,8.655e-05
BTCUSDT,1672128000000,1.102e-05
BTCUSDT,1672156800000,1.951e-05
BTCUSDT,1672185600000,4.252e-05
BTCUSDT,1672214400000,9.764e-05
BTCUSDT,1672243200000,2.111e-05
BTCUSDT,1672272000000,9.985e-05
BTCUSDT,1672300800000,8.532e-05
BTCUSDT,1672329600000,0.0001
BTCUSDT,1672358400000,0.0001
BTCUSDT,1672387200000,7.132e-05
BTCUSDT,1672416000000,0.0001
BTCUSDT,1672444800000,0.0001
BTCUSDT,1672473600000,0.0001
BTCUSDT,1672502400000,0.0001
BTCUSDT,1672531200000,0.0001
BTCUSDT,1672560000000,0.0001
BTCUSDT,1672588800000,6.91e-06
BTCUSDT,1672617600000,-1.488e-05
BTCUSDT,1672646400000,-4.356e-05
BTCUSDT,1672675200000,2.67e-05
BTCUSDT,1672704000000,0.0001
BTCUSDT,1672732800000,8.977e-05
BTCUSDT,1672761600000,3.322e-05
BTCUSDT,1672790400000,6.489e-05
BTCUSDT,1672819200000,3.388e-05
BTCUSDT,1672848000000,4.931e-05
BTCUSDT,1672876800000,5.417e-05
BTCUSDT,1672905600000,4.436e-05
BTCUSDT,1672934400000,7.264e-05
BTCUSDT,1672963200000,5.587e-05
BTCUSDT,1672992000000,6.591e-05
BTCUSDT,1673020800000,8.658e-05
BTCUSDT,1673049600000,2.508e-05
BTCUSDT,1673078400000,6.71e-06
BTCUSDT,1673107200000,0.0001
BTCUSDT,1673136000000,5.657e-05
BTCUSDT,1673164800000,0.0001
BTCUSDT,1673193600000,7.452e-05
BTCUSDT,1673222400000,5.796e-05
BTCUSDT,1673251200000,-6.66e-06
BTCUSDT,1673280000000,9.05e-06
BTCUSDT,1673308800000,2.417e-05
BTCUSDT,1673337600000,9.685e-05
BTCUSDT,1673366400000,3.129e-05
BTCUSDT,1673395200000,2.761e-05
BTCUSDT,1673424000000,2.477e-05
BTCUSDT,1673452800000,-2.11e-06
BTCUSDT,1673481600000,7.549e-05
BTCUSDT,1673510400000,0.0001
BTCUSDT,1673539200000,0.0001
BTCUSDT,1673568000000,0.0001
BTCUSDT,1673596800000,0.0001
BTCUSDT,1673625600000,7.16e-05
BTCUSDT,1673654400000,8.746e-05
BTCUSDT,1673683200000,0.00045847
BTCUSDT,1673712000000,0.0001
BTCUSDT,1673740800000,0.00013712
BTCUSDT,1673769600000,0.00012434
BTCUSDT,1673798400000,0.00019892
BTCUSDT,1673827200000,0.0001
BTCUSDT,1673856000000,0.0001
BTCUSDT,1673884800000,0.0001
BTCUSDT,1673913600000,0.0001
BTCUSDT,1673942400000,0.0001
BTCUSDT,1673971200000,0.0001
BTCUSDT,1674000000000,0.0001
BTCUSDT,1674028800000,0.0001
BTCUSDT,1674057600000,0.0001
BTCUSDT,1674086400000,0.0001
BTCUSDT,1674115200000,0.0001
BTCUSDT,1674144000000,0.0001
BTCUSDT,1674172800000,0.0001
BTCUSDT,1674201600000,0.0001
BTCUSDT,1674230400000,0.0001
BTCUSDT,1674259200000,0.0001
BTCUSDT,1674288000000,0.0001
BTCUSDT,1674316800000,0.0001
BTCUSDT,1674345600000,0.0001
BTCUSDT,1674374400000,0.0001
BTCUSDT,1674403200000,0.0001
BTCUSDT,1674432000000,0.0001
BTCUSDT,1674460800000,0.0001
BTCUSDT,1674489600000,0.0001
BTCUSDT,1674518400000,0.0001
BTCUSDT,1674547200000,0.0001
BTCUSDT,1674576000000,0.0001
BTCUSDT,1674604800000,0.0001
BTCUSDT,1674633600000,0.0001
BTCUSDT,1674662400000,0.0001
BTCUSDT,1674691200000,0.0001
BTCUSDT,1674720000000,0.0001
BTCUSDT,1674748800000,0.0001
BTCUSDT,1674777600000,0.0001
BTCUSDT,1674806400000,9.541e-05
BTCUSDT,1674835200000,0.0001
BTCUSDT,1674864000000,0.0001
BTCUSDT,1674892800000,0.0001
BTCUSDT,1674921600000,0.0001
BTCUSDT,1674950400000,0.0001
BTCUSDT,1674979200000,0.0001
BTCUSDT,1675008000000,0.0001
BTCUSDT,1675036800000,0.0001
BTCUSDT,1675065600000,0.0001
BTCUSDT,1675094400000,0.0001
BTCUSDT,1675123200000,0.0001
BTCUSDT,1675152000000,0.0001
BTCUSDT,1675180800000,0.0001
BTCUSDT,1675209600000,0.0001
BTCUSDT,1675238400000,0.0001
BTCUSDT,1675267200000,0.0001
BTCUSDT,1675296000000,0.0001
BTCUSDT,1675324800000,0.0001
BTCUSDT,1675353600000,0.0001
BTCUSDT,1675382400000,0.0001
BTCUSDT,1675411200000,0.0001
BTCUSDT,1675440000000,0.0001
BTCUSDT,1675468800000,0.0001
BTCUSDT,1675497600000,0.0001
BTCUSDT,1675526400000,0.0001
BTCUSDT,1675555200000,0.0001
BTCUSDT,1675584000000,0.0001
BTCUSDT,1675612800000,0.0001
BTCUSDT,1675641600000,0.0001
BTCUSDT,1675670400000,0.0001
BTCUSDT,1675699200000,0.0001
BTCUSDT,1675728000000,0.0001
BTCUSDT,1675756800000,0.0001
BTCUSDT,1675785600000,0.0001
BTCUSDT,1675814400000,0.0001
BTCUSDT,1675843200000,0.0001
BTCUSDT,1675872000000,0.0001
BTCUSDT,1675900800000,0.0001
BTCUSDT,1675929600000,0.0001
BTCUSDT,1675958400000,0.0001
BTCUSDT,1675987200000,0.0001
BTCUSDT,1676016000000,0.0001
BTCUSDT,1676044800000,0.0001
BTCUSDT,1676073600000,7.684e-05
BTCUSDT,1676102400000,5.572e-05
BTCUSDT,1676131200000,5.241e-05
BTCUSDT,1676160000000,5.343e-05
BTCUSDT,1676188800000,0.0001
BTCUSDT,1676217600000,2.27e-05
BTCUSDT,1676246400000,2.074e-05
BTCUSDT,1676275200000,6.323e-05
BTCUSDT,1676304000000,0.0001
BTCUSDT,1676332800000,0.0001
BTCUSDT,1676361600000,0.0001
BTCUSDT,1676390400000,8.887e-05
BTCUSDT,1676419200000,2.377e-05
BTCUSDT,1676448000000,2.63e-05
BTCUSDT,1676476800000,9.071e-05
BTCUSDT,1676505600000,0.0001
BTCUSDT,1676534400000,0.0001
BTCUSDT,1676563200000,0.00023171
BTCUSDT,1676592000000,0.0001
BTCUSDT,1676620800000,0.0001
BTCUSDT,1676649600000,0.0001
BTCUSDT,1676678400000,0.0001
BTCUSDT,1676707200000,0.0001
BTCUSDT,1676736000000,0.0001
BTCUSDT,1676764800000,0.0001
BTCUSDT,1676793600000,0.0001
BTCUSDT,1676822400000,0.0001
BTCUSDT,1676851200000,0.0001
BTCUSDT,1676880000000,0.0001
BTCUSDT,1676908800000,0.0001
BTCUSDT,1676937600000,0.0001
BTCUSDT,1676966400000,0.0001
BTCUSDT,1676995200000,0.0001
BTCUSDT,1677024000000,0.0001
BTCUSDT,1677052800000,0.0001
BTCUSDT,1677081600000,0.0001
BTCUSDT,1677110400000,0.0001
BTCUSDT,1677139200000,3.506e-05
BTCUSDT,1677168000000,3.631e-05
BTCUSDT,1677196800000,4.978e-05
BTCUSDT,1677225600000,4.949e-05
BTCUSDT,1677254400000,5.44e-05
BTCUSDT,1677283200000,1.183e-05
BTCUSDT,1677312000000,6.1e-06
BTCUSDT,1677340800000,-4.8e-07
BTCUSDT,1677369600000,7.372e-05
BTCUSDT,1677398400000,2.76e-05
BTCUSDT,1677427200000,6.581e-05
BTCUSDT,1677456000000,8.144e-05
BTCUSDT,1677484800000,1.196e-05
BTCUSDT,1677513600000,6.826e-05
BTCUSDT,1677542400000,3.414e-05
BTCUSDT,1677571200000,1.985e-05
BTCUSDT,1677600000000,5.95e-05
BTCUSDT,1677628800000,1.85e-06
BTCUSDT,1677657600000,0.0001
BTCUSDT,1677686400000,0.0001
BTCUSDT,1677715200000,8.612e-05
BTCUSDT,1677744000000,8.703e-05
BTCUSDT,1677772800000,8.395e-05
BTCUSDT,1677801600000,0.0001
BTCUSDT,1677830400000,-4.203e-05
BTCUSDT,1677859200000,-2.26e-06
BTCUSDT,1677888000000,5.3e-06
BTCUSDT,1677916800000,3.812e-05
BTCUSDT,1677945600000,2.104e-05
BTCUSDT,1677974400000,1.874e-05
BTCUSDT,1678003200000,5.44e-06
BTCUSDT,1678032000000,3.706e-05
BTCUSDT,1678060800000,4.054e-05
BTCUSDT,1678089600000,5.46e-05
BTCUSDT,1678118400000,5.414e-05
BTCUSDT,1678147200000,1.173e-05
BTCUSDT,1678176000000,4.375e-05
BTCUSDT,1678204800000,2.631e-05
BTCUSDT,1678233600000,2.917e-05
BTCUSDT,1678262400000,3.816e-05
BTCUSDT,1678291200000,0.0001
BTCUSDT,1678320000000,0.0001
BTCUSDT,1678348800000,0.0001
BTCUSDT,1678377600000,0.0001
BTCUSDT,1678406400000,-8.895e-05
BTCUSDT,1678435200000,5.26e-06
BTCUSDT,1678464000000,-1.647e-05
BTCUSDT,1678492800000,2.364e-05
BTCUSDT,1678521600000,-2.296e-05
BTCUSDT,1678550400000,-2.341e-05
BTCUSDT,1678579200000,3.76e-06
BTCUSDT,1678608000000,9.088e-05
BTCUSDT,1678636800000,-4.068e-05
BTCUSDT,1678665600000,0.0001
BTCUSDT,1678694400000,6.011e-05
BTCUSDT,1678723200000,0.0001
BTCUSDT,1678752000000,0.00015042
BTCUSDT,1678780800000,0.0001
BTCUSDT,1678809600000,0.00029811
BTCUSDT,1678838400000,0.0001
BTCUSDT,1678867200000,0.00024127
BTCUSDT,1678896000000,0.00022126
BTCUSDT,1678924800000,0.0001
BTCUSDT,1678953600000,0.0001
BTCUSDT,1678982400000,0.0001
BTCUSDT,1679011200000,3.311e-05
BTCUSDT,1679040000000,0.0001
BTCUSDT,1679068800000,0.0001
BTCUSDT,1679097600000,0.0001
BTCUSDT,1679126400000,0.0001
BTCUSDT,1679155200000,0.0001
BTCUSDT,1679184000000,0.0001
BTCUSDT,1679212800000,0.0001
BTCUSDT,1679241600000,0.0001
BTCUSDT,1679270400000,0.0001
BTCUSDT,1679299200000,9.081e-05
BTCUSDT,1679328000000,0.0001
BTCUSDT,1679356800000,8.118e-05
BTCUSDT,1679385600000,1.254e-05
BTCUSDT,1679414400000,2.92e-06
BTCUSDT,1679443200000,2.68e-06
BTCUSDT,1679472000000,6e-08
BTCUSDT,1679500800000,5.334e-05
BTCUSDT,1679529600000,2.48e-06
BTCUSDT,1679558400000,-1.09e-05
BTCUSDT,1679587200000,0.0001
BTCUSDT,1679616000000,0.0001
BTCUSDT,1679644800000,0.0001
BTCUSDT,1679673600000,0.0001
BTCUSDT,1679702400000,-3.1e-06
BTCUSDT,1679731200000,4.25e-06
BTCUSDT,1679760000000,2.92e-06
BTCUSDT,1679788800000,6.1e-07
BTCUSDT,1679817600000,-3.326e-05
BTCUSDT,1679846400000,3.634e-05
BTCUSDT,1679875200000,2.905e-05
BTCUSDT,1679904000000,2.409e-05
BTCUSDT,1679932800000,-3.96e-06
BTCUSDT,1679961600000,-1.428e-05
BTCUSDT,1679990400000,1.123e-05
BTCUSDT,1680019200000,7.531e-05
BTCUSDT,1680048000000,6.075e-05
BTCUSDT,1680076800000,7.098e-05
BTCUSDT,1680105600000,0.0001
BTCUSDT,1680134400000,6.987e-05
BTCUSDT,1680163200000,5.638e-05
BTCUSDT,1680192000000,1.123e-05
BTCUSDT,1680220800000,-2.712e-05
BTCUSDT,1680249600000,6.358e-05
BTCUSDT,1680278400000,0.0001
BTCUSDT,1680307200000,0.0001
BTCUSDT,1680336000000,0.0001
BTCUSDT,1680364800000,8.84e-05
BTCUSDT,1680393600000,4.527e-05
BTCUSDT,1680422400000,6.893e-05
BTCUSDT,1680451200000,4.514e-05
BTCUSDT,1680480000000,1.759e-05
BTCUSDT,1680508800000,-1.24e-05
BTCUSDT,1680537600000,5.688e-05
BTCUSDT,1680566400000,-6.009e-05
BTCUSDT,1680595200000,-1.357e-05
BTCUSDT,1680624000000,-1.276e-05
BTCUSDT,1680652800000,2.76e-05
BTCUSDT,1680681600000,8.517e-05
BTCUSDT,1680710400000,5.265e-05
BTCUSDT,1680739200000,1.442e-05
BTCUSDT,1680768000000,3.598e-05
BTCUSDT,1680796800000,-2.975e-05
BTCUSDT,1680825600000,1.004e-05
BTCUSDT,1680854400000,-1.473e-05
BTCUSDT,1680883200000,1.055e-05
BTCUSDT,1680912000000,2.68e-06
BTCUSDT,1680940800000,4.66e-06
BTCUSDT,1680969600000,3.192e-05
BTCUSDT,1680998400000,9.5e-06
BTCUSDT,1681027200000,-9.04e-06
BTCUSDT,1681056000000,-8.53e-06
BTCUSDT,1681084800000,0.0001
BTCUSDT,1681113600000,0.0001
BTCUSDT,1681142400000,6.167e-05
BTCUSDT,1681171200000,0.0001
BTCUSDT,1681200000000,0.0001
BTCUSDT,1681228800000,0.0001
BTCUSDT,1681257600000,9.582e-05
BTCUSDT,1681286400000,8.195e-05
BTCUSDT,1681315200000,1.747e-05
BTCUSDT,1681344000000,6.665e-05
BTCUSDT,1681372800000,4.427e-05
BTCUSDT,1681401600000,0.0001
BTCUSDT,1681430400000,-1.13e-06
BTCUSDT,1681459200000,0.0001
BTCUSDT,1681488000000,3.42e-05
BTCUSDT,1681516800000,-4.975e-05
BTCUSDT,1681545600000,8.455e-05
BTCUSDT,1681574400000,0.0001
BTCUSDT,1681603200000,7.144e-05
BTCUSDT,1681632000000,0.0001
BTCUSDT,1681660800000,0.0001
BTCUSDT,1681689600000,0.0001
BTCUSDT,1681718400000,7.376e-05
BTCUSDT,1681747200000,0.0001
BTCUSDT,1681776000000,4.683e-05
BTCUSDT,1681804800000,-5.1e-06
BTCUSDT,1681833600000,6.772e-05
BTCUSDT,1681862400000,0.0001
BTCUSDT,1681891200000,6.231e-05
BTCUSDT,1681920000000,-8.1e-07
BTCUSDT,1681948800000,8.579e-05
BTCUSDT,1681977600000,3.668e-05
BTCUSDT,1682006400000,5.898e-05
BTCUSDT,1682035200000,6.297e-05
BTCUSDT,1682064000000,0.0001
BTCUSDT,1682092800000,0.0001
BTCUSDT,1682121600000,0.0001
BTCUSDT,1682150400000,6.858e-05
BTCUSDT,1682179200000,2.09e-05
BTCUSDT,1682208000000,3.768e-05
BTCUSDT,1682236800000,1.376e-05
BTCUSDT,1682265600000,2.369e-05
BTCUSDT,1682294400000,4.679e-05
BTCUSDT,1682323200000,3.694e-05
BTCUSDT,1682352000000,2.63e-05
BTCUSDT,1682380800000,5.066e-05
BTCUSDT,1682409600000,6.606e-05
BTCUSDT,1682438400000,8.541e-05
BTCUSDT,1682467200000,4.346e-05
BTCUSDT,1682496000000,1.686e-05
BTCUSDT,1682524800000,0.0001
BTCUSDT,1682553600000,2.518e-05
BTCUSDT,1682582400000,5.769e-05
BTCUSDT,1682611200000,3.265e-05
BTCUSDT,1682640000000,0.0001
BTCUSDT,1682668800000,0.0001
BTCUSDT,1682697600000,4.476e-05
BTCUSDT,1682726400000,3.7e-07
BTCUSDT,1682755200000,6.751e-05
BTCUSDT,1682784000000,7.826e-05
BTCUSDT,1682812800000,3.132e-05
BTCUSDT,1682841600000,3.501e-05
BTCUSDT,1682870400000,6.078e-05
BTCUSDT,1682899200000,2.435e-05
BTCUSDT,1682928000000,-6.37e-05
BTCUSDT,1682956800000,5.66e-06
BTCUSDT,1682985600000,9.68e-06
BTCUSDT,1683014400000,6.135e-05
BTCUSDT,1683043200000,1.204e-05
BTCUSDT,1683072000000,8.568e-05
BTCUSDT,1683100800000,5.435e-05
BTCUSDT,1683129600000,5.701e-05
BTCUSDT,1683158400000,0.0001
BTCUSDT,1683187200000,9.992e-05
BTCUSDT,1683216000000,4.314e-05
BTCUSDT,1683244800000,3.731e-05
BTCUSDT,1683273600000,9.909e-05
BTCUSDT,1683302400000,8.548e-05
BTCUSDT,1683331200000,0.0001
BTCUSDT,1683360000000,0.0001
BTCUSDT,1683388800000,0.0001
BTCUSDT,1683417600000,4.321e-05
BTCUSDT,1683446400000,4.047e-05
BTCUSDT,1683475200000,6.046e-05
BTCUSDT,1683504000000,7.2e-06
BTCUSDT,1683532800000,4.07e-06
BTCUSDT,1683561600000,3.902e-05
BTCUSDT,1683590400000,5.11e-05
BTCUSDT,1683619200000,6.841e-05
BTCUSDT,1683648000000,3.78e-06
BTCUSDT,1683676800000,3.752e-05
BTCUSDT,1683705600000,4.785e-05
BTCUSDT,1683734400000,3.792e-05
BTCUSDT,1683763200000,1.596e-05
BTCUSDT,1683792000000,6.926e-05
BTCUSDT,1683820800000,5.207e-05
BTCUSDT,1683849600000,3.633e-05
BTCUSDT,1683878400000,3.964e-05
BTCUSDT,1683907200000,2.762e-05
BTCUSDT,1683936000000,-1e-07
BTCUSDT,1683964800000,5.385e-05
BTCUSDT,1683993600000,4.494e-05
BTCUSDT,1684022400000,1.715e-05
BTCUSDT,1684051200000,3.039e-05
BTCUSDT,1684080000000,3.537e-05
BTCUSDT,1684108800000,4.407e-05
BTCUSDT,1684137600000,-1.576e-05
BTCUSDT,1684166400000,-1.9e-06
BTCUSDT,1684195200000,8.66e-05
BTCUSDT,1684224000000,3.165e-05
BTCUSDT,1684252800000,5.8e-05
BTCUSDT,1684281600000,8.392e-05
BTCUSDT,1684310400000,7.029e-05
BTCUSDT,1684339200000,4.461e-05
BTCUSDT,1684368000000,0.0001
BTCUSDT,1684396800000,0.0001
BTCUSDT,1684425600000,8.342e-05
BTCUSDT,1684454400000,2.716e-05
BTCUSDT,1684483200000,4.474e-05
BTCUSDT,1684512000000,3.815e-05
BTCUSDT,1684540800000,5.313e-05
BTCUSDT,1684569600000,2.455e-05
BTCUSDT,1684598400000,-8.49e-06
BTCUSDT,1684627200000,4.776e-05
BTCUSDT,1684656000000,7.262e-05
BTCUSDT,1684684800000,5.071e-05
BTCUSDT,1684713600000,3.019e-05
BTCUSDT,1684742400000,2.1e-06
BTCUSDT,1684771200000,4.77e-05
BTCUSDT,1684800000000,0.0001
BTCUSDT,1684828800000,0.0001
BTCUSDT,1684857600000,0.0001
BTCUSDT,1684886400000,0.0001
BTCUSDT,1684915200000,2.067e-05
BTCUSDT,1684944000000,4.362e-05
BTCUSDT,1684972800000,5.82e-05
BTCUSDT,1685001600000,0.0001
BTCUSDT,1685030400000,0.0001
BTCUSDT,1685059200000,0.0001
BTCUSDT,1685088000000,9.583e-05
BTCUSDT,1685116800000,4.953e-05
BTCUSDT,1685145600000,7.146e-05
BTCUSDT,1685174400000,8.564e-05
BTCUSDT,1685203200000,7.362e-05
BTCUSDT,1685232000000,9.88e-05
BTCUSDT,1685260800000,0.0001
BTCUSDT,1685289600000,0.0001
BTCUSDT,1685318400000,0.0001
BTCUSDT,1685347200000,0.0001
BTCUSDT,1685376000000,0.0001
BTCUSDT,1685404800000,6.187e-05
BTCUSDT,1685433600000,9.036e-05
BTCUSDT,1685462400000,3.861e-05
BTCUSDT,1685491200000,2.344e-05
BTCUSDT,1685520000000,2.864e-05
BTCUSDT,1685548800000,9.865e-05
BTCUSDT,1685577600000,2.096e-05
BTCUSDT,1685606400000,9.641e-05
BTCUSDT,1685635200000,0.0001
BTCUSDT,1685664000000,4.77e-05
BTCUSDT,1685692800000,9.266e-05
BTCUSDT,1685721600000,9.946e-05
BTCUSDT,1685750400000,7.42e-05
BTCUSDT,1685779200000,0.0001
BTCUSDT,1685808000000,5.566e-05
BTCUSDT,1685836800000,4.85e-05
BTCUSDT,1685865600000,0.0001
BTCUSDT,1685894400000,0.0001
BTCUSDT,1685923200000,0.0001
BTCUSDT,1685952000000,9.538e-05
BTCUSDT,1685980800000,7.856e-05
BTCUSDT,1686009600000,-7.157e-05
BTCUSDT,1686038400000,-3.047e-05
BTCUSDT,1686067200000,4.288e-05
BTCUSDT,1686096000000,0.0001
BTCUSDT,1686124800000,0.0001
BTCUSDT,1686153600000,4.005e-05
BTCUSDT,1686182400000,5.504e-05
BTCUSDT,1686211200000,3.09e-05
BTCUSDT,1686240000000,4.011e-05
BTCUSDT,1686268800000,6.588e-05
BTCUSDT,1686297600000,7.916e-05
BTCUSDT,1686326400000,4.404e-05
BTCUSDT,1686355200000,8.702e-05
BTCUSDT,1686384000000,2.417e-05
BTCUSDT,1686412800000,3.854e-05
BTCUSDT,1686441600000,4.45e-05
BTCUSDT,1686470400000,3.197e-05
BTCUSDT,1686499200000,5.925e-05
BTCUSDT,1686528000000,8.66e-05
BTCUSDT,1686556800000,3.065e-05
BTCUSDT,1686585600000,3.624e-05
BTCUSDT,1686614400000,0.0001
BTCUSDT,1686643200000,6.18e-05
BTCUSDT,1686672000000,6.503e-05
BTCUSDT,1686700800000,2.438e-05
BTCUSDT,1686729600000,2.716e-05
BTCUSDT,1686758400000,3.661e-05
BTCUSDT,1686787200000,-3.265e-05
BTCUSDT,1686816000000,6.193e-05
BTCUSDT,1686844800000,6.687e-05
BTCUSDT,1686873600000,3.971e-05
BTCUSDT,1686902400000,7.81e-06
BTCUSDT,1686931200000,2.36e-06
BTCUSDT,1686960000000,9.868e-05
BTCUSDT,1686988800000,0.0001
BTCUSDT,1687017600000,7.543e-05
BTCUSDT,1687046400000,3.706e-05
BTCUSDT,1687075200000,8.233e-05
BTCUSDT,1687104000000,6.705e-05
BTCUSDT,1687132800000,7.04e-05
BTCUSDT,1687161600000,6.397e-05
BTCUSDT,1687190400000,3.69e-05
BTCUSDT,1687219200000,4.35e-05
BTCUSDT,1687248000000,-4.48e-06
BTCUSDT,1687276800000,-2.597e-05
BTCUSDT,1687305600000,6.295e-05
BTCUSDT,1687334400000,0.0001
BTCUSDT,1687363200000,2.551e-05
BTCUSDT,1687392000000,0.0001
BTCUSDT,1687420800000,0.0001
BTCUSDT,1687449600000,9.236e-05
BTCUSDT,1687478400000,0.0001
BTCUSDT,1687507200000,0.0001
BTCUSDT,1687536000000,0.0001
BTCUSDT,1687564800000,0.0001
BTCUSDT,1687593600000,0.0001
BTCUSDT,1687622400000,0.0001
BTCUSDT,1687651200000,0.0001
BTCUSDT,1687680000000,0.0001
BTCUSDT,1687708800000,0.0001
BTCUSDT,1687737600000,0.0001
BTCUSDT,1687766400000,0.0001
BTCUSDT,1687795200000,0.0001
BTCUSDT,1687824000000,0.0001
BTCUSDT,1687852800000,0.0001
BTCUSDT,1687881600000,0.0001
BTCUSDT,1687910400000,0.0001
BTCUSDT,1687939200000,9.302e-05
BTCUSDT,1687968000000,4.598e-05
BTCUSDT,1687996800000,6.574e-05
BTCUSDT,1688025600000,9.3e-05
BTCUSDT,1688054400000,0.0001
BTCUSDT,1688083200000,0.0001
BTCUSDT,1688112000000,0.0001
BTCUSDT,1688140800000,0.0001
BTCUSDT,1688169600000,0.0001
BTCUSDT,1688198400000,0.0001
BTCUSDT,1688227200000,0.0001
BTCUSDT,1688256000000,0.0001
BTCUSDT,1688284800000,0.0001
BTCUSDT,1688313600000,0.0001
BTCUSDT,1688342400000,0.0001
BTCUSDT,1688371200000,0.0001
BTCUSDT,1688400000000,0.0001
BTCUSDT,1688428800000,0.0001
BTCUSDT,1688457600000,0.0001
BTCUSDT,1688486400000,0.0001
BTCUSDT,1688515200000,0.0001
BTCUSDT,1688544000000,0.0001
BTCUSDT,1688572800000,0.0001
BTCUSDT,1688601600000,0.0001
BTCUSDT,1688630400000,7.72e-05
BTCUSDT,1688659200000,1.492e-05
BTCUSDT,1688688000000,6.98e-06
BTCUSDT,1688716800000,4.221e-05
BTCUSDT,1688745600000,-6.58e-06
BTCUSDT,1688774400000,3.757e-05
BTCUSDT,1688803200000,2.631e-05
BTCUSDT,1688832000000,1.686e-05
BTCUSDT,1688860800000,5.707e-05
BTCUSDT,1688889600000,6.821e-05
BTCUSDT,1688918400000,6.153e-05
BTCUSDT,1688947200000,-2.182e-05
BTCUSDT,1688976000000,4.85e-05
BTCUSDT,1689004800000,2.995e-05
BTCUSDT,1689033600000,8.01e-05
BTCUSDT,1689062400000,8.265e-05
BTCUSDT,1689091200000,3.954e-05
BTCUSDT,1689120000000,7.041e-05
BTCUSDT,1689148800000,6.479e-05
BTCUSDT,1689177600000,4.65e-05
BTCUSDT,1689206400000,-1.135e-05
BTCUSDT,1689235200000,6.12e-05
BTCUSDT,1689264000000,5.29e-06
BTCUSDT,1689292800000,0.0001
BTCUSDT,1689321600000,0.0001
BTCUSDT,1689350400000,0.0001
BTCUSDT,1689379200000,-7.313e-05
BTCUSDT,1689408000000,3.007e-05
BTCUSDT,1689436800000,2.984e-05
BTCUSDT,1689465600000,1.993e-05
BTCUSDT,1689494400000,7.772e-05
BTCUSDT,1689523200000,4.583e-05
BTCUSDT,1689552000000,2.785e-05
BTCUSDT,1689580800000,6.278e-05
BTCUSDT,1689609600000,6.261e-05
BTCUSDT,1689638400000,3.983e-05
BTCUSDT,1689667200000,6.798e-05
BTCUSDT,1689696000000,7.477e-05
BTCUSDT,1689724800000,0.0001
BTCUSDT,1689753600000,5.224e-05
BTCUSDT,1689782400000,7.69e-05
BTCUSDT,1689811200000,2.652e-05
BTCUSDT,1689840000000,9.641e-05
BTCUSDT,1689868800000,5.563e-05
BTCUSDT,1689897600000,2.877e-05
BTCUSDT,1689926400000,7.77e-06
BTCUSDT,1689955200000,3.717e-05
BTCUSDT,1689984000000,2.195e-05
BTCUSDT,1690012800000,9.44e-06
BTCUSDT,1690041600000,1.77e-06
BTCUSDT,1690070400000,2.908e-05
BTCUSDT,1690099200000,0.0001
BTCUSDT,1690128000000,9.372e-05
BTCUSDT,1690156800000,0.0001
BTCUSDT,1690185600000,4.338e-05
BTCUSDT,1690214400000,0.0001
BTCUSDT,1690243200000,7.702e-05
BTCUSDT,1690272000000,6.913e-05
BTCUSDT,1690300800000,9.465e-05
BTCUSDT,1690329600000,9.451e-05
BTCUSDT,1690358400000,0.0001
BTCUSDT,1690387200000,5.768e-05
BTCUSDT,1690416000000,3.136e-05
BTCUSDT,1690444800000,3.83e-05
BTCUSDT,1690473600000,2.876e-05
BTCUSDT,1690502400000,4.373e-05
BTCUSDT,1690531200000,6.675e-05
BTCUSDT,1690560000000,0.0001
BTCUSDT,1690588800000,0.0001
BTCUSDT,1690617600000,4.567e-05
BTCUSDT,1690646400000,7.53e-05
BTCUSDT,1690675200000,8.151e-05
BTCUSDT,1690704000000,5.56e-05
BTCUSDT,1690732800000,4.357e-05
BTCUSDT,1690761600000,2.369e-05
BTCUSDT,1690790400000,7.362e-05
BTCUSDT,1690819200000,8.239e-05
BTCUSDT,1690848000000,6.3e-05
BTCUSDT,1690876800000,6.768e-05
BTCUSDT,1690905600000,0.0001
BTCUSDT,1690934400000,0.0001
BTCUSDT,1690963200000,0.0001
BTCUSDT,1690992000000,0.0001
BTCUSDT,1691020800000,0.0001
BTCUSDT,1691049600000,0.0001
BTCUSDT,1691078400000,0.0001
BTCUSDT,1691107200000,8.116e-05
BTCUSDT,1691136000000,0.0001
BTCUSDT,1691164800000,0.0001
BTCUSDT,1691193600000,4.181e-05
BTCUSDT,1691222400000,0.0001
BTCUSDT,1691251200000,0.0001
BTCUSDT,1691280000000,0.0001
BTCUSDT,1691308800000,0.0001
BTCUSDT,1691337600000,0.0001
BTCUSDT,1691366400000,0.0001
BTCUSDT,1691395200000,7.669e-05
BTCUSDT,1691424000000,0.0001
BTCUSDT,1691452800000,0.0001
BTCUSDT,1691481600000,9.136e-05
BTCUSDT,1691510400000,5.944e-05
BTCUSDT,1691539200000,8.11e-05
BTCUSDT,1691568000000,9.527e-05
BTCUSDT,1691596800000,8.877e-05
BTCUSDT,1691625600000,0.0001
BTCUSDT,1691654400000,0.0001
BTCUSDT,1691683200000,8.277e-05
BTCUSDT,1691712000000,0.0001
BTCUSDT,1691740800000,0.0001
BTCUSDT,1691769600000,7.123e-05
BTCUSDT,1691798400000,0.0001
BTCUSDT,1691827200000,0.0001
BTCUSDT,1691856000000,9.305e-05
BTCUSDT,1691884800000,0.0001
BTCUSDT,1691913600000,4.637e-05
BTCUSDT,1691942400000,0.0001
BTCUSDT,1691971200000,0.0001
BTCUSDT,1692000000000,0.0001
BTCUSDT,1692028800000,0.0001
BTCUSDT,1692057600000,0.0001
BTCUSDT,1692086400000,0.0001
BTCUSDT,1692115200000,0.0001
BTCUSDT,1692144000000,0.0001
BTCUSDT,1692172800000,0.0001
BTCUSDT,1692201600000,0.0001
BTCUSDT,1692230400000,0.0001
BTCUSDT,1692259200000,0.0001
BTCUSDT,1692288000000,0.0001
BTCUSDT,1692316800000,0.0001
BTCUSDT,1692345600000,-4.6e-07
BTCUSDT,1692374400000,5.166e-05
BTCUSDT,1692403200000,-2.74e-06
BTCUSDT,1692432000000,-3.22e-06
BTCUSDT,1692460800000,-5.286e-05
BTCUSDT,1692489600000,-3.069e-05
BTCUSDT,1692518400000,-4.364e-05
BTCUSDT,1692547200000,-1.93e-06
BTCUSDT,1692576000000,-2.797e-05
BTCUSDT,1692604800000,8.16e-06
BTCUSDT,1692633600000,-1.619e-05
BTCUSDT,1692662400000,-3.08e-06
BTCUSDT,1692691200000,-1.928e-05
BTCUSDT,1692720000000,3.048e-05
BTCUSDT,1692748800000,7.39e-06
BTCUSDT,1692777600000,-1.02e-05
BTCUSDT,1692806400000,3.247e-05
BTCUSDT,1692835200000,-2.822e-05
BTCUSDT,1692864000000,2.506e-05
BTCUSDT,1692892800000,4.9e-05
BTCUSDT,1692921600000,-6.59e-06
BTCUSDT,1692950400000,2.802e-05
BTCUSDT,1692979200000,5.218e-05
BTCUSDT,1693008000000,3.82e-05
BTCUSDT,1693036800000,5.334e-05
BTCUSDT,1693065600000,2.096e-05
BTCUSDT,1693094400000,9.9e-07
BTCUSDT,1693123200000,3.976e-05
BTCUSDT,1693152000000,1.232e-05
BTCUSDT,1693180800000,-3.95e-06
BTCUSDT,1693209600000,4.424e-05
BTCUSDT,1693238400000,4.524e-05
BTCUSDT,1693267200000,8.24e-06
BTCUSDT,1693296000000,3.769e-05
BTCUSDT,1693324800000,-0.00010934
BTCUSDT,1693353600000,4.868e-05
BTCUSDT,1693382400000,5.731e-05
BTCUSDT,1693411200000,3.944e-05
BTCUSDT,1693440000000,2.909e-05
BTCUSDT,1693468800000,6.859e-05
BTCUSDT,1693497600000,8.105e-05
BTCUSDT,1693526400000,2.583e-05
BTCUSDT,1693555200000,5.968e-05
BTCUSDT,1693584000000,6.254e-05
BTCUSDT,1693612800000,4.998e-05
BTCUSDT,1693641600000,1.937e-05
BTCUSDT,1693670400000,-2.018e-05
BTCUSDT,1693699200000,4.839e-05
BTCUSDT,1693728000000,2.35e-06
BTCUSDT,1693756800000,2.89e-05
BTCUSDT,1693785600000,2.69e-05
BTCUSDT,1693814400000,1.469e-05
BTCUSDT,1693843200000,-1.059e-05
BTCUSDT,1693872000000,5.3e-07
BTCUSDT,1693900800000,1.975e-05
BTCUSDT,1693929600000,3.366e-05
BTCUSDT,1693958400000,1.737e-05
BTCUSDT,1693987200000,-2.763e-05
BTCUSDT,1694016000000,2.135e-05
BTCUSDT,1694044800000,3.83e-05
BTCUSDT,1694073600000,3.883e-05
BTCUSDT,1694102400000,6.924e-05
BTCUSDT,1694131200000,-1.525e-05
BTCUSDT,1694160000000,5.12e-06
BTCUSDT,1694188800000,-1.691e-05
BTCUSDT,1694217600000,-5.057e-05
BTCUSDT,1694246400000,-3.77e-06
BTCUSDT,1694275200000,1.423e-05
BTCUSDT,1694304000000,-7.3e-07
BTCUSDT,1694332800000,3.294e-05
BTCUSDT,1694361600000,2.609e-05
BTCUSDT,1694390400000,-3e-06
BTCUSDT,1694419200000,1.823e-05
BTCUSDT,1694448000000,1.838e-05
BTCUSDT,1694476800000,2.73e-05
BTCUSDT,1694505600000,5.425e-05
BTCUSDT,1694534400000,-3.502e-05
BTCUSDT,1694563200000,2.342e-05
BTCUSDT,1694592000000,1.26e-05
BTCUSDT,1694620800000,3.099e-05
BTCUSDT,1694649600000,4.61e-06
BTCUSDT,1694678400000,3.428e-05
BTCUSDT,1694707200000,-4.748e-05
BTCUSDT,1694736000000,-2.641e-05
BTCUSDT,1694764800000,-7.61e-06
BTCUSDT,1694793600000,7.561e-05
BTCUSDT,1694822400000,-1.381e-05
BTCUSDT,1694851200000,-4.32e-05
BTCUSDT,1694880000000,-3.161e-05
BTCUSDT,1694908800000,8.97e-06
BTCUSDT,1694937600000,1.142e-05
BTCUSDT,1694966400000,6.49e-06
BTCUSDT,1694995200000,-5.08e-06
BTCUSDT,1695024000000,5.79e-06
BTCUSDT,1695052800000,-6.774e-05
BTCUSDT,1695081600000,2.468e-05
BTCUSDT,1695110400000,-1.972e-05
BTCUSDT,1695139200000,-1.756e-05
BTCUSDT,1695168000000,-2.614e-05
BTCUSDT,1695196800000,-3.777e-05
BTCUSDT,1695225600000,-9.91e-06
BTCUSDT,1695254400000,-2.9e-07
BTCUSDT,1695283200000,4.303e-05
BTCUSDT,1695312000000,7.429e-05
BTCUSDT,1695340800000,-6.2e-07
BTCUSDT,1695369600000,1.034e-05
BTCUSDT,1695398400000,2.136e-05
BTCUSDT,1695427200000,6.676e-05
BTCUSDT,1695456000000,1.556e-05
BTCUSDT,1695484800000,2.09e-06
BTCUSDT,1695513600000,-1.392e-05
BTCUSDT,1695542400000,4.721e-05
BTCUSDT,1695571200000,2.887e-05
BTCUSDT,1695600000000,-1.26e-05
BTCUSDT,1695628800000,8.565e-05
BTCUSDT,1695657600000,4.792e-05
BTCUSDT,1695686400000,-3.91e-05
BTCUSDT,1695715200000,-1.215e-05
BTCUSDT,1695744000000,5.626e-05
BTCUSDT,1695772800000,9.944e-05
BTCUSDT,1695801600000,3.378e-05
BTCUSDT,1695830400000,2.074e-05
BTCUSDT,1695859200000,6.74e-06
BTCUSDT,1695888000000,-1.581e-05
BTCUSDT,1695916800000,-4.732e-05
BTCUSDT,1695945600000,-3.894e-05
BTCUSDT,1695974400000,-2.567e-05
BTCUSDT,1696003200000,4.76e-06
BTCUSDT,1696032000000,6.43e-06
BTCUSDT,1696060800000,1.864e-05
BTCUSDT,1696089600000,1.525e-05
BTCUSDT,1696118400000,2.95e-06
BTCUSDT,1696147200000,-6.19e-06
BTCUSDT,1696176000000,-2.263e-05
BTCUSDT,1696204800000,5.831e-05
BTCUSDT,1696233600000,7.28e-06
BTCUSDT,1696262400000,-1.477e-05
BTCUSDT,1696291200000,4.172e-05
BTCUSDT,1696320000000,1.667e-05
BTCUSDT,1696348800000,2.5e-05
BTCUSDT,1696377600000,6.031e-05
BTCUSDT,1696406400000,6.2e-05
BTCUSDT,1696435200000,-2.857e-05
BTCUSDT,1696464000000,-3.807e-05
BTCUSDT,1696492800000,-4.268e-05
BTCUSDT,1696521600000,-2.302e-05
BTCUSDT,1696550400000,-1.106e-05
BTCUSDT,1696579200000,1.436e-05
BTCUSDT,1696608000000,-3.149e-05
BTCUSDT,1696636800000,2.124e-05
BTCUSDT,1696665600000,2.849e-05
BTCUSDT,1696694400000,2.083e-05
BTCUSDT,1696723200000,3.14e-06
BTCUSDT,1696752000000,9.74e-06
BTCUSDT,1696780800000,5.163e-05
BTCUSDT,1696809600000,3.992e-05
BTCUSDT,1696838400000,3.515e-05
BTCUSDT,1696867200000,7.838e-05
BTCUSDT,1696896000000,6.349e-05
BTCUSDT,1696924800000,1.894e-05
BTCUSDT,1696953600000,4.548e-05
BTCUSDT,1696982400000,5.918e-05
BTCUSDT,1697011200000,8.33e-05
BTCUSDT,1697040000000,6.319e-05
BTCUSDT,1697068800000,0.0001
BTCUSDT,1697097600000,2.661e-05
BTCUSDT,1697126400000,7.304e-05
BTCUSDT,1697155200000,2.294e-05
BTCUSDT,1697184000000,2.039e-05
BTCUSDT,1697212800000,2.326e-05
BTCUSDT,1697241600000,1.05e-06
BTCUSDT,1697270400000,2.211e-05
BTCUSDT,1697299200000,2.456e-05
BTCUSDT,1697328000000,-1.509e-05
BTCUSDT,1697356800000,4.292e-05
BTCUSDT,1697385600000,2.224e-05
BTCUSDT,1697414400000,5.11e-06
BTCUSDT,1697443200000,2.8e-07
BTCUSDT,1697472000000,9.644e-05
BTCUSDT,1697500800000,2.04e-06
BTCUSDT,1697529600000,1.493e-05
BTCUSDT,1697558400000,-2.311e-05
BTCUSDT,1697587200000,-3.343e-05
BTCUSDT,1697616000000,-1.216e-05
BTCUSDT,1697644800000,1.644e-05
BTCUSDT,1697673600000,-1.028e-05
BTCUSDT,1697702400000,-6.24e-06
BTCUSDT,1697731200000,-0.00011006
BTCUSDT,1697760000000,-9.272e-05
BTCUSDT,1697788800000,1.938e-05
BTCUSDT,1697817600000,2.687e-05
BTCUSDT,1697846400000,-1.585e-05
BTCUSDT,1697875200000,4.374e-05
BTCUSDT,1697904000000,5.827e-05
BTCUSDT,1697932800000,2.567e-05
BTCUSDT,1697961600000,2.579e-05
BTCUSDT,1697990400000,3.115e-05
BTCUSDT,1698019200000,8.25e-05
BTCUSDT,1698048000000,9.59e-05
BTCUSDT,1698076800000,6.48e-06
BTCUSDT,1698105600000,0.0001
BTCUSDT,1698134400000,0.0001
BTCUSDT,1698163200000,0.0001
BTCUSDT,1698192000000,0.0001
BTCUSDT,1698220800000,0.0001
BTCUSDT,1698249600000,0.0001
BTCUSDT,1698278400000,0.0001
BTCUSDT,1698307200000,0.0001
BTCUSDT,1698336000000,0.0001
BTCUSDT,1698364800000,0.0001
BTCUSDT,1698393600000,0.0001
BTCUSDT,1698422400000,0.0001
BTCUSDT,1698451200000,0.0001
BTCUSDT,1698480000000,0.0001
BTCUSDT,1698508800000,0.0001
BTCUSDT,1698537600000,0.0001
BTCUSDT,1698566400000,0.0001
BTCUSDT,1698595200000,0.0001
BTCUSDT,1698624000000,0.0001
BTCUSDT,1698652800000,0.0001
BTCUSDT,1698681600000,0.0001
BTCUSDT,1698710400000,0.0001
BTCUSDT,1698739200000,0.0001
BTCUSDT,1698768000000,0.0001
BTCUSDT,1698796800000,0.0001
BTCUSDT,1698825600000,0.0001
BTCUSDT,1698854400000,0.0001
BTCUSDT,1698883200000,0.0001
BTCUSDT,1698912000000,0.0001
BTCUSDT,1698940800000,0.0001
BTCUSDT,1698969600000,0.0001
BTCUSDT,1698998400000,0.0001
BTCUSDT,1699027200000,0.0001
BTCUSDT,1699056000000,0.0001
BTCUSDT,1699084800000,0.0001
BTCUSDT,1699113600000,0.0001
BTCUSDT,1699142400000,0.0001
BTCUSDT,1699171200000,0.0001
BTCUSDT,1699200000000,0.0001
BTCUSDT,1699228800000,0.0001
BTCUSDT,1699257600000,0.0001
BTCUSDT,1699286400000,0.0001
BTCUSDT,1699315200000,0.0001
BTCUSDT,1699344000000,0.0001
BTCUSDT,1699372800000,0.0001
BTCUSDT,1699401600000,0.0001
BTCUSDT,1699430400000,0.0001
BTCUSDT,1699459200000,0.0001
BTCUSDT,1699488000000,0.0001
BTCUSDT,1699516800000,0.0001
BTCUSDT,1699545600000,0.00020027
BTCUSDT,1699574400000,0.0001
BTCUSDT,1699603200000,0.00011682
BTCUSDT,1699632000000,0.0001
BTCUSDT,1699660800000,0.0001
BTCUSDT,1699689600000,0.00016607
BTCUSDT,1699718400000,0.00014648
BTCUSDT,1699747200000,0.0001543
BTCUSDT,1699776000000,0.00023487
BTCUSDT,1699804800000,0.00027221
BTCUSDT,1699833600000,0.00032467
BTCUSDT,1699862400000,0.00010893
BTCUSDT,1699891200000,0.00020492
BTCUSDT,1699920000000,0.00017382
BTCUSDT,1699948800000,0.00016369
BTCUSDT,1699977600000,0.00014477
BTCUSDT,1700006400000,0.0001
BTCUSDT,1700035200000,0.0001
BTCUSDT,1700064000000,0.0001
BTCUSDT,1700092800000,0.0001
BTCUSDT,1700121600000,0.00015199
BTCUSDT,1700150400000,0.00012014
BTCUSDT,1700179200000,0.0001
BTCUSDT,1700208000000,0.0001
BTCUSDT,1700236800000,0.0001
BTCUSDT,1700265600000,0.0001
BTCUSDT,1700294400000,0.0001
BTCUSDT,1700323200000,0.0001
BTCUSDT,1700352000000,0.0001
BTCUSDT,1700380800000,0.0001
BTCUSDT,1700409600000,0.0001
BTCUSDT,1700438400000,0.0001
BTCUSDT,1700467200000,0.0001
BTCUSDT,1700496000000,0.0001
BTCUSDT,1700524800000,0.0001
BTCUSDT,1700553600000,0.0001
BTCUSDT,1700582400000,0.0001
BTCUSDT,1700611200000,0.0001
BTCUSDT,1700640000000,0.0001
BTCUSDT,1700668800000,0.0001
BTCUSDT,1700697600000,0.0001
BTCUSDT,1700726400000,0.0001
BTCUSDT,1700755200000,0.0001
BTCUSDT,1700784000000,0.0001
BTCUSDT,1700812800000,0.0001
BTCUSDT,1700841600000,0.0001
BTCUSDT,1700870400000,0.0001
BTCUSDT,1700899200000,0.0001
BTCUSDT,1700928000000,0.0001
BTCUSDT,1700956800000,0.0001
BTCUSDT,1700985600000,0.0001
BTCUSDT,1701014400000,0.0001
BTCUSDT,1701043200000,0.0001
BTCUSDT,1701072000000,0.0001
BTCUSDT,1701100800000,0.0001
BTCUSDT,1701129600000,0.0001
BTCUSDT,1701158400000,0.0001
BTCUSDT,1701187200000,0.0001
BTCUSDT,1701216000000,0.0001
BTCUSDT,1701244800000,0.0001
BTCUSDT,1701273600000,0.0001
BTCUSDT,1701302400000,0.0001
BTCUSDT,1701331200000,0.0001
BTCUSDT,1701360000000,0.0001
BTCUSDT,1701388800000,0.0001
BTCUSDT,1701417600000,0.0001
BTCUSDT,1701446400000,0.0001
BTCUSDT,1701475200000,9.95e-05
BTCUSDT,1701504000000,6.973e-05
BTCUSDT,1701532800000,8.541e-05
BTCUSDT,1701561600000,0.0001
BTCUSDT,1701590400000,0.0001
BTCUSDT,1701619200000,0.0001
BTCUSDT,1701648000000,0.0001
BTCUSDT,1701676800000,0.0001
BTCUSDT,1701705600000,0.0001
BTCUSDT,1701734400000,0.0001
BTCUSDT,1701763200000,0.0001
BTCUSDT,1701792000000,0.0001
BTCUSDT,1701820800000,0.0001
BTCUSDT,1701849600000,0.0001
BTCUSDT,1701878400000,0.0001
BTCUSDT,1701907200000,0.0001
BTCUSDT,1701936000000,0.0001
BTCUSDT,1701964800000,0.0001
BTCUSDT,1701993600000,0.0001
BTCUSDT,1702022400000,0.00023288
BTCUSDT,1702051200000,0.00020242
BTCUSDT,1702080000000,0.00011504
BTCUSDT,1702108800000,0.00030159
BTCUSDT,1702137600000,0.00017192
BTCUSDT,1702166400000,0.00020724
BTCUSDT,1702195200000,0.00020383
BTCUSDT,1702224000000,0.00023923
BTCUSDT,1702252800000,0.0001473
BTCUSDT,1702281600000,0.0001
BTCUSDT,1702310400000,0.0001
BTCUSDT,1702339200000,0.0001
BTCUSDT,1702368000000,0.0001
BTCUSDT,1702396800000,0.0001
BTCUSDT,1702425600000,0.00011909
BTCUSDT,1702454400000,0.00010162
BTCUSDT,1702483200000,0.00012601
BTCUSDT,1702512000000,0.0001
BTCUSDT,1702540800000,0.0001
BTCUSDT,1702569600000,0.0001
BTCUSDT,1702598400000,0.0001
BTCUSDT,1702627200000,0.0001
BTCUSDT,1702656000000,0.0001
BTCUSDT,1702684800000,0.0001
BTCUSDT,1702713600000,0.0001
BTCUSDT,1702742400000,0.0001
BTCUSDT,1702771200000,0.0001
BTCUSDT,1702800000000,0.0001
BTCUSDT,1702828800000,0.0001
BTCUSDT,1702857600000,0.00013355
BTCUSDT,1702886400000,0.0001
BTCUSDT,1702915200000,0.00015611
BTCUSDT,1702944000000,0.0001
BTCUSDT,1702972800000,0.0001
BTCUSDT,1703001600000,0.0001
BTCUSDT,1703030400000,0.00010506
BTCUSDT,1703059200000,0.0001
BTCUSDT,1703088000000,0.00023637
BTCUSDT,1703116800000,0.00027143
BTCUSDT,1703145600000,0.00029216
BTCUSDT,1703174400000,0.00028948
BTCUSDT,1703203200000,0.00030806
BTCUSDT,1703232000000,0.0002961
BTCUSDT,1703260800000,0.00018011
BTCUSDT,1703289600000,0.00016285
BTCUSDT,1703318400000,0.0001
BTCUSDT,1703347200000,0.00015066
BTCUSDT,1703376000000,0.0001
BTCUSDT,1703404800000,0.0002079
BTCUSDT,1703433600000,0.00019729
BTCUSDT,1703462400000,0.0001
BTCUSDT,1703491200000,0.0001
BTCUSDT,1703520000000,0.00037908
BTCUSDT,1703548800000,0.00043391
BTCUSDT,1703577600000,0.00023757
BTCUSDT,1703606400000,0.00029559
BTCUSDT,1703635200000,0.00027621
BTCUSDT,1703664000000,0.00037942
BTCUSDT,1703692800000,0.00032304
BTCUSDT,1703721600000,0.00013021
BTCUSDT,1703750400000,0.00037879
BTCUSDT,1703779200000,0.00050152
BTCUSDT,1703808000000,0.0005517
BTCUSDT,1703836800000,0.00049912
BTCUSDT,1703865600000,0.00047082
BTCUSDT,1703894400000,0.00033033
BTCUSDT,1703923200000,0.0004358
BTCUSDT,1703952000000,0.00037842
BTCUSDT,1703980800000,0.00027855
BTCUSDT,1704009600000,0.00034573
BTCUSDT,1704038400000,0.00033597
BTCUSDT,1704067200000,0.00037409
BTCUSDT,1704096000000,0.00027213
BTCUSDT,1704124800000,0.00033601
BTCUSDT,1704153600000,0.00065846
BTCUSDT,1704182400000,0.00035179
BTCUSDT,1704211200000,0.0005373
BTCUSDT,1704240000000,0.00021159
BTCUSDT,1704268800000,0.00017123
BTCUSDT,1704297600000,0.0001
BTCUSDT,1704326400000,0.0001
BTCUSDT,1704355200000,0.0001
BTCUSDT,1704384000000,0.0001
BTCUSDT,1704412800000,0.0001
BTCUSDT,1704441600000,0.0001
BTCUSDT,1704470400000,0.0001
BTCUSDT,1704499200000,0.0001
BTCUSDT,1704528000000,0.0001
BTCUSDT,1704556800000,0.0001
BTCUSDT,1704585600000,0.0001
BTCUSDT,1704614400000,0.0001
BTCUSDT,1704643200000,0.0001
BTCUSDT,1704672000000,0.0001
BTCUSDT,1704700800000,0.0001
BTCUSDT,1704729600000,0.0001
BTCUSDT,1704758400000,0.0001
BTCUSDT,1704787200000,0.0001
BTCUSDT,1704816000000,0.0001
BTCUSDT,1704844800000,0.0001
BTCUSDT,1704873600000,0.0001
BTCUSDT,1704902400000,0.0001
BTCUSDT,1704931200000,0.0001
BTCUSDT,1704960000000,0.0001
BTCUSDT,1704988800000,0.0001
BTCUSDT,1705017600000,0.0001
BTCUSDT,1705046400000,0.0001
BTCUSDT,1705075200000,0.0001
BTCUSDT,1705104000000,0.0001
BTCUSDT,1705132800000,0.0001
BTCUSDT,1705161600000,0.0001
BTCUSDT,1705190400000,0.0001
BTCUSDT,1705219200000,0.0001
BTCUSDT,1705248000000,0.0001
BTCUSDT,1705276800000,0.0001
BTCUSDT,1705305600000,0.0001
BTCUSDT,1705334400000,0.0001
BTCUSDT,1705363200000,0.0001
BTCUSDT,1705392000000,0.0001
BTCUSDT,1705420800000,0.0001
BTCUSDT,1705449600000,0.0001
BTCUSDT,1705478400000,0.0001
BTCUSDT,1705507200000,0.0001
BTCUSDT,1705536000000,0.0001
BTCUSDT,1705564800000,0.0001
BTCUSDT,1705593600000,0.0001
BTCUSDT,1705622400000,0.0001
BTCUSDT,1705651200000,0.0001
BTCUSDT,1705680000000,0.0001
BTCUSDT,1705708800000,0.0001
BTCUSDT,1705737600000,0.0001
BTCUSDT,1705766400000,0.0001
BTCUSDT,1705795200000,0.0001
BTCUSDT,1705824000000,0.0001
BTCUSDT,1705852800000,0.0001
BTCUSDT,1705881600000,0.0001
BTCUSDT,1705910400000,0.0001
BTCUSDT,1705939200000,0.0001
BTCUSDT,1705968000000,0.0001
BTCUSDT,1705996800000,0.0001
BTCUSDT,1706025600000,0.0001
BTCUSDT,1706054400000,0.0001
BTCUSDT,1706083200000,0.0001
BTCUSDT,1706112000000,0.0001
BTCUSDT,1706140800000,0.0001
BTCUSDT,1706169600000,0.0001
BTCUSDT,1706198400000,0.0001
BTCUSDT,1706227200000,0.0001
BTCUSDT,1706256000000,0.0001
BTCUSDT,1706284800000,0.0001
BTCUSDT,1706313600000,8.966e-05
BTCUSDT,1706342400000,0.0001
BTCUSDT,1706371200000,8.3e-05
BTCUSDT,1706400000000,0.0001
BTCUSDT,1706428800000,4.725e-05
BTCUSDT,1706457600000,0.0001
BTCUSDT,1706486400000,0.0001
BTCUSDT,1706515200000,9.142e-05
BTCUSDT,1706544000000,0.0001
BTCUSDT,1706572800000,0.0001
BTCUSDT,1706601600000,9.492e-05
BTCUSDT,1706630400000,5.149e-05
BTCUSDT,1706659200000,2.154e-05
BTCUSDT,1706688000000,0.0001
BTCUSDT,1706716800000,0.0001
BTCUSDT,1706745600000,0.0001
BTCUSDT,1706774400000,0.0001
BTCUSDT,1706803200000,0.0001
BTCUSDT,1706832000000,0.0001
BTCUSDT,1706860800000,0.0001
BTCUSDT,1706889600000,0.0001
BTCUSDT,1706918400000,7.627e-05
BTCUSDT,1706947200000,9.042e-05
BTCUSDT,1706976000000,8.028e-05
BTCUSDT,1707004800000,8.307e-05
BTCUSDT,1707033600000,8.846e-05
BTCUSDT,1707062400000,0.0001
BTCUSDT,1707091200000,0.0001
BTCUSDT,1707120000000,0.0001
BTCUSDT,1707148800000,0.0001
BTCUSDT,1707177600000,0.0001
BTCUSDT,1707206400000,6.723e-05
BTCUSDT,1707235200000,0.0001
BTCUSDT,1707264000000,7.527e-05
BTCUSDT,1707292800000,5.373e-05
BTCUSDT,1707321600000,8.306e-05
BTCUSDT,1707350400000,0.0001
BTCUSDT,1707379200000,6.535e-05
BTCUSDT,1707408000000,2.59e-05
BTCUSDT,1707436800000,3.16e-05
BTCUSDT,1707465600000,0.0001
BTCUSDT,1707494400000,9.801e-05
BTCUSDT,1707523200000,8.041e-05
BTCUSDT,1707552000000,0.0001
BTCUSDT,1707580800000,0.0001
BTCUSDT,1707609600000,0.0001
BTCUSDT,1707638400000,0.0001
BTCUSDT,1707667200000,0.0001
BTCUSDT,1707696000000,0.0001
BTCUSDT,1707724800000,0.0001
BTCUSDT,1707753600000,0.0001
BTCUSDT,1707782400000,0.0001
BTCUSDT,1707811200000,0.0001
BTCUSDT,1707840000000,0.0001
BTCUSDT,1707868800000,0.0001
BTCUSDT,1707897600000,0.0001
BTCUSDT,1707926400000,0.00012283
BTCUSDT,1707955200000,0.0001
BTCUSDT,1707984000000,0.0001
BTCUSDT,1708012800000,0.0001
BTCUSDT,1708041600000,0.0001
BTCUSDT,1708070400000,0.0001
BTCUSDT,1708099200000,0.0001
BTCUSDT,1708128000000,0.0001
BTCUSDT,1708156800000,0.0001
BTCUSDT,1708185600000,0.00016041
BTCUSDT,1708214400000,0.0001724
BTCUSDT,1708243200000,0.00015305
BTCUSDT,1708272000000,0.00017095
BTCUSDT,1708300800000,0.00023064
BTCUSDT,1708329600000,0.00019594
BTCUSDT,1708358400000,0.00013327
BTCUSDT,1708387200000,0.00010461
BTCUSDT,1708416000000,0.00010912
BTCUSDT,1708444800000,0.00020259
BTCUSDT,1708473600000,0.0001
BTCUSDT,1708502400000,0.00011242
BTCUSDT,1708531200000,0.0001
BTCUSDT,1708560000000,0.0001
BTCUSDT,1708588800000,0.0001348
BTCUSDT,1708617600000,0.00012557
BTCUSDT,1708646400000,0.0001
BTCUSDT,1708675200000,0.0001
BTCUSDT,1708704000000,0.00012991
BTCUSDT,1708732800000,0.0001
BTCUSDT,1708761600000,0.0001
BTCUSDT,1708790400000,0.0001
BTCUSDT,1708819200000,0.00011438
BTCUSDT,1708848000000,0.00015012
BTCUSDT,1708876800000,0.00015062
BTCUSDT,1708905600000,0.00026761
BTCUSDT,1708934400000,0.00021567
BTCUSDT,1708963200000,0.00027227
BTCUSDT,1708992000000,0.00032262
BTCUSDT,1709020800000,0.00073521
BTCUSDT,1709049600000,0.00022965
BTCUSDT,1709078400000,0.00026729
BTCUSDT,1709107200000,0.00023682
BTCUSDT,1709136000000,0.00053538
BTCUSDT,1709164800000,0.00069091
BTCUSDT,1709193600000,0.00076337
BTCUSDT,1709222400000,0.00057031
BTCUSDT,1709251200000,0.00053322
BTCUSDT,1709280000000,0.00064824
BTCUSDT,1709308800000,0.0004601
BTCUSDT,1709337600000,0.00033426
BTCUSDT,1709366400000,0.00057174
BTCUSDT,1709395200000,0.00056396
BTCUSDT,1709424000000,0.00046267
BTCUSDT,1709452800000,0.00042989
BTCUSDT,1709481600000,0.00044598
BTCUSDT,1709510400000,0.00055071
BTCUSDT,1709539200000,0.00046833
BTCUSDT,1709568000000,0.0006362
BTCUSDT,1709596800000,0.0004896
BTCUSDT,1709625600000,0.00082969
BTCUSDT,1709654400000,0.00088148
BTCUSDT,1709683200000,0.0003628
BTCUSDT,1709712000000,0.00033876
BTCUSDT,1709740800000,0.00049354
BTCUSDT,1709769600000,0.00030311
BTCUSDT,1709798400000,0.00040984
BTCUSDT,1709827200000,0.00054217
BTCUSDT,1709856000000,0.00034819
BTCUSDT,1709884800000,0.00043497
BTCUSDT,1709913600000,0.00062913
BTCUSDT,1709942400000,0.00019134
BTCUSDT,1709971200000,0.00031281
BTCUSDT,1710000000000,0.00026407
BTCUSDT,1710028800000,0.0003101
BTCUSDT,1710057600000,0.00063451
BTCUSDT,1710086400000,0.00054479
BTCUSDT,1710115200000,0.00035489
BTCUSDT,1710144000000,0.00078428
BTCUSDT,1710172800000,0.00066396
BTCUSDT,1710201600000,0.0004447
BTCUSDT,1710230400000,0.000453
BTCUSDT,1710259200000,0.00047935
BTCUSDT,1710288000000,0.00033224
BTCUSDT,1710316800000,0.0006442
BTCUSDT,1710345600000,0.00045402
BTCUSDT,1710374400000,0.00024393
BTCUSDT,1710403200000,0.00038753
BTCUSDT,1710432000000,0.00038258
BTCUSDT,1710460800000,0.00038515
BTCUSDT,1710489600000,0.00014328
BTCUSDT,1710518400000,0.00015306
BTCUSDT,1710547200000,0.0001
BTCUSDT,1710576000000,0.00023202
BTCUSDT,1710604800000,0.00020813
BTCUSDT,1710633600000,0.00013089
BTCUSDT,1710662400000,0.00017773
BTCUSDT,1710691200000,0.00024827
BTCUSDT,1710720000000,0.00020181
BTCUSDT,1710748800000,0.00030597
BTCUSDT,1710777600000,0.00027195
BTCUSDT,1710806400000,0.00026923
BTCUSDT,1710835200000,0.00029065
BTCUSDT,1710864000000,0.00024018
BTCUSDT,1710892800000,0.00015847
BTCUSDT,1710921600000,0.00018388
BTCUSDT,1710950400000,0.0001
BTCUSDT,1710979200000,0.00010403
BTCUSDT,1711008000000,0.00019304
BTCUSDT,1711036800000,0.0001951
BTCUSDT,1711065600000,0.00016271
BTCUSDT,1711094400000,0.0001
BTCUSDT,1711123200000,0.00011993
BTCUSDT,1711152000000,0.0001
BTCUSDT,1711180800000,0.0001
BTCUSDT,1711209600000,0.00010806
BTCUSDT,1711238400000,0.00010351
BTCUSDT,1711267200000,0.00014616
BTCUSDT,1711296000000,0.00015884
BTCUSDT,1711324800000,0.00025549
BTCUSDT,1711353600000,0.00016324
BTCUSDT,1711382400000,0.00028815
BTCUSDT,1711411200000,0.00021963
BTCUSDT,1711440000000,0.00018348
BTCUSDT,1711468800000,0.00026764
BTCUSDT,1711497600000,0.00028757
BTCUSDT,1711526400000,0.00029551
BTCUSDT,1711555200000,0.00043631
BTCUSDT,1711584000000,0.00024195
BTCUSDT,1711612800000,0.00029899
BTCUSDT,1711641600000,0.0002943
BTCUSDT,1711670400000,0.0001825
BTCUSDT,1711699200000,0.00025456
BTCUSDT,1711728000000,0.0003017
BTCUSDT,1711756800000,0.00019624
BTCUSDT,1711785600000,0.00032267
BTCUSDT,1711814400000,0.0003436
BTCUSDT,1711843200000,0.00032351
BTCUSDT,1711872000000,0.00039889
BTCUSDT,1711900800000,0.00040301
BTCUSDT,1711929600000,0.00070161
BTCUSDT,1711958400000,0.00033491
BTCUSDT,1711987200000,0.00027469
BTCUSDT,1712016000000,0.00010926
BTCUSDT,1712044800000,0.0001
BTCUSDT,1712073600000,0.00016456
BTCUSDT,1712102400000,0.0001
BTCUSDT,1712131200000,0.0001
BTCUSDT,1712160000000,0.0001
BTCUSDT,1712188800000,0.0001
BTCUSDT,1712217600000,0.0001
BTCUSDT,1712246400000,0.0001
BTCUSDT,1712275200000,0.0001
BTCUSDT,1712304000000,0.0001
BTCUSDT,1712332800000,0.0001
BTCUSDT,1712361600000,0.0001
BTCUSDT,1712390400000,0.0001
BTCUSDT,1712419200000,0.0001
BTCUSDT,1712448000000,0.0001
BTCUSDT,1712476800000,0.0001
BTCUSDT,1712505600000,0.0001
BTCUSDT,1712534400000,0.0001
BTCUSDT,1712563200000,0.0001
BTCUSDT,1712592000000,0.00035189
BTCUSDT,1712620800000,0.00020915
BTCUSDT,1712649600000,0.00020603
BTCUSDT,1712678400000,0.00019061
BTCUSDT,1712707200000,0.00011929
BTCUSDT,1712736000000,0.00012457
BTCUSDT,1712764800000,0.0001
BTCUSDT,1712793600000,0.00013979
BTCUSDT,1712822400000,0.00020153
BTCUSDT,1712851200000,0.00019763
BTCUSDT,1712880000000,0.00011258
BTCUSDT,1712908800000,0.0002563
BTCUSDT,1712937600000,0.00012214
BTCUSDT,1712966400000,0.0001
BTCUSDT,1712995200000,0.0001
BTCUSDT,1713024000000,0.0001
BTCUSDT,1713052800000,0.0001
BTCUSDT,1713081600000,0.0001
BTCUSDT,1713110400000,0.0001
BTCUSDT,1713139200000,0.0001
BTCUSDT,1713168000000,1.759e-05
BTCUSDT,1713196800000,0.0001
BTCUSDT,1713225600000,5.953e-05
BTCUSDT,1713254400000,9.525e-05
BTCUSDT,1713283200000,3.513e-05
BTCUSDT,1713312000000,6.375e-05
BTCUSDT,1713340800000,3.574e-05
BTCUSDT,1713369600000,6.534e-05
BTCUSDT,1713398400000,6.937e-05
BTCUSDT,1713427200000,5.982e-05
BTCUSDT,1713456000000,-3.334e-05
BTCUSDT,1713484800000,-3.12e-05
BTCUSDT,1713513600000,6.641e-05
BTCUSDT,1713542400000,5.88e-05
BTCUSDT,1713571200000,0.0001
BTCUSDT,1713600000000,-7.66e-06
BTCUSDT,1713628800000,4.204e-05
BTCUSDT,1713657600000,3.186e-05
BTCUSDT,1713686400000,-2.093e-05
BTCUSDT,1713715200000,8.271e-05
BTCUSDT,1713744000000,4.409e-05
BTCUSDT,1713772800000,2.497e-05
BTCUSDT,1713801600000,8.98e-06
BTCUSDT,1713830400000,-1.236e-05
BTCUSDT,1713859200000,5.24e-05
BTCUSDT,1713888000000,-1.083e-05
BTCUSDT,1713916800000,1.413e-05
BTCUSDT,1713945600000,5.302e-05
BTCUSDT,1713974400000,7.047e-05
BTCUSDT,1714003200000,7.02e-05
BTCUSDT,1714032000000,4.069e-05
BTCUSDT,1714060800000,1.14e-05
BTCUSDT,1714089600000,1.709e-05
BTCUSDT,1714118400000,6.85e-06
BTCUSDT,1714147200000,5.562e-05
BTCUSDT,1714176000000,0.0001
BTCUSDT,1714204800000,7.47e-05
BTCUSDT,1714233600000,2.834e-05
BTCUSDT,1714262400000,1.006e-05
BTCUSDT,1714291200000,-2.081e-05
BTCUSDT,1714320000000,2.782e-05
BTCUSDT,1714348800000,2.472e-05
BTCUSDT,1714377600000,5.544e-05
BTCUSDT,1714406400000,6.828e-05
BTCUSDT,1714435200000,9.74e-05
BTCUSDT,1714464000000,9.154e-05
BTCUSDT,1714492800000,0.0001
BTCUSDT,1714521600000,0.0001
BTCUSDT,1714550400000,8.946e-05
BTCUSDT,1714579200000,9.902e-05
BTCUSDT,1714608000000,6.634e-05
BTCUSDT,1714636800000,6.169e-05
BTCUSDT,1714665600000,-1.23e-06
BTCUSDT,1714694400000,-1.549e-05
BTCUSDT,1714723200000,-3.764e-05
BTCUSDT,1714752000000,8.091e-05
BTCUSDT,1714780800000,2.703e-05
BTCUSDT,1714809600000,7.455e-05
BTCUSDT,1714838400000,6.265e-05
BTCUSDT,1714867200000,6.906e-05
BTCUSDT,1714896000000,6.47e-06
BTCUSDT,1714924800000,3.893e-05
BTCUSDT,1714953600000,6.02e-06
BTCUSDT,1714982400000,-1.031e-05
BTCUSDT,1715011200000,7.746e-05
BTCUSDT,1715040000000,6.064e-05
BTCUSDT,1715068800000,1.581e-05
BTCUSDT,1715097600000,9.028e-05
BTCUSDT,1715126400000,4.891e-05
BTCUSDT,1715155200000,5.553e-05
BTCUSDT,1715184000000,9.292e-05
BTCUSDT,1715212800000,5.648e-05
BTCUSDT,1715241600000,3.315e-05
BTCUSDT,1715270400000,7.253e-05
BTCUSDT,1715299200000,1.026e-05
BTCUSDT,1715328000000,5.934e-05
BTCUSDT,1715356800000,7.653e-05
BTCUSDT,1715385600000,8.881e-05
BTCUSDT,1715414400000,3.771e-05
BTCUSDT,1715443200000,5.067e-05
BTCUSDT,1715472000000,2.604e-05
BTCUSDT,1715500800000,2.83e-05
BTCUSDT,1715529600000,0.0001
BTCUSDT,1715558400000,0.0001
BTCUSDT,1715587200000,8.469e-05
BTCUSDT,1715616000000,9.151e-05
BTCUSDT,1715644800000,9.866e-05
BTCUSDT,1715673600000,0.0001
BTCUSDT,1715702400000,4.392e-05
BTCUSDT,1715731200000,0.0001
BTCUSDT,1715760000000,-3.85e-06
BTCUSDT,1715788800000,2.373e-05
BTCUSDT,1715817600000,2.103e-05
BTCUSDT,1715846400000,5.148e-05
BTCUSDT,1715875200000,3.543e-05
BTCUSDT,1715904000000,4.647e-05
BTCUSDT,1715932800000,8.15e-06
BTCUSDT,1715961600000,-2.98e-06
BTCUSDT,1715990400000,6.28e-06
BTCUSDT,1716019200000,8.012e-05
BTCUSDT,1716048000000,-7.92e-06
BTCUSDT,1716076800000,3.339e-05
BTCUSDT,1716105600000,5.21e-05
BTCUSDT,1716134400000,4.779e-05
BTCUSDT,1716163200000,5.607e-05
BTCUSDT,1716192000000,2.479e-05
BTCUSDT,1716220800000,2.552e-05
BTCUSDT,1716249600000,0.0001
BTCUSDT,1716278400000,0.00010517
BTCUSDT,1716307200000,0.0001
BTCUSDT,1716336000000,0.0001
BTCUSDT,1716364800000,0.00015759
BTCUSDT,1716393600000,0.0001
BTCUSDT,1716422400000,0.0001
BTCUSDT,1716451200000,0.0001
BTCUSDT,1716480000000,0.0001
BTCUSDT,1716508800000,0.0001
BTCUSDT,1716537600000,0.0001
BTCUSDT,1716566400000,0.0001
BTCUSDT,1716595200000,0.0001
BTCUSDT,1716624000000,0.0001
BTCUSDT,1716652800000,0.0001
BTCUSDT,1716681600000,0.0001
BTCUSDT,1716710400000,0.0001
BTCUSDT,1716739200000,0.0001
BTCUSDT,1716768000000,0.0001
BTCUSDT,1716796800000,0.0001
BTCUSDT,1716825600000,0.0001
BTCUSDT,1716854400000,0.0001
BTCUSDT,1716883200000,0.0001
BTCUSDT,1716912000000,0.0001
BTCUSDT,1716940800000,0.0001
BTCUSDT,1716969600000,0.0001
BTCUSDT,1716998400000,0.00012558
BTCUSDT,1717027200000,0.0001
BTCUSDT,1717056000000,0.0001
BTCUSDT,1717084800000,0.0001
BTCUSDT,1717113600000,0.00014599
BTCUSDT,1717142400000,0.00012268
BTCUSDT,1717171200000,0.0001
BTCUSDT,1717200000000,0.0001
BTCUSDT,1717228800000,0.0001
BTCUSDT,1717257600000,0.0001025
BTCUSDT,1717286400000,0.0001
BTCUSDT,1717315200000,0.0001
BTCUSDT,1717344000000,0.0001
BTCUSDT,1717372800000,0.0001
BTCUSDT,1717401600000,0.00014135
BTCUSDT,1717430400000,0.0001
BTCUSDT,1717459200000,0.00012008
BTCUSDT,1717488000000,0.0001
BTCUSDT,1717516800000,0.0001
BTCUSDT,1717545600000,0.0001
BTCUSDT,1717574400000,0.00016387
BTCUSDT,1717603200000,0.00013226
BTCUSDT,1717632000000,0.0001
BTCUSDT,1717660800000,0.00010438
BTCUSDT,1717689600000,0.0001177
BTCUSDT,1717718400000,0.0001
BTCUSDT,1717747200000,0.0001
BTCUSDT,1717776000000,0.00010166
BTCUSDT,1717804800000,0.0001
BTCUSDT,1717833600000,0.0001
BTCUSDT,1717862400000,0.0001
BTCUSDT,1717891200000,0.0001
BTCUSDT,1717920000000,0.0001
BTCUSDT,1717948800000,0.0001
BTCUSDT,1717977600000,0.0001
BTCUSDT,1718006400000,0.0001
BTCUSDT,1718035200000,0.0001
BTCUSDT,1718064000000,0.0001
BTCUSDT,1718092800000,0.0001
BTCUSDT,1718121600000,0.0001
BTCUSDT,1718150400000,0.0001
BTCUSDT,1718179200000,0.0001
BTCUSDT,1718208000000,0.0001
BTCUSDT,1718236800000,0.0001
BTCUSDT,1718265600000,0.0001
BTCUSDT,1718294400000,0.0001
BTCUSDT,1718323200000,0.0001
BTCUSDT,1718352000000,0.0001
BTCUSDT,1718380800000,0.0001
BTCUSDT,1718409600000,0.0001
BTCUSDT,1718438400000,0.0001
BTCUSDT,1718467200000,0.0001
BTCUSDT,1718496000000,0.0001
BTCUSDT,1718524800000,0.0001
BTCUSDT,1718553600000,0.0001
BTCUSDT,1718582400000,0.0001
BTCUSDT,1718611200000,0.0001
BTCUSDT,1718640000000,0.0001
BTCUSDT,1718668800000,0.0001
BTCUSDT,1718697600000,8.236e-05
BTCUSDT,1718726400000,0.0001
BTCUSDT,1718755200000,0.0001
BTCUSDT,1718784000000,4.127e-05
BTCUSDT,1718812800000,2.967e-05
BTCUSDT,1718841600000,3.934e-05
BTCUSDT,1718870400000,5.953e-05
BTCUSDT,1718899200000,6.879e-05
BTCUSDT,1718928000000,3.344e-05
BTCUSDT,1718956800000,7.328e-05
BTCUSDT,1718985600000,0.0001
BTCUSDT,1719014400000,0.0001
BTCUSDT,1719043200000,4.146e-05
BTCUSDT,1719072000000,0.0001
BTCUSDT,1719100800000,0.0001
BTCUSDT,1719129600000,2.307e-05
BTCUSDT,1719158400000,4.676e-05
BTCUSDT,1719187200000,9.534e-05
BTCUSDT,1719216000000,0.0001
BTCUSDT,1719244800000,7.488e-05
BTCUSDT,1719273600000,7.447e-05
BTCUSDT,1719302400000,5.949e-05
BTCUSDT,1719331200000,7.752e-05
BTCUSDT,1719360000000,0.0001
BTCUSDT,1719388800000,0.0001
BTCUSDT,1719417600000,0.0001
BTCUSDT,1719446400000,0.0001
BTCUSDT,1719475200000,0.0001
BTCUSDT,1719504000000,0.0001
BTCUSDT,1719532800000,0.0001
BTCUSDT,1719561600000,0.0001
BTCUSDT,1719590400000,0.0001
BTCUSDT,1719619200000,0.0001
BTCUSDT,1719648000000,0.0001
BTCUSDT,1719676800000,0.0001
BTCUSDT,1719705600000,0.0001
BTCUSDT,1719734400000,0.0001
BTCUSDT,1719763200000,0.0001
BTCUSDT,1719792000000,0.0001
BTCUSDT,1719820800000,0.0001
BTCUSDT,1719849600000,0.0001
BTCUSDT,1719878400000,0.0001
BTCUSDT,1719907200000,0.0001
BTCUSDT,1719936000000,0.0001
BTCUSDT,1719964800000,0.0001
BTCUSDT,1719993600000,0.0001
BTCUSDT,1720022400000,0.0001
BTCUSDT,1720051200000,0.0001
BTCUSDT,1720080000000,0.0001
BTCUSDT,1720108800000,0.0001
BTCUSDT,1720137600000,0.0001
BTCUSDT,1720166400000,0.0001
BTCUSDT,1720195200000,1.762e-05
BTCUSDT,1720224000000,5.729e-05
BTCUSDT,1720252800000,7.512e-05
BTCUSDT,1720281600000,3.25e-05
BTCUSDT,1720310400000,8.164e-05
BTCUSDT,1720339200000,0.0001
BTCUSDT,1720368000000,0.0001
BTCUSDT,1720396800000,7.905e-05
BTCUSDT,1720425600000,8.222e-05
BTCUSDT,1720454400000,0.0001
BTCUSDT,1720483200000,0.0001
BTCUSDT,1720512000000,8.61e-06
BTCUSDT,1720540800000,0.0001
BTCUSDT,1720569600000,0.0001
BTCUSDT,1720598400000,9.225e-05
BTCUSDT,1720627200000,5.485e-05
BTCUSDT,1720656000000,0.0001
BTCUSDT,1720684800000,0.0001
BTCUSDT,1720713600000,0.0001
BTCUSDT,1720742400000,6.378e-05
BTCUSDT,1720771200000,3.026e-05
BTCUSDT,1720800000000,4.037e-05
BTCUSDT,1720828800000,8.319e-05
BTCUSDT,1720857600000,6.865e-05
BTCUSDT,1720886400000,0.0001
BTCUSDT,1720915200000,8.737e-05
BTCUSDT,1720944000000,3.71e-05
BTCUSDT,1720972800000,8.342e-05
BTCUSDT,1721001600000,4.59e-05
BTCUSDT,1721030400000,3.202e-05
BTCUSDT,1721059200000,-5.14e-06
BTCUSDT,1721088000000,-5.062e-05
BTCUSDT,1721116800000,8.814e-05
BTCUSDT,1721145600000,2.717e-05
BTCUSDT,1721174400000,-3.419e-05
BTCUSDT,1721203200000,1.775e-05
BTCUSDT,1721232000000,2.143e-05
BTCUSDT,1721260800000,6.89e-06
BTCUSDT,1721289600000,1.546e-05
BTCUSDT,1721318400000,3.127e-05
BTCUSDT,1721347200000,4.029e-05
BTCUSDT,1721376000000,4.855e-05
BTCUSDT,1721404800000,4.606e-05
BTCUSDT,1721433600000,-3.077e-05
BTCUSDT,1721462400000,1.944e-05
BTCUSDT,1721491200000,1.622e-05
BTCUSDT,1721520000000,-5.313e-05
BTCUSDT,1721548800000,2.194e-05
BTCUSDT,1721577600000,6.46e-06
BTCUSDT,1721606400000,9.136e-05
BTCUSDT,1721635200000,5.953e-05
BTCUSDT,1721664000000,2.769e-05
BTCUSDT,1721692800000,4.709e-05
BTCUSDT,1721721600000,4.31e-05
BTCUSDT,1721750400000,4.642e-05
BTCUSDT,1721779200000,0.0001
BTCUSDT,1721808000000,0.0001
BTCUSDT,1721836800000,0.0001
BTCUSDT,1721865600000,0.0001
BTCUSDT,1721894400000,0.0001
BTCUSDT,1721923200000,0.0001
BTCUSDT,1721952000000,0.0001
BTCUSDT,1721980800000,0.0001
BTCUSDT,1722009600000,3.34e-05
BTCUSDT,1722038400000,6.547e-05
BTCUSDT,1722067200000,8.022e-05
BTCUSDT,1722096000000,9.109e-05
BTCUSDT,1722124800000,8.18e-05
BTCUSDT,1722153600000,9.177e-05
BTCUSDT,1722182400000,2.804e-05
BTCUSDT,1722211200000,8.361e-05
BTCUSDT,1722240000000,5.623e-05
BTCUSDT,1722268800000,0.0001
BTCUSDT,1722297600000,3.396e-05
BTCUSDT,1722326400000,3.562e-05
BTCUSDT,1722355200000,7.691e-05
BTCUSDT,1722384000000,3.063e-05
BTCUSDT,1722412800000,7.178e-05
BTCUSDT,1722441600000,3.826e-05
BTCUSDT,1722470400000,8.208e-05
BTCUSDT,1722499200000,0.0001
BTCUSDT,1722528000000,0.0001
BTCUSDT,1722556800000,0.0001
BTCUSDT,1722585600000,0.0001
BTCUSDT,1722614400000,0.0001
BTCUSDT,1722643200000,0.0001
BTCUSDT,1722672000000,9.788e-05
BTCUSDT,1722700800000,4.247e-05
BTCUSDT,1722729600000,0.0001
BTCUSDT,1722758400000,5.343e-05
BTCUSDT,1722787200000,0.0001
BTCUSDT,1722816000000,0.0001
BTCUSDT,1722844800000,4.429e-05
BTCUSDT,1722873600000,5.967e-05
BTCUSDT,1722902400000,3.566e-05
BTCUSDT,1722931200000,-2.845e-05
BTCUSDT,1722960000000,4.485e-05
BTCUSDT,1722988800000,-7.3e-06
BTCUSDT,1723017600000,-6.859e-05
BTCUSDT,1723046400000,3.241e-05
BTCUSDT,1723075200000,2.637e-05
BTCUSDT,1723104000000,3.086e-05
BTCUSDT,1723132800000,1.147e-05
BTCUSDT,1723161600000,4.994e-05
BTCUSDT,1723190400000,2.184e-05
BTCUSDT,1723219200000,4.846e-05
BTCUSDT,1723248000000,-3.942e-05
BTCUSDT,1723276800000,-1.379e-05
BTCUSDT,1723305600000,-1.949e-05
BTCUSDT,1723334400000,4.049e-05
BTCUSDT,1723363200000,-1.839e-05
BTCUSDT,1723392000000,1.185e-05
BTCUSDT,1723420800000,1.113e-05
BTCUSDT,1723449600000,8.783e-05
BTCUSDT,1723478400000,-2.238e-05
BTCUSDT,1723507200000,6.14e-05
BTCUSDT,1723536000000,5.21e-06
BTCUSDT,1723564800000,-3.902e-05
BTCUSDT,1723593600000,1.152e-05
BTCUSDT,1723622400000,-1.33e-05
BTCUSDT,1723651200000,-7.811e-05
BTCUSDT,1723680000000,-8.488e-05
BTCUSDT,1723708800000,6.339e-05
BTCUSDT,1723737600000,-6.181e-05
BTCUSDT,1723766400000,-0.00011235
BTCUSDT,1723795200000,-7.387e-05
BTCUSDT,1723824000000,-5.57e-06
BTCUSDT,1723852800000,1.912e-05
BTCUSDT,1723881600000,4.177e-05
BTCUSDT,1723910400000,-1.52e-06
BTCUSDT,1723939200000,3.966e-05
BTCUSDT,1723968000000,-1.323e-05
BTCUSDT,1723996800000,-3.149e-05
BTCUSDT,1724025600000,-3.616e-05
BTCUSDT,1724054400000,-6.75e-05
BTCUSDT,1724083200000,-1.957e-05
BTCUSDT,1724112000000,-2.656e-05
BTCUSDT,1724140800000,1.349e-05
BTCUSDT,1724169600000,1.419e-05
BTCUSDT,1724198400000,-6.756e-05
BTCUSDT,1724227200000,-5.91e-06
BTCUSDT,1724256000000,3.96e-06
BTCUSDT,1724284800000,-2.229e-05
BTCUSDT,1724313600000,1.338e-05
BTCUSDT,1724342400000,-7.261e-05
BTCUSDT,1724371200000,-3.329e-05
BTCUSDT,1724400000000,2.391e-05
BTCUSDT,1724428800000,-4.317e-05
BTCUSDT,1724457600000,-7.72e-06
BTCUSDT,1724486400000,-7.23e-06
BTCUSDT,1724515200000,6.395e-05
BTCUSDT,1724544000000,-4.806e-05
BTCUSDT,1724572800000,-1.531e-05
BTCUSDT,1724601600000,3.108e-05
BTCUSDT,1724630400000,2.439e-05
BTCUSDT,1724659200000,3.448e-05
BTCUSDT,1724688000000,3.789e-05
BTCUSDT,1724716800000,2.795e-05
BTCUSDT,1724745600000,1.751e-05
BTCUSDT,1724774400000,7.753e-05
BTCUSDT,1724803200000,-6.803e-05
BTCUSDT,1724832000000,2.433e-05
BTCUSDT,1724860800000,1.143e-05
BTCUSDT,1724889600000,-9.76e-06
BTCUSDT,1724918400000,-1.644e-05
BTCUSDT,1724947200000,5.59e-06
BTCUSDT,1724976000000,9.36e-06
BTCUSDT,1725004800000,3.578e-05
BTCUSDT,1725033600000,2.927e-05
BTCUSDT,1725062400000,-1.749e-05
BTCUSDT,1725091200000,3.578e-05
BTCUSDT,1725120000000,3.8e-05
BTCUSDT,1725148800000,4.113e-05
BTCUSDT,1725177600000,-3.432e-05
BTCUSDT,1725206400000,-3.82e-06
BTCUSDT,1725235200000,-3.386e-05
BTCUSDT,1725264000000,2.48e-06
BTCUSDT,1725292800000,-3.63e-06
BTCUSDT,1725321600000,6.245e-05
BTCUSDT,1725350400000,5.123e-05
BTCUSDT,1725379200000,4.598e-05
BTCUSDT,1725408000000,2.209e-05
BTCUSDT,1725436800000,1.05e-05
BTCUSDT,1725465600000,-1.47e-05
BTCUSDT,1725494400000,9.016e-05
BTCUSDT,1725523200000,2.025e-05
BTCUSDT,1725552000000,2.49e-05
BTCUSDT,1725580800000,2.28e-05
BTCUSDT,1725609600000,-1e-08
BTCUSDT,1725638400000,1.428e-05
BTCUSDT,1725667200000,-5.57e-06
BTCUSDT,1725696000000,-7.634e-05
BTCUSDT,1725724800000,-7.236e-05
BTCUSDT,1725753600000,3.745e-05
BTCUSDT,1725782400000,-5.999e-05
BTCUSDT,1725811200000,-5.245e-05
BTCUSDT,1725840000000,-7.585e-05
BTCUSDT,1725868800000,-7.108e-05
BTCUSDT,1725897600000,-3.875e-05
BTCUSDT,1725926400000,-6.028e-05
BTCUSDT,1725955200000,-2.93e-05
BTCUSDT,1725984000000,-1.126e-05
BTCUSDT,1726012800000,-8.953e-05
BTCUSDT,1726041600000,-2.247e-05
BTCUSDT,1726070400000,-5.212e-05
BTCUSDT,1726099200000,-1.951e-05
BTCUSDT,1726128000000,-5.46e-06
BTCUSDT,1726156800000,-2.95e-05
BTCUSDT,1726185600000,-6.9e-07
BTCUSDT,1726214400000,-8.69e-06
BTCUSDT,1726243200000,-2.443e-05
BTCUSDT,1726272000000,-8.699e-05
BTCUSDT,1726300800000,8.59e-06
BTCUSDT,1726329600000,2.326e-05
BTCUSDT,1726358400000,-4.91e-06
BTCUSDT,1726387200000,1e-08
BTCUSDT,1726416000000,4.02e-06
BTCUSDT,1726444800000,2.402e-05
BTCUSDT,1726473600000,3.564e-05
BTCUSDT,1726502400000,6.762e-05
BTCUSDT,1726531200000,8.529e-05
BTCUSDT,1726560000000,1.911e-05
BTCUSDT,1726588800000,5.327e-05
BTCUSDT,1726617600000,1.344e-05
BTCUSDT,1726646400000,1.678e-05
BTCUSDT,1726675200000,4.648e-05
BTCUSDT,1726704000000,3.512e-05
BTCUSDT,1726732800000,2.949e-05
BTCUSDT,1726761600000,4.072e-05
BTCUSDT,1726790400000,8.065e-05
BTCUSDT,1726819200000,-5.03e-06
BTCUSDT,1726848000000,5.543e-05
BTCUSDT,1726876800000,4.638e-05
BTCUSDT,1726905600000,0.0001
BTCUSDT,1726934400000,8.234e-05
BTCUSDT,1726963200000,6.285e-05
BTCUSDT,1726992000000,9.254e-05
BTCUSDT,1727020800000,5.537e-05
BTCUSDT,1727049600000,6.546e-05
BTCUSDT,1727078400000,1.364e-05
BTCUSDT,1727107200000,5.304e-05
BTCUSDT,1727136000000,2.324e-05
BTCUSDT,1727164800000,2.895e-05
BTCUSDT,1727193600000,-1.82e-06
BTCUSDT,1727222400000,1.223e-05
BTCUSDT,1727251200000,1.141e-05
BTCUSDT,1727280000000,1.336e-05
BTCUSDT,1727308800000,1.65e-05
BTCUSDT,1727337600000,6.246e-05
BTCUSDT,1727366400000,0.0001
BTCUSDT,1727395200000,0.0001
BTCUSDT,1727424000000,6.722e-05
BTCUSDT,1727452800000,2.275e-05
BTCUSDT,1727481600000,5.455e-05
BTCUSDT,1727510400000,8.3e-05
BTCUSDT,1727539200000,1.414e-05
BTCUSDT,1727568000000,7.25e-06
BTCUSDT,1727596800000,3.128e-05
BTCUSDT,1727625600000,7.253e-05
BTCUSDT,1727654400000,3.077e-05
BTCUSDT,1727683200000,7.939e-05
BTCUSDT,1727712000000,0.0001
BTCUSDT,1727740800000,0.0001
BTCUSDT,1727769600000,0.0001
BTCUSDT,1727798400000,0.0001
BTCUSDT,1727827200000,6.632e-05
BTCUSDT,1727856000000,8.409e-05
BTCUSDT,1727884800000,8.191e-05
BTCUSDT,1727913600000,4.381e-05
BTCUSDT,1727942400000,3.746e-05
BTCUSDT,1727971200000,4.99e-05
BTCUSDT,1728000000000,7.097e-05
BTCUSDT,1728028800000,2.119e-05
BTCUSDT,1728057600000,2.43e-06
BTCUSDT,1728086400000,-1.596e-05
BTCUSDT,1728115200000,1.088e-05
BTCUSDT,1728144000000,8.61e-06
BTCUSDT,1728172800000,5.72e-06
BTCUSDT,1728201600000,3.288e-05
BTCUSDT,1728230400000,4.18e-05
BTCUSDT,1728259200000,4.573e-05
BTCUSDT,1728288000000,-9.52e-06
BTCUSDT,1728316800000,2.177e-05
BTCUSDT,1728345600000,-1.678e-05
BTCUSDT,1728374400000,7.094e-05
BTCUSDT,1728403200000,8.1e-05
BTCUSDT,1728432000000,0.0001
BTCUSDT,1728460800000,5.138e-05
BTCUSDT,1728489600000,7.939e-05
BTCUSDT,1728518400000,2.09e-05
BTCUSDT,1728547200000,1.532e-05
BTCUSDT,1728576000000,0.0001
BTCUSDT,1728604800000,2.231e-05
BTCUSDT,1728633600000,-1.874e-05
BTCUSDT,1728662400000,1.2e-06
BTCUSDT,1728691200000,4.558e-05
BTCUSDT,1728720000000,7.664e-05
BTCUSDT,1728748800000,-1.489e-05
BTCUSDT,1728777600000,6.93e-06
BTCUSDT,1728806400000,1.638e-05
BTCUSDT,1728835200000,3.938e-05
BTCUSDT,1728864000000,5.429e-05
BTCUSDT,1728892800000,0.0001
BTCUSDT,1728921600000,0.0001
BTCUSDT,1728950400000,0.0001
BTCUSDT,1728979200000,0.0001
BTCUSDT,1729008000000,0.0001
BTCUSDT,1729036800000,8.325e-05
BTCUSDT,1729065600000,8.5e-05
BTCUSDT,1729094400000,0.0001
BTCUSDT,1729123200000,0.0001
BTCUSDT,1729152000000,0.0001
BTCUSDT,1729180800000,0.0001
BTCUSDT,1729209600000,0.0001
BTCUSDT,1729238400000,0.0001
BTCUSDT,1729267200000,0.0001
BTCUSDT,1729296000000,0.0001
BTCUSDT,1729324800000,0.0001
BTCUSDT,1729353600000,0.0001
BTCUSDT,1729382400000,0.0001
BTCUSDT,1729411200000,0.0001
BTCUSDT,1729440000000,0.0001
BTCUSDT,1729468800000,0.0001
BTCUSDT,1729497600000,0.0001
BTCUSDT,1729526400000,0.0001
BTCUSDT,1729555200000,0.0001
BTCUSDT,1729584000000,0.0001
BTCUSDT,1729612800000,0.0001
BTCUSDT,1729641600000,0.0001
BTCUSDT,1729670400000,0.0001
BTCUSDT,1729699200000,0.0001
BTCUSDT,1729728000000,0.0001
BTCUSDT,1729756800000,0.0001
BTCUSDT,1729785600000,0.0001
BTCUSDT,1729814400000,0.0001
BTCUSDT,1729843200000,0.0001
BTCUSDT,1729872000000,0.0001
BTCUSDT,1729900800000,4.755e-05
BTCUSDT,1729929600000,7.569e-05
BTCUSDT,1729958400000,0.0001
BTCUSDT,1729987200000,0.0001
BTCUSDT,1730016000000,9.724e-05
BTCUSDT,1730044800000,0.0001
BTCUSDT,1730073600000,9.425e-05
BTCUSDT,1730102400000,0.0001
BTCUSDT,1730131200000,8.946e-05
BTCUSDT,1730160000000,0.0001
BTCUSDT,1730188800000,0.0001
BTCUSDT,1730217600000,0.0001
BTCUSDT,1730246400000,0.0001
BTCUSDT,1730275200000,0.0001
BTCUSDT,1730304000000,0.0001
BTCUSDT,1730332800000,0.0001
BTCUSDT,1730361600000,0.0001
BTCUSDT,1730390400000,0.0001
BTCUSDT,1730419200000,0.0001
BTCUSDT,1730448000000,0.0001
BTCUSDT,1730476800000,0.0001
BTCUSDT,1730505600000,0.0001
BTCUSDT,1730534400000,0.0001
BTCUSDT,1730563200000,0.0001
BTCUSDT,1730592000000,0.0001
BTCUSDT,1730620800000,0.0001
BTCUSDT,1730649600000,0.0001
BTCUSDT,1730678400000,0.0001
BTCUSDT,1730707200000,0.0001
BTCUSDT,1730736000000,0.0001
BTCUSDT,1730764800000,0.0001
BTCUSDT,1730793600000,0.0001
BTCUSDT,1730822400000,0.0001
BTCUSDT,1730851200000,0.0001
BTCUSDT,1730880000000,0.0001
BTCUSDT,1730908800000,0.0001
BTCUSDT,1730937600000,0.0001
BTCUSDT,1730966400000,0.0001
BTCUSDT,1730995200000,0.0001
BTCUSDT,1731024000000,0.0001
BTCUSDT,1731052800000,0.0001
BTCUSDT,1731081600000,0.0001
BTCUSDT,1731110400000,0.0001
BTCUSDT,1731139200000,0.0001
BTCUSDT,1731168000000,0.0001
BTCUSDT,1731196800000,0.0001
BTCUSDT,1731225600000,0.00025603
BTCUSDT,1731254400000,0.00014113
BTCUSDT,1731283200000,0.00036878
BTCUSDT,1731312000000,0.0001
BTCUSDT,1731340800000,0.0001
BTCUSDT,1731369600000,0.00049133
BTCUSDT,1731398400000,0.00043737
BTCUSDT,1731427200000,0.00038754
BTCUSDT,1731456000000,0.0001
BTCUSDT,1731484800000,0.00013101
BTCUSDT,1731513600000,0.00021856
BTCUSDT,1731542400000,0.0001
BTCUSDT,1731571200000,0.0001
BTCUSDT,1731600000000,0.0001
BTCUSDT,1731628800000,0.0001
BTCUSDT,1731657600000,0.0001
BTCUSDT,1731686400000,0.00010977
BTCUSDT,1731715200000,0.0001
BTCUSDT,1731744000000,0.0001
BTCUSDT,1731772800000,0.00013231
BTCUSDT,1731801600000,0.00015765
BTCUSDT,1731830400000,0.0001
BTCUSDT,1731859200000,0.00010577
BTCUSDT,1731888000000,0.0001
BTCUSDT,1731916800000,0.0003645
BTCUSDT,1731945600000,0.00021318
BTCUSDT,1731974400000,0.00021606
BTCUSDT,1732003200000,0.00030216
BTCUSDT,1732032000000,0.00017959
BTCUSDT,1732060800000,0.0001
BTCUSDT,1732089600000,0.0001
BTCUSDT,1732118400000,0.0001
BTCUSDT,1732147200000,0.0001
BTCUSDT,1732176000000,0.0001
BTCUSDT,1732204800000,0.0001
BTCUSDT,1732233600000,0.0001
BTCUSDT,1732262400000,0.0001
BTCUSDT,1732291200000,0.0001
BTCUSDT,1732320000000,0.0001
BTCUSDT,1732348800000,0.0001
BTCUSDT,1732377600000,0.0001
BTCUSDT,1732406400000,0.0001
BTCUSDT,1732435200000,0.00016148
BTCUSDT,1732464000000,0.00023228
BTCUSDT,1732492800000,0.00021035
BTCUSDT,1732521600000,0.0001
BTCUSDT,1732550400000,0.00025233
BTCUSDT,1732579200000,0.00021902
BTCUSDT,1732608000000,0.00017936
BTCUSDT,1732636800000,0.00029599
BTCUSDT,1732665600000,0.00031205
BTCUSDT,1732694400000,0.00016795
BTCUSDT,1732723200000,0.0001
BTCUSDT,1732752000000,0.0001
BTCUSDT,1732780800000,0.00014326
BTCUSDT,1732809600000,0.00011859
BTCUSDT,1732838400000,0.00020619
BTCUSDT,1732867200000,0.00011747
BTCUSDT,1732896000000,0.00021921
BTCUSDT,1732924800000,0.0001
BTCUSDT,1732953600000,0.00015909
BTCUSDT,1732982400000,0.00012063
BTCUSDT,1733011200000,0.00015901
BTCUSDT,1733040000000,0.00019581
BTCUSDT,1733068800000,0.0001
BTCUSDT,1733097600000,0.00025726
BTCUSDT,1733126400000,0.00024556
BTCUSDT,1733155200000,0.00013387
BTCUSDT,1733184000000,0.00012779
BTCUSDT,1733212800000,0.00024926
BTCUSDT,1733241600000,0.00011952
BTCUSDT,1733270400000,0.00026634
BTCUSDT,1733299200000,0.00026254
BTCUSDT,1733328000000,0.00023234
BTCUSDT,1733356800000,0.00027625
BTCUSDT,1733385600000,0.00072446
BTCUSDT,1733414400000,0.00047059
BTCUSDT,1733443200000,0.0001
BTCUSDT,1733472000000,0.00014634
BTCUSDT,1733500800000,0.0001
BTCUSDT,1733529600000,0.00031972
BTCUSDT,1733558400000,0.00012374
BTCUSDT,1733587200000,0.0001409
BTCUSDT,1733616000000,0.00016985
BTCUSDT,1733644800000,0.00016572
BTCUSDT,1733673600000,0.0001758
BTCUSDT,1733702400000,0.00030413
BTCUSDT,1733731200000,0.00021032
BTCUSDT,1733760000000,0.00011115
BTCUSDT,1733788800000,0.0001
BTCUSDT,1733817600000,0.0001
BTCUSDT,1733846400000,0.0001
BTCUSDT,1733875200000,0.0001
BTCUSDT,1733904000000,0.0001
BTCUSDT,1733932800000,0.0001
BTCUSDT,1733961600000,0.0001
BTCUSDT,1733990400000,0.0001
BTCUSDT,1734019200000,0.0001
BTCUSDT,1734048000000,0.0001
BTCUSDT,1734076800000,0.0001
BTCUSDT,1734105600000,0.0001
BTCUSDT,1734134400000,6.75e-05
BTCUSDT,1734163200000,0.0001
BTCUSDT,1734192000000,0.0001
BTCUSDT,1734220800000,0.0001
BTCUSDT,1734249600000,8.194e-05
BTCUSDT,1734278400000,0.0001
BTCUSDT,1734307200000,0.0001
BTCUSDT,1734336000000,0.0001
BTCUSDT,1734364800000,9.181e-05
BTCUSDT,1734393600000,7.866e-05
BTCUSDT,1734422400000,0.0001
BTCUSDT,1734451200000,0.0001
BTCUSDT,1734480000000,0.0001
BTCUSDT,1734508800000,9.159e-05
BTCUSDT,1734537600000,0.0001
BTCUSDT,1734566400000,0.0001
BTCUSDT,1734595200000,0.0001
BTCUSDT,1734624000000,0.0001
BTCUSDT,1734652800000,0.0001
BTCUSDT,1734681600000,0.0001
BTCUSDT,1734710400000,0.0001
BTCUSDT,1734739200000,0.0001
BTCUSDT,1734768000000,1.206e-05
BTCUSDT,1734796800000,0.0001
BTCUSDT,1734825600000,0.0001
BTCUSDT,1734854400000,0.0001
BTCUSDT,1734883200000,9.629e-05
BTCUSDT,1734912000000,0.0001
BTCUSDT,1734940800000,0.0001
BTCUSDT,1734969600000,8.981e-05
BTCUSDT,1734998400000,0.0001
BTCUSDT,1735027200000,0.0001
BTCUSDT,1735056000000,0.0001
BTCUSDT,1735084800000,0.0001
BTCUSDT,1735113600000,0.0001
BTCUSDT,1735142400000,0.0001
BTCUSDT,1735171200000,9.827e-05
BTCUSDT,1735200000000,7.453e-05
BTCUSDT,1735228800000,8.585e-05
BTCUSDT,1735257600000,0.0001
BTCUSDT,1735286400000,0.0001
BTCUSDT,1735315200000,0.0001
BTCUSDT,1735344000000,0.0001
BTCUSDT,1735372800000,7.639e-05
BTCUSDT,1735401600000,5.173e-05
BTCUSDT,1735430400000,8.013e-05
BTCUSDT,1735459200000,0.0001
BTCUSDT,1735488000000,0.0001
BTCUSDT,1735516800000,-4.2e-07
BTCUSDT,1735545600000,8.791e-05
BTCUSDT,1735574400000,0.0001
BTCUSDT,1735603200000,0.0001
BTCUSDT,1735632000000,0.0001
BTCUSDT,1735660800000,0.0001
BTCUSDT,1735689600000,0.0001
BTCUSDT,1735718400000,0.0001
BTCUSDT,1735747200000,0.0001
BTCUSDT,1735776000000,0.0001
BTCUSDT,1735804800000,0.0001
BTCUSDT,1735833600000,0.0001
BTCUSDT,1735862400000,0.0001
BTCUSDT,1735891200000,0.0001
BTCUSDT,1735920000000,5.242e-05
BTCUSDT,1735948800000,7.699e-05
BTCUSDT,1735977600000,0.0001
BTCUSDT,1736006400000,7.98e-06
BTCUSDT,1736035200000,0.0001
BTCUSDT,1736064000000,0.0001
BTCUSDT,1736092800000,8.32e-05
BTCUSDT,1736121600000,0.0001
BTCUSDT,1736150400000,0.0001
BTCUSDT,1736179200000,0.0001
BTCUSDT,1736208000000,0.0001
BTCUSDT,1736236800000,8.903e-05
BTCUSDT,1736265600000,8.279e-05
BTCUSDT,1736294400000,0.0001
BTCUSDT,1736323200000,0.0001
BTCUSDT,1736352000000,0.0001
BTCUSDT,1736380800000,0.0001
BTCUSDT,1736409600000,9.834e-05
BTCUSDT,1736438400000,-5.44e-06
BTCUSDT,1736467200000,3.966e-05
BTCUSDT,1736496000000,-1.06e-05
BTCUSDT,1736524800000,8.078e-05
BTCUSDT,1736553600000,5.68e-05
BTCUSDT,1736582400000,4.055e-05
BTCUSDT,1736611200000,2.608e-05
BTCUSDT,1736640000000,5.009e-05
BTCUSDT,1736668800000,3.21e-05
BTCUSDT,1736697600000,6.647e-05
BTCUSDT,1736726400000,5.266e-05
BTCUSDT,1736755200000,6.989e-05
BTCUSDT,1736784000000,8.81e-06
BTCUSDT,1736812800000,0.0001
BTCUSDT,1736841600000,0.0001
BTCUSDT,1736870400000,9.496e-05
BTCUSDT,1736899200000,4.989e-05
BTCUSDT,1736928000000,8.795e-05
BTCUSDT,1736956800000,5.844e-05
BTCUSDT,1736985600000,7.28e-06
BTCUSDT,1737014400000,7.568e-05
BTCUSDT,1737043200000,4.598e-05
BTCUSDT,1737072000000,4.597e-05
BTCUSDT,1737100800000,9.386e-05
BTCUSDT,1737129600000,3.432e-05
BTCUSDT,1737158400000,6.707e-05
BTCUSDT,1737187200000,0.0001
BTCUSDT,1737216000000,0.0001
BTCUSDT,1737244800000,0.0001
BTCUSDT,1737273600000,0.0001
BTCUSDT,1737302400000,0.0001
BTCUSDT,1737331200000,0.0001
BTCUSDT,1737360000000,0.0001
BTCUSDT,1737388800000,0.0001
BTCUSDT,1737417600000,0.0001
BTCUSDT,1737446400000,0.0001
BTCUSDT,1737475200000,0.0001
BTCUSDT,1737504000000,0.0001
BTCUSDT,1737532800000,0.0001
BTCUSDT,1737561600000,0.0001
BTCUSDT,1737590400000,8.654e-05
BTCUSDT,1737619200000,0.0001
BTCUSDT,1737648000000,8.616e-05
BTCUSDT,1737676800000,3.34e-06
BTCUSDT,1737705600000,7.537e-05
BTCUSDT,1737734400000,9.54e-05
BTCUSDT,1737763200000,5.702e-05
BTCUSDT,1737792000000,8.495e-05
BTCUSDT,1737820800000,7.782e-05
BTCUSDT,1737849600000,8.363e-05
BTCUSDT,1737878400000,0.0001
BTCUSDT,1737907200000,8.443e-05
BTCUSDT,1737936000000,9.084e-05
BTCUSDT,1737964800000,3.712e-05
BTCUSDT,1737993600000,9.8e-07
BTCUSDT,1738022400000,0.0001
BTCUSDT,1738051200000,3.714e-05
BTCUSDT,1738080000000,9.848e-05
BTCUSDT,1738108800000,0.0001
BTCUSDT,1738137600000,0.0001
BTCUSDT,1738166400000,9.949e-05
BTCUSDT,1738195200000,7.59e-05
BTCUSDT,1738224000000,0.0001
BTCUSDT,1738252800000,9.499e-05
BTCUSDT,1738281600000,1.225e-05
BTCUSDT,1738310400000,0.0001
BTCUSDT,1738339200000,0.0001
BTCUSDT,1738368000000,8.098e-05
BTCUSDT,1738396800000,5.369e-05
BTCUSDT,1738425600000,5.968e-05
BTCUSDT,1738454400000,5.824e-05
BTCUSDT,1738483200000,3.38e-05
BTCUSDT,1738512000000,-8.61e-06
BTCUSDT,1738540800000,0.0001
BTCUSDT,1738569600000,0.0001
BTCUSDT,1738598400000,4.845e-05
BTCUSDT,1738627200000,2.612e-05
BTCUSDT,1738656000000,6.8e-05
BTCUSDT,1738684800000,4.138e-05
BTCUSDT,1738713600000,-4.61e-06
BTCUSDT,1738742400000,4.774e-05
BTCUSDT,1738771200000,1.61e-05
BTCUSDT,1738800000000,2.186e-05
BTCUSDT,1738828800000,-2.38e-06
BTCUSDT,1738857600000,5.903e-05
BTCUSDT,1738886400000,7.983e-05
BTCUSDT,1738915200000,6.989e-05
BTCUSDT,1738944000000,5.167e-05
BTCUSDT,1738972800000,-4.1e-05
BTCUSDT,1739001600000,1.137e-05
BTCUSDT,1739030400000,3.24e-06
BTCUSDT,1739059200000,3.873e-05
BTCUSDT,1739088000000,9.6e-05
BTCUSDT,1739116800000,2.839e-05
BTCUSDT,1739145600000,1.802e-05
BTCUSDT,1739174400000,9.176e-05
BTCUSDT,1739203200000,7.457e-05
BTCUSDT,1739232000000,4.218e-05
BTCUSDT,1739260800000,7.09e-05
BTCUSDT,1739289600000,-2.446e-05
BTCUSDT,1739318400000,1.298e-05
BTCUSDT,1739347200000,4.899e-05
BTCUSDT,1739376000000,4.96e-05
BTCUSDT,1739404800000,0.0001
BTCUSDT,1739433600000,4.117e-05
BTCUSDT,1739462400000,8.05e-06
BTCUSDT,1739491200000,4.1e-05
BTCUSDT,1739520000000,5.51e-05
BTCUSDT,1739548800000,7.093e-05
BTCUSDT,1739577600000,5.5e-07
BTCUSDT,1739606400000,3.297e-05
BTCUSDT,1739635200000,3.735e-05
BTCUSDT,1739664000000,3.39e-05
BTCUSDT,1739692800000,1.82e-06
BTCUSDT,1739721600000,3.799e-05
BTCUSDT,1739750400000,6.239e-05
BTCUSDT,1739779200000,6.397e-05
BTCUSDT,1739808000000,2.009e-05
BTCUSDT,1739836800000,9.488e-05
BTCUSDT,1739865600000,0.0001
BTCUSDT,1739894400000,0.0001
BTCUSDT,1739923200000,7.007e-05
BTCUSDT,1739952000000,7.779e-05
BTCUSDT,1739980800000,8.96e-05
BTCUSDT,1740009600000,2.42e-05
BTCUSDT,1740038400000,3.269e-05
BTCUSDT,1740067200000,7.346e-05
BTCUSDT,1740096000000,1.23e-06
BTCUSDT,1740124800000,2.286e-05
BTCUSDT,1740153600000,-9.7e-07
BTCUSDT,1740182400000,0.0001
BTCUSDT,1740211200000,6.466e-05
BTCUSDT,1740240000000,2.318e-05
BTCUSDT,1740268800000,4.112e-05
BTCUSDT,1740297600000,3.14e-05
BTCUSDT,1740326400000,1.478e-05
BTCUSDT,1740355200000,-2.97e-05
BTCUSDT,1740384000000,6.881e-05
BTCUSDT,1740412800000,2.05e-05
BTCUSDT,1740441600000,0.0001
BTCUSDT,1740470400000,5.245e-05
BTCUSDT,1740499200000,1.385e-05
BTCUSDT,1740528000000,3.521e-05
BTCUSDT,1740556800000,6.005e-05
BTCUSDT,1740585600000,0.0001
BTCUSDT,1740614400000,9.305e-05
BTCUSDT,1740643200000,-6.17e-06
BTCUSDT,1740672000000,9.433e-05
BTCUSDT,1740700800000,9.444e-05
BTCUSDT,1740729600000,9.521e-05
BTCUSDT,1740758400000,-3.73e-06
BTCUSDT,1740787200000,-1.4e-07
BTCUSDT,1740816000000,-6.108e-05
BTCUSDT,1740844800000,-8.58e-06
BTCUSDT,1740873600000,-1.094e-05
BTCUSDT,1740902400000,-2.783e-05
BTCUSDT,1740931200000,-2.869e-05
BTCUSDT,1740960000000,-5.518e-05
BTCUSDT,1740988800000,7.91e-06
BTCUSDT,1741017600000,5.272e-05
BTCUSDT,1741046400000,-1.526e-05
BTCUSDT,1741075200000,-2.7e-06
BTCUSDT,1741104000000,1.306e-05
BTCUSDT,1741132800000,4.113e-05
BTCUSDT,1741161600000,2.722e-05
BTCUSDT,1741190400000,5.028e-05
BTCUSDT,1741219200000,3.538e-05
BTCUSDT,1741248000000,6.413e-05
BTCUSDT,1741276800000,6.818e-05
BTCUSDT,1741305600000,-6.12e-06
BTCUSDT,1741334400000,-1.539e-05
BTCUSDT,1741363200000,2.028e-05
BTCUSDT,1741392000000,5.328e-05
BTCUSDT,1741420800000,3.73e-06
BTCUSDT,1741449600000,1.208e-05
BTCUSDT,1741478400000,-2.779e-05
BTCUSDT,1741507200000,3.218e-05
BTCUSDT,1741536000000,0.0001
BTCUSDT,1741564800000,3.952e-05
BTCUSDT,1741593600000,1.344e-05
BTCUSDT,1741622400000,4.037e-05
BTCUSDT,1741651200000,4.705e-05
BTCUSDT,1741680000000,3.26e-05
BTCUSDT,1741708800000,8.746e-05
BTCUSDT,1741737600000,5.76e-06
BTCUSDT,1741766400000,5.815e-05
BTCUSDT,1741795200000,4.013e-05
BTCUSDT,1741824000000,4.3e-06
BTCUSDT,1741852800000,2.069e-05
BTCUSDT,1741881600000,3.19e-05
BTCUSDT,1741910400000,5.386e-05
BTCUSDT,1741939200000,5.331e-05
BTCUSDT,1741968000000,3.57e-06
BTCUSDT,1741996800000,-6.035e-05
BTCUSDT,1742025600000,-2.389e-05
BTCUSDT,1742054400000,-3.21e-06
BTCUSDT,1742083200000,4.32e-06
BTCUSDT,1742112000000,4.236e-05
BTCUSDT,1742140800000,1.247e-05
BTCUSDT,1742169600000,1.065e-05
BTCUSDT,1742198400000,8.474e-05
BTCUSDT,1742227200000,8.59e-06
BTCUSDT,1742256000000,7.03e-06
BTCUSDT,1742284800000,2.059e-05
BTCUSDT,1742313600000,3.514e-05
BTCUSDT,1742342400000,2e-06
BTCUSDT,1742371200000,5.961e-05
BTCUSDT,1742400000000,5.024e-05
BTCUSDT,1742428800000,1.944e-05
BTCUSDT,1742457600000,3.79e-05
BTCUSDT,1742486400000,1.086e-05
BTCUSDT,1742515200000,1.615e-05
BTCUSDT,1742544000000,5.324e-05
BTCUSDT,1742572800000,2.518e-05
BTCUSDT,1742601600000,2.836e-05
BTCUSDT,1742630400000,-1.77e-05
BTCUSDT,1742659200000,5.092e-05
BTCUSDT,1742688000000,2.099e-05
BTCUSDT,1742716800000,-1.84e-06
BTCUSDT,1742745600000,4.02e-05
BTCUSDT,1742774400000,2.039e-05
BTCUSDT,1742803200000,5.512e-05
BTCUSDT,1742832000000,-3.422e-05
BTCUSDT,1742860800000,-2.47e-06
BTCUSDT,1742889600000,1.15e-05
BTCUSDT,1742918400000,-3.776e-05
BTCUSDT,1742947200000,-2.99e-05
BTCUSDT,1742976000000,1.659e-05
BTCUSDT,1743004800000,-3.082e-05
BTCUSDT,1743033600000,3.136e-05
BTCUSDT,1743062400000,5.512e-05
BTCUSDT,1743091200000,-3.76e-05
BTCUSDT,1743120000000,1.584e-05
BTCUSDT,1743148800000,-4.57e-06
BTCUSDT,1743177600000,8.118e-05
BTCUSDT,1743206400000,5.364e-05
BTCUSDT,1743235200000,8.214e-05
BTCUSDT,1743264000000,2.53e-05
BTCUSDT,1743292800000,3.41e-06
BTCUSDT,1743321600000,4.27e-06
BTCUSDT,1743350400000,4.588e-05
BTCUSDT,1743379200000,2.643e-05
BTCUSDT,1743408000000,6.02e-05
BTCUSDT,1743436800000,1.845e-05
BTCUSDT,1743465600000,3.961e-05
BTCUSDT,1743494400000,2.889e-05
BTCUSDT,1743523200000,3.573e-05
BTCUSDT,1743552000000,-2.112e-05
BTCUSDT,1743580800000,3.036e-05
BTCUSDT,1743609600000,7.33e-06
BTCUSDT,1743638400000,5.862e-05
BTCUSDT,1743667200000,5.038e-05
BTCUSDT,1743696000000,6.484e-05
BTCUSDT,1743724800000,4.283e-05
BTCUSDT,1743753600000,4.736e-05
BTCUSDT,1743782400000,8.038e-05
BTCUSDT,1743811200000,8.559e-05
BTCUSDT,1743840000000,7.437e-05
BTCUSDT,1743868800000,4.08e-06
BTCUSDT,1743897600000,2.21e-06
BTCUSDT,1743926400000,5.363e-05
BTCUSDT,1743955200000,-6.03e-06
BTCUSDT,1743984000000,4.946e-05
BTCUSDT,1744012800000,6.857e-05
BTCUSDT,1744041600000,4.998e-05
BTCUSDT,1744070400000,4.074e-05
BTCUSDT,1744099200000,3.575e-05
BTCUSDT,1744128000000,3.134e-05
BTCUSDT,1744156800000,9.568e-05
BTCUSDT,1744185600000,-2.252e-05
BTCUSDT,1744214400000,6.856e-05
BTCUSDT,1744243200000,7.705e-05
BTCUSDT,1744272000000,1.14e-06
BTCUSDT,1744300800000,6.775e-05
BTCUSDT,1744329600000,2.065e-05
BTCUSDT,1744358400000,-4.294e-05
BTCUSDT,1744387200000,3.29e-05
BTCUSDT,1744416000000,3.654e-05
BTCUSDT,1744444800000,5.64e-05
BTCUSDT,1744473600000,5.388e-05
BTCUSDT,1744502400000,5.057e-05
BTCUSDT,1744531200000,8.429e-05
BTCUSDT,1744560000000,9.642e-05
BTCUSDT,1744588800000,8.113e-05
BTCUSDT,1744617600000,7.127e-05
BTCUSDT,1744646400000,2.428e-05
BTCUSDT,1744675200000,-2.073e-05
BTCUSDT,1744704000000,6.606e-05
BTCUSDT,1744732800000,1.883e-05
BTCUSDT,1744761600000,2.428e-05
BTCUSDT,1744790400000,6.917e-05
BTCUSDT,1744819200000,1.978e-05
BTCUSDT,1744848000000,1.404e-05
BTCUSDT,1744876800000,5.679e-05
BTCUSDT,1744905600000,3.425e-05
BTCUSDT,1744934400000,1.788e-05
BTCUSDT,1744963200000,7.071e-05
BTCUSDT,1744992000000,2.995e-05
BTCUSDT,1745020800000,2.93e-05
BTCUSDT,1745049600000,6.024e-05
BTCUSDT,1745078400000,-1.953e-05
BTCUSDT,1745107200000,-2.98e-06
BTCUSDT,1745136000000,-1.078e-05
BTCUSDT,1745164800000,-2.258e-05
BTCUSDT,1745193600000,5.232e-05
BTCUSDT,1745222400000,5.403e-05
BTCUSDT,1745251200000,1.553e-05
BTCUSDT,1745280000000,7.749e-05
BTCUSDT,1745308800000,-7.44e-06
BTCUSDT,1745337600000,-7.045e-05
BTCUSDT,1745366400000,-1.389e-05
BTCUSDT,1745395200000,1.374e-05
BTCUSDT,1745424000000,4.587e-05
BTCUSDT,1745452800000,-2.671e-05
BTCUSDT,1745481600000,5.21e-05
BTCUSDT,1745510400000,-2.165e-05
BTCUSDT,1745539200000,-1.764e-05
BTCUSDT,1745568000000,1.7e-06
BTCUSDT,1745596800000,1.2e-06
BTCUSDT,1745625600000,-0.00010085
BTCUSDT,1745654400000,-2.774e-05
BTCUSDT,1745683200000,2.855e-05
BTCUSDT,1745712000000,-1.5e-05
BTCUSDT,1745740800000,-6.6e-06
BTCUSDT,1745769600000,-4.21e-06
BTCUSDT,1745798400000,3.73e-06
BTCUSDT,1745827200000,2.46e-06
BTCUSDT,1745856000000,-5.821e-05
BTCUSDT,1745884800000,-7.73e-06
BTCUSDT,1745913600000,4.13e-06
BTCUSDT,1745942400000,1.305e-05
BTCUSDT,1745971200000,-5.181e-05
BTCUSDT,1746000000000,2.939e-05
BTCUSDT,1746028800000,-3.797e-05
BTCUSDT,1746057600000,3.519e-05
BTCUSDT,1746086400000,5.755e-05
BTCUSDT,1746115200000,-8.028e-05
BTCUSDT,1746144000000,-0.00012232
BTCUSDT,1746172800000,-9.382e-05
BTCUSDT,1746201600000,-8.689e-05
BTCUSDT,1746230400000,-5.953e-05
BTCUSDT,1746259200000,3.198e-05
BTCUSDT,1746288000000,-1.483e-05
BTCUSDT,1746316800000,3.7e-06
BTCUSDT,1746345600000,3.229e-05
BTCUSDT,1746374400000,3.745e-05
BTCUSDT,1746403200000,-2.404e-05
BTCUSDT,1746432000000,3.636e-05
BTCUSDT,1746460800000,-2.247e-05
BTCUSDT,1746489600000,1.978e-05
BTCUSDT,1746518400000,4.44e-05
BTCUSDT,1746547200000,7.57e-06
BTCUSDT,1746576000000,1.218e-05
BTCUSDT,1746604800000,-2.5e-07
BTCUSDT,1746633600000,1.32e-05
BTCUSDT,1746662400000,2.318e-05
BTCUSDT,1746691200000,4.608e-05
BTCUSDT,1746720000000,5.728e-05
BTCUSDT,1746748800000,0.0001
BTCUSDT,1746777600000,0.0001
BTCUSDT,1746806400000,4.378e-05
BTCUSDT,1746835200000,9.657e-05
BTCUSDT,1746864000000,0.0001
BTCUSDT,1746892800000,4.257e-05
BTCUSDT,1746921600000,0.0001
BTCUSDT,1746950400000,4.15e-05
BTCUSDT,1746979200000,0.0001
BTCUSDT,1747008000000,4.454e-05
BTCUSDT,1747036800000,0.0001
BTCUSDT,1747065600000,2.301e-05
BTCUSDT,1747094400000,6.847e-05
BTCUSDT,1747123200000,0.0001
BTCUSDT,1747152000000,7.256e-05
BTCUSDT,1747180800000,9.921e-05
BTCUSDT,1747209600000,7.542e-05
BTCUSDT,1747238400000,3.175e-05
BTCUSDT,1747267200000,2.978e-05
BTCUSDT,1747296000000,5.336e-05
BTCUSDT,1747324800000,1.439e-05
BTCUSDT,1747353600000,4.504e-05
BTCUSDT,1747382400000,7.535e-05
BTCUSDT,1747411200000,4.768e-05
BTCUSDT,1747440000000,2.821e-05
BTCUSDT,1747468800000,3.34e-05
BTCUSDT,1747497600000,5.97e-06
BTCUSDT,1747526400000,6.742e-05
BTCUSDT,1747555200000,5.903e-05
BTCUSDT,1747584000000,0.0001
BTCUSDT,1747612800000,5.99e-05
BTCUSDT,1747641600000,6.04e-05
BTCUSDT,1747670400000,2.11e-05
BTCUSDT,1747699200000,8.378e-05
BTCUSDT,1747728000000,7.107e-05
BTCUSDT,1747756800000,1.266e-05
BTCUSDT,1747785600000,8.767e-05
BTCUSDT,1747814400000,7.147e-05
BTCUSDT,1747843200000,5.119e-05
BTCUSDT,1747872000000,0.0001
BTCUSDT,1747900800000,0.0001
BTCUSDT,1747929600000,0.0001
BTCUSDT,1747958400000,9.321e-05
BTCUSDT,1747987200000,7.261e-05
BTCUSDT,1748016000000,8.614e-05
BTCUSDT,1748044800000,3.524e-05
BTCUSDT,1748073600000,4.59e-05
BTCUSDT,1748102400000,7.837e-05
BTCUSDT,1748131200000,9.794e-05
BTCUSDT,1748160000000,5.113e-05
BTCUSDT,1748188800000,3.651e-05
BTCUSDT,1748217600000,7.331e-05
BTCUSDT,1748246400000,0.0001
BTCUSDT,1748275200000,9.782e-05
BTCUSDT,1748304000000,7.65e-05
BTCUSDT,1748332800000,7.266e-05
BTCUSDT,1748361600000,2.476e-05
BTCUSDT,1748390400000,3.26e-05
BTCUSDT,1748419200000,2.164e-05
BTCUSDT,1748448000000,5.368e-05
BTCUSDT,1748476800000,3.186e-05
BTCUSDT,1748505600000,2.812e-05
BTCUSDT,1748534400000,8.379e-05
BTCUSDT,1748563200000,2.622e-05
BTCUSDT,1748592000000,3.849e-05
BTCUSDT,1748620800000,7.392e-05
BTCUSDT,1748649600000,8.506e-05
BTCUSDT,1748678400000,7.552e-05
BTCUSDT,1748707200000,4.687e-05
BTCUSDT,1748736000000,-5.82e-06
BTCUSDT,1748764800000,2.335e-05
BTCUSDT,1748793600000,4.117e-05
BTCUSDT,1748822400000,-6.42e-06
BTCUSDT,1748851200000,5.593e-05
BTCUSDT,1748880000000,4.467e-05
BTCUSDT,1748908800000,5.005e-05
BTCUSDT,1748937600000,6.066e-05
BTCUSDT,1748966400000,4.456e-05
BTCUSDT,1748995200000,-1.1e-07
BTCUSDT,1749024000000,2.611e-05
BTCUSDT,1749052800000,9.62e-06
BTCUSDT,1749081600000,7.4e-07
BTCUSDT,1749110400000,2.871e-05
BTCUSDT,1749139200000,5.156e-05
BTCUSDT,1749168000000,-3.491e-05
BTCUSDT,1749196800000,-3.03e-05
BTCUSDT,1749225600000,-2.995e-05
BTCUSDT,1749254400000,-2.89e-05
BTCUSDT,1749283200000,-3.158e-05
BTCUSDT,1749312000000,2.94e-06
BTCUSDT,1749340800000,4.808e-05
BTCUSDT,1749369600000,5.613e-05
BTCUSDT,1749398400000,-3.602e-05
BTCUSDT,1749427200000,-2.164e-05
BTCUSDT,1749456000000,4.024e-05
BTCUSDT,1749484800000,3.057e-05
BTCUSDT,1749513600000,6.374e-05
BTCUSDT,1749542400000,0.0001
BTCUSDT,1749571200000,8.165e-05
BTCUSDT,1749600000000,8.779e-05
BTCUSDT,1749628800000,8.39e-05
BTCUSDT,1749657600000,5.039e-05
BTCUSDT,1749686400000,1.856e-05
BTCUSDT,1749715200000,7.247e-05
BTCUSDT,1749744000000,1.198e-05
BTCUSDT,1749772800000,-1.801e-05
BTCUSDT,1749801600000,-2.7e-06
BTCUSDT,1749830400000,3.857e-05
BTCUSDT,1749859200000,1.958e-05
BTCUSDT,1749888000000,3.858e-05
BTCUSDT,1749916800000,1.135e-05
BTCUSDT,1749945600000,-3.641e-05
BTCUSDT,1749974400000,1.439e-05
BTCUSDT,1750003200000,7.369e-05
BTCUSDT,1750032000000,9.36e-06
BTCUSDT,1750060800000,5.07e-05
BTCUSDT,1750089600000,2.793e-05
BTCUSDT,1750118400000,1.847e-05
BTCUSDT,1750147200000,5.776e-05
BTCUSDT,1750176000000,2.211e-05
BTCUSDT,1750204800000,-1.752e-05
BTCUSDT,1750233600000,3.695e-05
BTCUSDT,1750262400000,6.692e-05
BTCUSDT,1750291200000,8.45e-06
BTCUSDT,1750320000000,6.16e-06
BTCUSDT,1750348800000,2.396e-05
BTCUSDT,1750377600000,3.565e-05
BTCUSDT,1750406400000,7.862e-05
BTCUSDT,1750435200000,2.4e-05
BTCUSDT,1750464000000,3.977e-05
BTCUSDT,1750492800000,1.933e-05
BTCUSDT,1750521600000,7.44e-05
BTCUSDT,1750550400000,2.883e-05
BTCUSDT,1750579200000,0.0001
BTCUSDT,1750608000000,4.145e-05
BTCUSDT,1750636800000,-1.061e-05
BTCUSDT,1750665600000,-2.809e-05
BTCUSDT,1750694400000,4.889e-05
BTCUSDT,1750723200000,1.245e-05
BTCUSDT,1750752000000,1.218e-05
BTCUSDT,1750780800000,4.47e-06
BTCUSDT,1750809600000,-3.174e-05
BTCUSDT,1750838400000,2.747e-05
BTCUSDT,1750867200000,9.62e-06
BTCUSDT,1750896000000,1.41e-06
BTCUSDT,1750924800000,3.805e-05
BTCUSDT,1750953600000,6.82e-06
BTCUSDT,1750982400000,1.113e-05
BTCUSDT,1751011200000,2.663e-05
BTCUSDT,1751040000000,2.557e-05
BTCUSDT,1751068800000,-1.161e-05
BTCUSDT,1751097600000,6.053e-05
BTCUSDT,1751126400000,4.434e-05
BTCUSDT,1751155200000,1.25e-05
BTCUSDT,1751184000000,5.36e-05
BTCUSDT,1751212800000,0.0001
BTCUSDT,1751241600000,1.084e-05
BTCUSDT,1751270400000,2.959e-05
BTCUSDT,1751299200000,4.923e-05
BTCUSDT,1751328000000,1.053e-05
BTCUSDT,1751356800000,4.334e-05
BTCUSDT,1751385600000,1.109e-05
BTCUSDT,1751414400000,1.807e-05
BTCUSDT,1751443200000,3.403e-05
BTCUSDT,1751472000000,4.13e-05
BTCUSDT,1751500800000,4.871e-05
BTCUSDT,1751529600000,3.562e-05
BTCUSDT,1751558400000,5.028e-05
BTCUSDT,1751587200000,5.23e-05
BTCUSDT,1751616000000,5.009e-05
BTCUSDT,1751644800000,1.797e-05
BTCUSDT,1751673600000,1.066e-05
BTCUSDT,1751702400000,3.055e-05
BTCUSDT,1751731200000,4.005e-05
BTCUSDT,1751760000000,1.941e-05
BTCUSDT,1751788800000,1.665e-05
BTCUSDT,1751817600000,1.028e-05
BTCUSDT,1751846400000,2.36e-05
BTCUSDT,1751875200000,3.438e-05
BTCUSDT,1751904000000,4.271e-05
BTCUSDT,1751932800000,1.073e-05
BTCUSDT,1751961600000,4.563e-05
BTCUSDT,1751990400000,3.601e-05
BTCUSDT,1752019200000,3.093e-05
BTCUSDT,1752048000000,3.396e-05
BTCUSDT,1752076800000,4.253e-05
BTCUSDT,1752105600000,0.0001
BTCUSDT,1752134400000,8.523e-05
BTCUSDT,1752163200000,1.908e-05
BTCUSDT,1752192000000,0.0001
BTCUSDT,1752220800000,0.0001
BTCUSDT,1752249600000,0.0001
BTCUSDT,1752278400000,0.0001
BTCUSDT,1752307200000,0.0001
BTCUSDT,1752336000000,0.0001
BTCUSDT,1752364800000,0.0001
BTCUSDT,1752393600000,0.0001
BTCUSDT,1752422400000,0.0001
BTCUSDT,1752451200000,8.051e-05
BTCUSDT,1752480000000,0.0001
BTCUSDT,1752508800000,0.0001
BTCUSDT,1752537600000,0.0001
BTCUSDT,1752566400000,0.0001
BTCUSDT,1752595200000,0.0001
BTCUSDT,1752624000000,0.0001
BTCUSDT,1752652800000,0.0001
BTCUSDT,1752681600000,0.0001
BTCUSDT,1752710400000,0.0001
BTCUSDT,1752739200000,0.0001
BTCUSDT,1752768000000,0.0001
BTCUSDT,1752796800000,0.0001
BTCUSDT,1752825600000,0.0001
BTCUSDT,1752854400000,0.0001
BTCUSDT,1752883200000,0.0001
BTCUSDT,1752912000000,0.0001
BTCUSDT,1752940800000,0.0001
BTCUSDT,1752969600000,0.0001
BTCUSDT,1752998400000,0.0001
BTCUSDT,1753027200000,0.0001
BTCUSDT,1753056000000,0.0001
BTCUSDT,1753084800000,0.0001
BTCUSDT,1753113600000,0.0001
BTCUSDT,1753142400000,0.0001
BTCUSDT,1753171200000,0.0001
BTCUSDT,1753200000000,0.0001
BTCUSDT,1753228800000,0.0001
BTCUSDT,1753257600000,0.0001
BTCUSDT,1753286400000,0.0001
BTCUSDT,1753315200000,0.0001
BTCUSDT,1753344000000,0.0001
BTCUSDT,1753372800000,0.0001
BTCUSDT,1753401600000,0.0001
BTCUSDT,1753430400000,0.0001
BTCUSDT,1753459200000,0.0001
BTCUSDT,1753488000000,0.0001
BTCUSDT,1753516800000,0.0001
BTCUSDT,1753545600000,0.0001
BTCUSDT,1753574400000,0.0001
BTCUSDT,1753603200000,0.0001
BTCUSDT,1753632000000,0.0001
BTCUSDT,1753660800000,0.0001
BTCUSDT,1753689600000,0.0001
BTCUSDT,1753718400000,0.0001
BTCUSDT,1753747200000,0.0001
BTCUSDT,1753776000000,0.0001
BTCUSDT,1753804800000,0.0001
BTCUSDT,1753833600000,0.0001
BTCUSDT,1753862400000,0.0001
BTCUSDT,1753891200000,0.0001
BTCUSDT,1753920000000,5.694e-05
BTCUSDT,1753948800000,0.0001
BTCUSDT,1753977600000,0.0001
BTCUSDT,1754006400000,-1.408e-05
BTCUSDT,1754035200000,1.549e-05
BTCUSDT,1754064000000,5.681e-05
BTCUSDT,1754092800000,4.81e-05
BTCUSDT,1754121600000,8.94e-06
BTCUSDT,1754150400000,4.437e-05
BTCUSDT,1754179200000,5.633e-05
BTCUSDT,1754208000000,4.533e-05
BTCUSDT,1754236800000,7.504e-05
BTCUSDT,1754265600000,4.188e-05
BTCUSDT,1754294400000,5.719e-05
BTCUSDT,1754323200000,3.912e-05
BTCUSDT,1754352000000,7.101e-05
BTCUSDT,1754380800000,8.589e-05
BTCUSDT,1754409600000,4.784e-05
BTCUSDT,1754438400000,5.172e-05
BTCUSDT,1754467200000,9.275e-05
BTCUSDT,1754496000000,8.288e-05
BTCUSDT,1754524800000,4.843e-05
BTCUSDT,1754553600000,7.574e-05
BTCUSDT,1754582400000,6.275e-05
BTCUSDT,1754611200000,2.403e-05
BTCUSDT,1754640000000,1.729e-05
BTCUSDT,1754668800000,7.973e-05
BTCUSDT,1754697600000,8.835e-05
BTCUSDT,1754726400000,9.087e-05
BTCUSDT,1754755200000,5.151e-05
BTCUSDT,1754784000000,9.849e-05
BTCUSDT,1754812800000,0.0001
BTCUSDT,1754841600000,0.0001
BTCUSDT,1754870400000,0.0001
BTCUSDT,1754899200000,0.0001
BTCUSDT,1754928000000,0.0001
BTCUSDT,1754956800000,0.0001
BTCUSDT,1754985600000,7.988e-05
BTCUSDT,1755014400000,8.543e-05
BTCUSDT,1755043200000,7.123e-05
BTCUSDT,1755072000000,0.0001
BTCUSDT,1755100800000,0.0001
BTCUSDT,1755129600000,0.0001
BTCUSDT,1755158400000,0.0001
BTCUSDT,1755187200000,0.0001
BTCUSDT,1755216000000,1.939e-05
BTCUSDT,1755244800000,7.99e-05
BTCUSDT,1755273600000,3.722e-05
BTCUSDT,1755302400000,8.85e-05
BTCUSDT,1755331200000,8.268e-05
BTCUSDT,1755360000000,9.023e-05
BTCUSDT,1755388800000,8.206e-05
BTCUSDT,1755417600000,4.68e-05
BTCUSDT,1755446400000,1.862e-05
BTCUSDT,1755475200000,2.846e-05
BTCUSDT,1755504000000,-6.82e-06
BTCUSDT,1755532800000,5.296e-05
BTCUSDT,1755561600000,7.137e-05
BTCUSDT,1755590400000,6.262e-05
BTCUSDT,1755619200000,3.167e-05
BTCUSDT,1755648000000,4.543e-05
BTCUSDT,1755676800000,1.364e-05
BTCUSDT,1755705600000,4.936e-05
BTCUSDT,1755734400000,1.143e-05
BTCUSDT,1755763200000,7.757e-05
BTCUSDT,1755792000000,7.414e-05
BTCUSDT,1755820800000,7.296e-05
BTCUSDT,1755849600000,0.0001
BTCUSDT,1755878400000,5.867e-05
BTCUSDT,1755907200000,0.0001
BTCUSDT,1755936000000,0.0001
BTCUSDT,1755964800000,9.711e-05
BTCUSDT,1755993600000,0.0001
BTCUSDT,1756022400000,0.0001
BTCUSDT,1756051200000,0.0001
BTCUSDT,1756080000000,0.0001
BTCUSDT,1756108800000,0.0001
BTCUSDT,1756137600000,8.344e-05
BTCUSDT,1756166400000,4.522e-05
BTCUSDT,1756195200000,3.9e-05
BTCUSDT,1756224000000,0.0001
BTCUSDT,1756252800000,1.802e-05
BTCUSDT,1756281600000,5.503e-05
BTCUSDT,1756310400000,3.496e-05
BTCUSDT,1756339200000,5.297e-05
BTCUSDT,1756368000000,9.693e-05
BTCUSDT,1756396800000,7.512e-05
BTCUSDT,1756425600000,4.261e-05
BTCUSDT,1756454400000,5.856e-05
BTCUSDT,1756483200000,6.44e-06
BTCUSDT,1756512000000,7.523e-05
BTCUSDT,1756540800000,7.979e-05
BTCUSDT,1756569600000,8.042e-05
BTCUSDT,1756598400000,-1.232e-05
BTCUSDT,1756627200000,4.749e-05
BTCUSDT,1756656000000,0.0001
BTCUSDT,1756684800000,4.66e-05
BTCUSDT,1756713600000,0.0001
BTCUSDT,1756742400000,4.963e-05
BTCUSDT,1756771200000,6.946e-05
BTCUSDT,1756800000000,8.805e-05
BTCUSDT,1756828800000,6.356e-05
BTCUSDT,1756857600000,7.67e-06
BTCUSDT,1756886400000,5.127e-05
BTCUSDT,1756915200000,2.344e-05
BTCUSDT,1756944000000,1.808e-05
BTCUSDT,1756972800000,4.385e-05
BTCUSDT,1757001600000,7.941e-05
BTCUSDT,1757030400000,7.532e-05
BTCUSDT,1757059200000,0.0001
BTCUSDT,1757088000000,7.872e-05
BTCUSDT,1757116800000,1.297e-05
BTCUSDT,1757145600000,5.66e-05
BTCUSDT,1757174400000,5.11e-05
BTCUSDT,1757203200000,1.97e-05
BTCUSDT,1757232000000,3.611e-05
BTCUSDT,1757260800000,6.969e-05
BTCUSDT,1757289600000,9.404e-05
BTCUSDT,1757318400000,6.682e-05
BTCUSDT,1757347200000,7.311e-05
BTCUSDT,1757376000000,3.799e-05
BTCUSDT,1757404800000,0.0001
BTCUSDT,1757433600000,0.0001
BTCUSDT,1757462400000,5.805e-05
BTCUSDT,1757491200000,5.026e-05
BTCUSDT,1757520000000,0.0001
BTCUSDT,1757548800000,5.843e-05
BTCUSDT,1757577600000,4.283e-05
BTCUSDT,1757606400000,3.326e-05
BTCUSDT,1757635200000,6.137e-05
BTCUSDT,1757664000000,3.768e-05
BTCUSDT,1757692800000,6.891e-05
BTCUSDT,1757721600000,-1.554e-05
BTCUSDT,1757750400000,2.251e-05
BTCUSDT,1757779200000,3.137e-05
BTCUSDT,1757808000000,8.182e-05
BTCUSDT,1757836800000,4.78e-05
BTCUSDT,1757865600000,3.115e-05
BTCUSDT,1757894400000,6.207e-05
BTCUSDT,1757923200000,8.259e-05
BTCUSDT,1757952000000,8.189e-05
BTCUSDT,1757980800000,9.97e-06
BTCUSDT,1758009600000,6.991e-05
BTCUSDT,1758038400000,6.472e-05
BTCUSDT,1758067200000,6.972e-05
BTCUSDT,1758096000000,8.441e-05
BTCUSDT,1758124800000,6.303e-05
BTCUSDT,1758153600000,4.941e-05
BTCUSDT,1758182400000,8.928e-05
BTCUSDT,1758211200000,4.208e-05
BTCUSDT,1758240000000,-2.31e-06
BTCUSDT,1758268800000,2.109e-05
BTCUSDT,1758297600000,5.264e-05
BTCUSDT,1758326400000,3.757e-05
BTCUSDT,1758355200000,-2.7e-07
BTCUSDT,1758384000000,-1.006e-05
BTCUSDT,1758412800000,-5.322e-05
BTCUSDT,1758441600000,2.563e-05
BTCUSDT,1758470400000,3.742e-05
BTCUSDT,1758499200000,6.665e-05
BTCUSDT,1758528000000,1.743e-05
BTCUSDT,1758556800000,4.838e-05
BTCUSDT,1758585600000,7.062e-05
BTCUSDT,1758614400000,7.083e-05
BTCUSDT,1758643200000,7.478e-05
BTCUSDT,1758672000000,5.794e-05
BTCUSDT,1758700800000,6.267e-05
BTCUSDT,1758729600000,4.886e-05
BTCUSDT,1758758400000,-2.2e-06
BTCUSDT,1758787200000,1.73e-05
BTCUSDT,1758816000000,9.56e-05
BTCUSDT,1758844800000,3.143e-05
BTCUSDT,1758873600000,4.36e-05
BTCUSDT,1758902400000,7.716e-05
BTCUSDT,1758931200000,-1e-07
BTCUSDT,1758960000000,3.425e-05
BTCUSDT,1758988800000,7.821e-05
BTCUSDT,1759017600000,3.314e-05
BTCUSDT,1759046400000,4.976e-05
BTCUSDT,1759075200000,5.261e-05
BTCUSDT,1759104000000,2.312e-05
BTCUSDT,1759132800000,1.304e-05
BTCUSDT,1759161600000,3.2e-07
BTCUSDT,1759190400000,2.353e-05
BTCUSDT,1759219200000,5.893e-05
BTCUSDT,1759248000000,2.584e-05
BTCUSDT,1759276800000,3.355e-05
BTCUSDT,1759305600000,3.457e-05
BTCUSDT,1759334400000,0.0001
BTCUSDT,1759363200000,7.784e-05
BTCUSDT,1759392000000,0.0001
BTCUSDT,1759420800000,9.543e-05
BTCUSDT,1759449600000,9.926e-05
BTCUSDT,1759478400000,0.0001
BTCUSDT,1759507200000,0.0001
BTCUSDT,1759536000000,0.0001
BTCUSDT,1759564800000,0.0001
BTCUSDT,1759593600000,8.312e-05
BTCUSDT,1759622400000,8.648e-05
BTCUSDT,1759651200000,0.0001
BTCUSDT,1759680000000,9.566e-05
BTCUSDT,1759708800000,7.672e-05
BTCUSDT,1759737600000,9.708e-05
BTCUSDT,1759766400000,5.831e-05
BTCUSDT,1759795200000,0.0001
BTCUSDT,1759824000000,8.608e-05
BTCUSDT,1759852800000,6.194e-05
BTCUSDT,1759881600000,2.542e-05
BTCUSDT,1759910400000,0.0001
BTCUSDT,1759939200000,5.396e-05
BTCUSDT,1759968000000,1.344e-05
BTCUSDT,1759996800000,5.35e-05
BTCUSDT,1760025600000,1.455e-05
BTCUSDT,1760054400000,7.85e-06
BTCUSDT,1760083200000,3.879e-05
BTCUSDT,1760112000000,1.013e-05
BTCUSDT,1760140800000,0.0001
BTCUSDT,1760169600000,0.0001
BTCUSDT,1760198400000,4.67e-06
BTCUSDT,1760227200000,-3.055e-05
BTCUSDT,1760256000000,2.865e-05
BTCUSDT,1760284800000,-0.00010915
BTCUSDT,1760313600000,-3.942e-05
BTCUSDT,1760342400000,2.519e-05
BTCUSDT,1760371200000,-2.305e-05
BTCUSDT,1760400000000,-4.041e-05
BTCUSDT,1760428800000,7.12e-06
BTCUSDT,1760457600000,-4.498e-05
BTCUSDT,1760486400000,-5.425e-05
BTCUSDT,1760515200000,3.973e-05
BTCUSDT,1760544000000,2.25e-06
BTCUSDT,1760572800000,-2.741e-05
BTCUSDT,1760601600000,-2.23e-05
BTCUSDT,1760630400000,-3.004e-05
BTCUSDT,1760659200000,-2.85e-06
BTCUSDT,1760688000000,-6.34e-06
BTCUSDT,1760716800000,-2.91e-06
BTCUSDT,1760745600000,-4.819e-05
BTCUSDT,1760774400000,-6.376e-05
BTCUSDT,1760803200000,-3.681e-05
BTCUSDT,1760832000000,-1.411e-05
BTCUSDT,1760860800000,1.512e-05
BTCUSDT,1760889600000,2.787e-05
BTCUSDT,1760918400000,-2.197e-05
BTCUSDT,1760947200000,-6.65e-06
BTCUSDT,1760976000000,-1.8e-07
BTCUSDT,1761004800000,-5.567e-05
BTCUSDT,1761033600000,2.222e-05
BTCUSDT,1761062400000,-2.506e-05
BTCUSDT,1761091200000,-4.212e-05
BTCUSDT,1761120000000,2.445e-05
BTCUSDT,1761148800000,5.702e-05
BTCUSDT,1761177600000,8.911e-05
BTCUSDT,1761206400000,2.673e-05
BTCUSDT,1761235200000,3.933e-05
BTCUSDT,1761264000000,3.391e-05
BTCUSDT,1761292800000,1.783e-05
BTCUSDT,1761321600000,3.224e-05
BTCUSDT,1761350400000,5.02e-05
BTCUSDT,1761379200000,1.484e-05
BTCUSDT,1761408000000,5.57e-05
BTCUSDT,1761436800000,1.903e-05
BTCUSDT,1761465600000,5.35e-06
BTCUSDT,1761494400000,6.904e-05
BTCUSDT,1761523200000,0.0001
BTCUSDT,1761552000000,0.0001
BTCUSDT,1761580800000,7.304e-05
BTCUSDT,1761609600000,6.059e-05
BTCUSDT,1761638400000,7.806e-05
BTCUSDT,1761667200000,2.992e-05
BTCUSDT,1761696000000,-3.2e-07
BTCUSDT,1761724800000,3.588e-05
BTCUSDT,1761753600000,5.003e-05
BTCUSDT,1761782400000,1.097e-05
BTCUSDT,1761811200000,3.449e-05
BTCUSDT,1761840000000,3.562e-05
BTCUSDT,1761868800000,2.13e-06
BTCUSDT,1761897600000,0.0001
BTCUSDT,1761926400000,0.0001
BTCUSDT,1761955200000,0.0001
BTCUSDT,1761984000000,0.0001
BTCUSDT,1762012800000,9.782e-05
BTCUSDT,1762041600000,8.2e-05
BTCUSDT,1762070400000,8.15e-05
BTCUSDT,1762099200000,5.635e-05
BTCUSDT,1762128000000,6.098e-05
BTCUSDT,1762156800000,6.853e-05
BTCUSDT,1762185600000,5.329e-05
BTCUSDT,1762214400000,0.0001
BTCUSDT,1762243200000,5.808e-05
BTCUSDT,1762272000000,6.339e-05
BTCUSDT,1762300800000,7.132e-05
BTCUSDT,1762329600000,2.831e-05
BTCUSDT,1762358400000,2.816e-05
BTCUSDT,1762387200000,3.985e-05
BTCUSDT,1762416000000,7.916e-05
BTCUSDT,1762444800000,4.494e-05
BTCUSDT,1762473600000,4.705e-05
BTCUSDT,1762502400000,4.227e-05
BTCUSDT,1762531200000,8.631e-05
BTCUSDT,1762560000000,7.776e-05
BTCUSDT,1762588800000,3.047e-05
BTCUSDT,1762617600000,3.74e-05
BTCUSDT,1762646400000,-1.64e-05
BTCUSDT,1762675200000,4.187e-05
BTCUSDT,1762704000000,8.948e-05
BTCUSDT,1762732800000,8.87e-05
BTCUSDT,1762761600000,7.355e-05
BTCUSDT,1762790400000,4.979e-05
BTCUSDT,1762819200000,2.818e-05
BTCUSDT,1762848000000,-2.775e-05
BTCUSDT,1762876800000,5.823e-05
BTCUSDT,1762905600000,2.462e-05
BTCUSDT,1762934400000,6.87e-06
BTCUSDT,1762963200000,5.786e-05
BTCUSDT,1762992000000,1.077e-05
BTCUSDT,1763020800000,9.352e-05
BTCUSDT,1763049600000,7.448e-05
BTCUSDT,1763078400000,8.569e-05
BTCUSDT,1763107200000,9.126e-05
BTCUSDT,1763136000000,9.078e-05
BTCUSDT,1763164800000,8.507e-05
BTCUSDT,1763193600000,0.0001
BTCUSDT,1763222400000,5.923e-05
BTCUSDT,1763251200000,7.745e-05
BTCUSDT,1763280000000,0.0001
BTCUSDT,1763308800000,7.06e-05
BTCUSDT,1763337600000,0.0001
BTCUSDT,1763366400000,9.568e-05
BTCUSDT,1763395200000,7.208e-05
BTCUSDT,1763424000000,0.0001
BTCUSDT,1763452800000,0.0001
BTCUSDT,1763481600000,3.725e-05
BTCUSDT,1763510400000,7.496e-05
BTCUSDT,1763539200000,5.012e-05
BTCUSDT,1763568000000,3.98e-05
BTCUSDT,1763596800000,4.259e-05
BTCUSDT,1763625600000,0.0001
BTCUSDT,1763654400000,8.999e-05
BTCUSDT,1763683200000,4.272e-05
BTCUSDT,1763712000000,4.524e-05
BTCUSDT,1763740800000,2.642e-05
BTCUSDT,1763769600000,1.373e-05
BTCUSDT,1763798400000,6.735e-05
BTCUSDT,1763827200000,5.057e-05
BTCUSDT,1763856000000,3.812e-05
BTCUSDT,1763884800000,1.53e-06
BTCUSDT,1763913600000,-8.93e-06
BTCUSDT,1763942400000,-6e-08
BTCUSDT,1763971200000,-1.34e-06
BTCUSDT,1764000000000,5.044e-05
BTCUSDT,1764028800000,-5.29e-05
BTCUSDT,1764057600000,1.996e-05
BTCUSDT,1764086400000,-3.019e-05
BTCUSDT,1764115200000,4.038e-05
BTCUSDT,1764144000000,5.388e-05
BTCUSDT,1764172800000,-4.19e-06
BTCUSDT,1764201600000,-2.599e-05
BTCUSDT,1764230400000,2.408e-05
BTCUSDT,1764259200000,4.624e-05
BTCUSDT,1764288000000,1.771e-05
BTCUSDT,1764316800000,6.007e-05
BTCUSDT,1764345600000,-1.703e-05
BTCUSDT,1764374400000,-1.982e-05
BTCUSDT,1764403200000,1.778e-05
BTCUSDT,1764432000000,2.635e-05
BTCUSDT,1764460800000,6.082e-05
BTCUSDT,1764489600000,3.556e-05
BTCUSDT,1764518400000,3.88e-05
BTCUSDT,1764547200000,3.593e-05
BTCUSDT,1764576000000,3.153e-05
BTCUSDT,1764604800000,1.491e-05
BTCUSDT,1764633600000,-1.009e-05
BTCUSDT,1764662400000,2.643e-05
BTCUSDT,1764691200000,3.999e-05
BTCUSDT,1764720000000,-1.732e-05
BTCUSDT,1764748800000,4.206e-05
BTCUSDT,1764777600000,-8.85e-06
BTCUSDT,1764806400000,-3.95e-06
BTCUSDT,1764835200000,7.435e-05
BTCUSDT,1764864000000,3.928e-05
BTCUSDT,1764892800000,4.837e-05
BTCUSDT,1764921600000,4.944e-05
BTCUSDT,1764950400000,3.91e-06
BTCUSDT,1764979200000,3.693e-05
BTCUSDT,1765008000000,1.919e-05
BTCUSDT,1765036800000,-1.822e-05
BTCUSDT,1765065600000,4.192e-05
BTCUSDT,1765094400000,1.666e-05
BTCUSDT,1765123200000,5.212e-05
BTCUSDT,1765152000000,-5.39e-06
BTCUSDT,1765180800000,6.545e-05
BTCUSDT,1765209600000,3.395e-05
BTCUSDT,1765238400000,8.52e-06
BTCUSDT,1765267200000,6.379e-05
BTCUSDT,1765296000000,5.443e-05
BTCUSDT,1765324800000,2.777e-05
BTCUSDT,1765353600000,1.996e-05
BTCUSDT,1765382400000,3.205e-05
BTCUSDT,1765411200000,2.59e-05
BTCUSDT,1765440000000,-1.577e-05
BTCUSDT,1765468800000,6.1e-05
BTCUSDT,1765497600000,6.914e-05
BTCUSDT,1765526400000,4.698e-05
BTCUSDT,1765555200000,3.383e-05
BTCUSDT,1765584000000,1.21e-06
BTCUSDT,1765612800000,6.02e-05
BTCUSDT,1765641600000,6.041e-05
BTCUSDT,1765670400000,0.0001
BTCUSDT,1765699200000,2.898e-05
BTCUSDT,1765728000000,3.773e-05
BTCUSDT,1765756800000,1.9e-06
BTCUSDT,1765785600000,-8.93e-06
BTCUSDT,1765814400000,3.081e-05
BTCUSDT,1765843200000,7.467e-05
BTCUSDT,1765872000000,1.35e-05
BTCUSDT,1765900800000,4.089e-05
BTCUSDT,1765929600000,6.221e-05
BTCUSDT,1765958400000,8.987e-05
BTCUSDT,1765987200000,5.917e-05
BTCUSDT,1766016000000,6.23e-05
BTCUSDT,1766044800000,-8.67e-06
BTCUSDT,1766073600000,8.355e-05
BTCUSDT,1766102400000,5.491e-05
BTCUSDT,1766131200000,0.0001
BTCUSDT,1766160000000,0.0001
BTCUSDT,1766188800000,0.0001
BTCUSDT,1766217600000,1.234e-05
BTCUSDT,1766246400000,7.171e-05
BTCUSDT,1766275200000,9.682e-05
BTCUSDT,1766304000000,8.873e-05
BTCUSDT,1766332800000,3.977e-05
BTCUSDT,1766361600000,4.389e-05
BTCUSDT,1766390400000,4.524e-05
BTCUSDT,1766419200000,6.654e-05
BTCUSDT,1766448000000,2.633e-05
BTCUSDT,1766476800000,5.231e-05
BTCUSDT,1766505600000,1.795e-05
BTCUSDT,1766534400000,0.0001
BTCUSDT,1766563200000,8.455e-05
BTCUSDT,1766592000000,5.927e-05
BTCUSDT,1766620800000,5.953e-05
BTCUSDT,1766649600000,7.953e-05
BTCUSDT,1766678400000,8.322e-05
BTCUSDT,1766707200000,4.378e-05
BTCUSDT,1766736000000,5.427e-05
BTCUSDT,1766764800000,0.0001
BTCUSDT,1766793600000,1.809e-05
BTCUSDT,1766822400000,2.788e-05
BTCUSDT,1766851200000,5.85e-05
BTCUSDT,1766880000000,-3.6e-07
BTCUSDT,1766908800000,7.955e-05
BTCUSDT,1766937600000,9.464e-05
BTCUSDT,1766966400000,0.0001
BTCUSDT,1766995200000,0.0001
BTCUSDT,1767024000000,4.826e-05
BTCUSDT,1767052800000,0.0001
BTCUSDT,1767081600000,4.613e-05
BTCUSDT,1767110400000,8.345e-05
BTCUSDT,1767139200000,2.922e-05
BTCUSDT,1767168000000,1.453e-05
BTCUSDT,1767196800000,3.75e-05
BTCUSDT,1767225600000,0.0001
BTCUSDT,1767254400000,0.0001
BTCUSDT,1767283200000,1.711e-05
BTCUSDT,1767312000000,5.608e-05
BTCUSDT,1767340800000,4.219e-05
BTCUSDT,1767369600000,4.813e-05
BTCUSDT,1767398400000,3.11e-05
BTCUSDT,1767427200000,1.055e-05
BTCUSDT,1767456000000,6.938e-05
BTCUSDT,1767484800000,9.488e-05
BTCUSDT,1767513600000,5.813e-05
BTCUSDT,1767542400000,4.436e-05
BTCUSDT,1767571200000,8.893e-05
BTCUSDT,1767600000000,5.23e-05
BTCUSDT,1767628800000,7.723e-05
BTCUSDT,1767657600000,-1.376e-05
BTCUSDT,1767686400000,2.816e-05
BTCUSDT,1767715200000,2.691e-05
BTCUSDT,1767744000000,6.582e-05
BTCUSDT,1767772800000,0.0001
BTCUSDT,1767801600000,2.885e-05
BTCUSDT,1767830400000,8.693e-05
BTCUSDT,1767859200000,0.0001
BTCUSDT,1767888000000,6.436e-05
BTCUSDT,1767916800000,-2.813e-05
BTCUSDT,1767945600000,7.258e-05
BTCUSDT,1767974400000,2.18e-06
BTCUSDT,1768003200000,5.643e-05
BTCUSDT,1768032000000,7.657e-05
BTCUSDT,1768060800000,6.235e-05
BTCUSDT,1768089600000,8.744e-05
BTCUSDT,1768118400000,4.67e-05
BTCUSDT,1768147200000,1.667e-05
BTCUSDT,1768176000000,1.813e-05
BTCUSDT,1768204800000,2.902e-05
BTCUSDT,1768233600000,4.65e-05
BTCUSDT,1768262400000,2.245e-05
BTCUSDT,1768291200000,9.838e-05
BTCUSDT,1768320000000,3.445e-05
BTCUSDT,1768348800000,1.29e-06
BTCUSDT,1768377600000,2.497e-05
BTCUSDT,1768406400000,4.076e-05
BTCUSDT,1768435200000,-3.67e-06
BTCUSDT,1768464000000,1.749e-05
BTCUSDT,1768492800000,1.526e-05
BTCUSDT,1768521600000,7.34e-05
BTCUSDT,1768550400000,7.337e-05
BTCUSDT,1768579200000,2.495e-05
BTCUSDT,1768608000000,-1.78e-06
BTCUSDT,1768636800000,3.007e-05
BTCUSDT,1768665600000,2.976e-05
BTCUSDT,1768694400000,3.503e-05
BTCUSDT,1768723200000,9.616e-05
BTCUSDT,1768752000000,6.571e-05
BTCUSDT,1768780800000,3.473e-05
BTCUSDT,1768809600000,1.943e-05
BTCUSDT,1768838400000,2.494e-05
BTCUSDT,1768867200000,9.819e-05
BTCUSDT,1768896000000,6.626e-05
BTCUSDT,1768924800000,5.652e-05
BTCUSDT,1768953600000,0.0001
BTCUSDT,1768982400000,6.055e-05
BTCUSDT,1769011200000,2.41e-05
BTCUSDT,1769040000000,6.355e-05
BTCUSDT,1769068800000,5.11e-05
BTCUSDT,1769097600000,9.419e-05
BTCUSDT,1769126400000,5.09e-05
BTCUSDT,1769155200000,3.39e-05
BTCUSDT,1769184000000,6.968e-05
BTCUSDT,1769212800000,1.531e-05
BTCUSDT,1769241600000,8.909e-05
BTCUSDT,1769270400000,3.901e-05
BTCUSDT,1769299200000,1.336e-05
BTCUSDT,1769328000000,8.051e-05
BTCUSDT,1769356800000,4.917e-05
BTCUSDT,1769385600000,4.067e-05
BTCUSDT,1769414400000,2.847e-05
BTCUSDT,1769443200000,5.606e-05
BTCUSDT,1769472000000,4.267e-05
BTCUSDT,1769500800000,6.028e-05
BTCUSDT,1769529600000,7.503e-05
BTCUSDT,1769558400000,6.237e-05
BTCUSDT,1769587200000,6.174e-05
BTCUSDT,1769616000000,3.83e-05
BTCUSDT,1769644800000,7.21e-05
BTCUSDT,1769673600000,5.856e-05
BTCUSDT,1769702400000,4.023e-05
BTCUSDT,1769731200000,4.478e-05
BTCUSDT,1769760000000,1.714e-05
BTCUSDT,1769788800000,3.1e-06
BTCUSDT,1769817600000,9.693e-05
BTCUSDT,1769846400000,3.548e-05
BTCUSDT,1769875200000,6.585e-05
BTCUSDT,1769904000000,-3.267e-05
BTCUSDT,1769932800000,3.421e-05
BTCUSDT,1769961600000,1.722e-05
BTCUSDT,1769990400000,6.8e-07
BTCUSDT,1770019200000,-3.043e-05
BTCUSDT,1770048000000,-5.713e-05
BTCUSDT,1770076800000,-2.203e-05
BTCUSDT,1770105600000,2.245e-05
BTCUSDT,1770134400000,-4.65e-06
BTCUSDT,1770163200000,1.19e-06
BTCUSDT,1770192000000,3.551e-05
BTCUSDT,1770220800000,4.618e-05
BTCUSDT,1770249600000,9.173e-05
BTCUSDT,1770278400000,2.98e-06
BTCUSDT,1770307200000,-4.957e-05
BTCUSDT,1770336000000,-1.597e-05
BTCUSDT,1770364800000,-0.00013688
BTCUSDT,1770393600000,-0.00013478
BTCUSDT,1770422400000,-0.00015178
BTCUSDT,1770451200000,-8.326e-05
BTCUSDT,1770480000000,-2.907e-05
BTCUSDT,1770508800000,-3.403e-05
BTCUSDT,1770537600000,-3.546e-05
BTCUSDT,1770566400000,-4.864e-05
BTCUSDT,1770595200000,-3.075e-05
BTCUSDT,1770624000000,1.846e-05
BTCUSDT,1770652800000,-4.284e-05
BTCUSDT,1770681600000,-8.798e-05
BTCUSDT,1770710400000,-4.829e-05
BTCUSDT,1770739200000,-8.816e-05
BTCUSDT,1770768000000,1.4e-05
BTCUSDT,1770796800000,-8.417e-05
BTCUSDT,1770825600000,-1.169e-05
BTCUSDT,1770854400000,-1.381e-05
BTCUSDT,1770883200000,3.499e-05
BTCUSDT,1770912000000,-1.728e-05
BTCUSDT,1770940800000,5.834e-05
BTCUSDT,1770969600000,7.16e-06
BTCUSDT,1770998400000,-1.274e-05
BTCUSDT,1771027200000,1.291e-05
BTCUSDT,1771056000000,3.174e-05
BTCUSDT,1771084800000,-3.094e-05
BTCUSDT,1771113600000,-1.068e-05
BTCUSDT,1771142400000,4.664e-05
BTCUSDT,1771171200000,-2.371e-05
BTCUSDT,1771200000000,2.659e-05
BTCUSDT,1771228800000,-3.277e-05
BTCUSDT,1771257600000,-4.112e-05
BTCUSDT,1771286400000,5.883e-05
BTCUSDT,1771315200000,2.672e-05
BTCUSDT,1771344000000,5.077e-05
BTCUSDT,1771372800000,3.215e-05
BTCUSDT,1771401600000,-1.41e-06
BTCUSDT,1771430400000,3.604e-05
BTCUSDT,1771459200000,-4.014e-05
BTCUSDT,1771488000000,2.686e-05
BTCUSDT,1771516800000,-3.052e-05
BTCUSDT,1771545600000,5.365e-05
BTCUSDT,1771574400000,1.302e-05
BTCUSDT,1771603200000,-6.71e-06
BTCUSDT,1771632000000,4.456e-05
BTCUSDT,1771660800000,2.485e-05
BTCUSDT,1771689600000,3.235e-05
BTCUSDT,1771718400000,7.3e-06
BTCUSDT,1771747200000,4.2e-07
BTCUSDT,1771776000000,4.972e-05
BTCUSDT,1771804800000,6.946e-05
BTCUSDT,1771833600000,-9.317e-05
BTCUSDT,1771862400000,2.251e-05
BTCUSDT,1771891200000,5.706e-05
BTCUSDT,1771920000000,-1.193e-05
BTCUSDT,1771948800000,-1.82e-06
BTCUSDT,1771977600000,2.375e-05
BTCUSDT,1772006400000,3.3e-07
BTCUSDT,1772035200000,-9.68e-06
BTCUSDT,1772064000000,-1.998e-05
BTCUSDT,1772092800000,-1.128e-05
BTCUSDT,1772121600000,4.007e-05
BTCUSDT,1772150400000,-9.91e-06
BTCUSDT,1772179200000,-8.123e-05
BTCUSDT,1772208000000,-6.56e-06
BTCUSDT,1772236800000,4.041e-05
BTCUSDT,1772265600000,-3.727e-05
BTCUSDT,1772294400000,-4.305e-05
BTCUSDT,1772323200000,-6.88e-06
BTCUSDT,1772352000000,4.563e-05
BTCUSDT,1772380800000,2.948e-05
BTCUSDT,1772409600000,-2.99e-06
BTCUSDT,1772438400000,-1.956e-05
BTCUSDT,1772467200000,-1.083e-05
BTCUSDT,1772496000000,-1.86e-06
BTCUSDT,1772524800000,1.437e-05
BTCUSDT,1772553600000,1.481e-05
BTCUSDT,1772582400000,-5.39e-05
BTCUSDT,1772611200000,2.52e-05
BTCUSDT,1772640000000,4.683e-05
BTCUSDT,1772668800000,3.567e-05
BTCUSDT,1772697600000,4.965e-05
BTCUSDT,1772726400000,1.74e-06
BTCUSDT,1772755200000,1.689e-05
BTCUSDT,1772784000000,-3.061e-05
BTCUSDT,1772812800000,-2.176e-05
BTCUSDT,1772841600000,6.19e-06
BTCUSDT,1772870400000,3.525e-05
BTCUSDT,1772899200000,-4.217e-05
BTCUSDT,1772928000000,-4.496e-05
BTCUSDT,1772956800000,-1.115e-05
BTCUSDT,1772985600000,-2.868e-05
BTCUSDT,1773014400000,-5.77e-05
BTCUSDT,1773043200000,-4.579e-05
BTCUSDT,1773072000000,-3.431e-05
BTCUSDT,1773100800000,-2.394e-05
BTCUSDT,1773129600000,1.23e-05
BTCUSDT,1773158400000,1.738e-05
BTCUSDT,1773187200000,-0.00011052
BTCUSDT,1773216000000,-5.252e-05
BTCUSDT,1773244800000,-5.824e-05
BTCUSDT,1773273600000,-7.802e-05
BTCUSDT,1773302400000,-5.392e-05
BTCUSDT,1773331200000,-7.381e-05
BTCUSDT,1773360000000,-2.789e-05
BTCUSDT,1773388800000,4.263e-05
BTCUSDT,1773417600000,-6.38e-06
BTCUSDT,1773446400000,-3.79e-06
BTCUSDT,1773475200000,-3.988e-05
BTCUSDT,1773504000000,-4.851e-05
BTCUSDT,1773532800000,-1.883e-05
BTCUSDT,1773561600000,-6.461e-05
BTCUSDT,1773590400000,2.659e-05
BTCUSDT,1773619200000,2.513e-05
BTCUSDT,1773648000000,7.139e-05
BTCUSDT,1773676800000,2.015e-05
BTCUSDT,1773705600000,2.41e-06
BTCUSDT,1773734400000,-2.505e-05
BTCUSDT,1773763200000,-1.26e-05
BTCUSDT,1773792000000,-6.569e-05
BTCUSDT,1773820800000,-4.813e-05
BTCUSDT,1773849600000,2.418e-05
BTCUSDT,1773878400000,-9.74e-06
BTCUSDT,1773907200000,-3.012e-05
BTCUSDT,1773936000000,1.205e-05
BTCUSDT,1773964800000,6.25e-06
BTCUSDT,1773993600000,7.53e-06
BTCUSDT,1774022400000,-2.23e-06
BTCUSDT,1774051200000,-1.493e-05
BTCUSDT,1774080000000,-7.38e-06
BTCUSDT,1774108800000,1.093e-05
BTCUSDT,1774137600000,8.06e-06
BTCUSDT,1774166400000,-4.425e-05
BTCUSDT,1774195200000,-6.837e-05
BTCUSDT,1774224000000,-2.079e-05
BTCUSDT,1774252800000,-2.863e-05
BTCUSDT,1774281600000,1.6e-06
BTCUSDT,1774310400000,4.229e-05
BTCUSDT,1774339200000,3.675e-05
BTCUSDT,1774368000000,3.056e-05
BTCUSDT,1774396800000,2.31e-05
BTCUSDT,1774425600000,1.074e-05
BTCUSDT,1774454400000,4.721e-05
BTCUSDT,1774483200000,2.448e-05
BTCUSDT,1774512000000,1.379e-05
BTCUSDT,1774540800000,-2.103e-05
BTCUSDT,1774569600000,2.925e-05
BTCUSDT,1774598400000,-6.298e-05
BTCUSDT,1774627200000,-5.841e-05
BTCUSDT,1774656000000,-8.088e-05
BTCUSDT,1774684800000,-7.604e-05
BTCUSDT,1774713600000,-1.73e-06
BTCUSDT,1774742400000,-3.68e-05
BTCUSDT,1774771200000,-1.2e-07
BTCUSDT,1774800000000,2.677e-05
BTCUSDT,1774828800000,3e-06
BTCUSDT,1774857600000,4.92e-06
BTCUSDT,1774886400000,7.58e-06
BTCUSDT,1774915200000,1.16e-06
BTCUSDT,1774944000000,-1.921e-05
BTCUSDT,1774972800000,-2.763e-05
BTCUSDT,1775001600000,-3.449e-05
BTCUSDT,1775030400000,-4.61e-06
BTCUSDT,1775059200000,5.77e-06
BTCUSDT,1775088000000,3.521e-05
BTCUSDT,1775116800000,8.45e-06
BTCUSDT,1775145600000,-7.398e-05
BTCUSDT,1775174400000,-8.31e-06
BTCUSDT,1775203200000,-5.99e-06
BTCUSDT,1775232000000,3.51e-06
BTCUSDT,1775260800000,3.761e-05
BTCUSDT,1775289600000,4.115e-05
BTCUSDT,1775318400000,1.651e-05
BTCUSDT,1775347200000,2.407e-05
BTCUSDT,1775376000000,3.812e-05
BTCUSDT,1775404800000,1.889e-05
BTCUSDT,1775433600000,7.073e-05
BTCUSDT,1775462400000,5.544e-05
BTCUSDT,1775491200000,4.23e-06
BTCUSDT,1775520000000,-3.15e-06
BTCUSDT,1775548800000,3.703e-05
BTCUSDT,1775577600000,7.393e-05
BTCUSDT,1775606400000,6.02e-05
BTCUSDT,1775635200000,1.563e-05
BTCUSDT,1775664000000,4.048e-05
BTCUSDT,1775692800000,-1.47e-06
BTCUSDT,1775721600000,5.239e-05
BTCUSDT,1775750400000,-1.986e-05
BTCUSDT,1775779200000,4.11e-06
BTCUSDT,1775808000000,2.458e-05
BTCUSDT,1775836800000,-2.187e-05
BTCUSDT,1775865600000,-7.225e-05
BTCUSDT,1775894400000,-6.083e-05
BTCUSDT,1775923200000,-6.755e-05
BTCUSDT,1775952000000,-8.108e-05
BTCUSDT,1775980800000,-3.69e-05
BTCUSDT,1776009600000,-3.35e-06
BTCUSDT,1776038400000,-2.34e-06
BTCUSDT,1776067200000,-1.83e-06
BTCUSDT,1776096000000,-5.409e-05
BTCUSDT,1776124800000,-5.854e-05
BTCUSDT,1776153600000,2.732e-05
BTCUSDT,1776182400000,-5.234e-05
BTCUSDT,1776211200000,-9.313e-05
BTCUSDT,1776240000000,-5.085e-05
BTCUSDT,1776268800000,-7.151e-05
BTCUSDT,1776297600000,-3.418e-05
BTCUSDT,1776326400000,-2.841e-05
BTCUSDT,1776355200000,-2.225e-05
BTCUSDT,1776384000000,3.297e-05
BTCUSDT,1776412800000,2.781e-05
BTCUSDT,1776441600000,-0.00010789
BTCUSDT,1776470400000,-8.098e-05
BTCUSDT,1776499200000,-7.082e-05
BTCUSDT,1776528000000,-4.586e-05
BTCUSDT,1776556800000,-8.395e-05
BTCUSDT,1776585600000,-7.219e-05
BTCUSDT,1776614400000,-0.00012276
BTCUSDT,1776643200000,-4.615e-05
BTCUSDT,1776672000000,-4.778e-05
BTCUSDT,1776700800000,-2.745e-05
BTCUSDT,1776729600000,-7.937e-05
BTCUSDT,1776758400000,-5.824e-05
BTCUSDT,1776787200000,-4.242e-05
BTCUSDT,1776816000000,-2.237e-05
BTCUSDT,1776844800000,3.56e-05
BTCUSDT,1776873600000,-7.49e-06
BTCUSDT,1776902400000,-7.87e-05
BTCUSDT,1776931200000,-3.553e-05
BTCUSDT,1776960000000,-6.696e-05
BTCUSDT,1776988800000,-3.829e-05
BTCUSDT,1777017600000,-7.865e-05
BTCUSDT,1777046400000,-3.152e-05
BTCUSDT,1777075200000,-1.077e-05
BTCUSDT,1777104000000,-6.235e-05
BTCUSDT,1777132800000,-5.699e-05
BTCUSDT,1777161600000,2.41e-06
BTCUSDT,1777190400000,1.53e-06
BTCUSDT,1777219200000,1.95e-06
BTCUSDT,1777248000000,2.49e-06
BTCUSDT,1777276800000,-8.659e-05
BTCUSDT,1777305600000,-5.678e-05
BTCUSDT,1777334400000,-3.951e-05
BTCUSDT,1777363200000,-3.204e-05
BTCUSDT,1777392000000,5.242e-05
BTCUSDT,1777420800000,1.305e-05
BTCUSDT,1777449600000,-2.84e-05
BTCUSDT,1777478400000,3.571e-05
BTCUSDT,1777507200000,-4.22e-05
BTCUSDT,1777536000000,-1.837e-05
BTCUSDT,1777564800000,-2.904e-05
BTCUSDT,1777593600000,-3.746e-05
BTCUSDT,1777622400000,-1.81e-05
BTCUSDT,1777651200000,-3.143e-05
BTCUSDT,1777680000000,-8.22e-06
BTCUSDT,1777708800000,-5.103e-05
BTCUSDT,1777737600000,-2.54e-05
BTCUSDT,1777766400000,2.29e-05
BTCUSDT,1777795200000,-1.398e-05
BTCUSDT,1777824000000,7.03e-06
BTCUSDT,1777852800000,4.304e-05
BTCUSDT,1777881600000,-1.58e-06
BTCUSDT,1777910400000,-3.16e-05
BTCUSDT,1777939200000,-3.83e-06
BTCUSDT,1777968000000,-4.626e-05
BTCUSDT,1777996800000,-8.24e-05
BTCUSDT,1778025600000,-9.153e-05
BTCUSDT,1778054400000,-6.15e-05
BTCUSDT,1778083200000,-3.756e-05
BTCUSDT,1778112000000,-5.856e-05
BTCUSDT,1778140800000,-4.568e-05
BTCUSDT,1778169600000,-3.014e-05
BTCUSDT,1778198400000,-7.406e-05
BTCUSDT,1778227200000,2.415e-05
BTCUSDT,1778256000000,-1.542e-05
BTCUSDT,1778284800000,1.841e-05
BTCUSDT,1778313600000,-3.792e-05
BTCUSDT,1778342400000,3.645e-05
BTCUSDT,1778371200000,9e-07
BTCUSDT,1778400000000,4.626e-05
BTCUSDT,1778428800000,5.764e-05
BTCUSDT,1778457600000,5.798e-05
BTCUSDT,1778486400000,2.592e-05
BTCUSDT,1778515200000,4.555e-05
BTCUSDT,1778544000000,-1.15e-06
BTCUSDT,1778572800000,3.877e-05
BTCUSDT,1778601600000,5.822e-05
BTCUSDT,1778630400000,5.367e-05
BTCUSDT,1778659200000,5.437e-05
BTCUSDT,1778688000000,1.749e-05
BTCUSDT,1778716800000,3.928e-05
BTCUSDT,1778745600000,2.928e-05
BTCUSDT,1778774400000,4.094e-05
BTCUSDT,1778803200000,-4.239e-05
BTCUSDT,1778832000000,-1.893e-05
BTCUSDT,1778860800000,1.548e-05
BTCUSDT,1778889600000,3.938e-05
BTCUSDT,1778918400000,-2.1e-06
BTCUSDT,1778947200000,4.955e-05
BTCUSDT,1778976000000,4.037e-05
BTCUSDT,1779004800000,1.176e-05
BTCUSDT,1779033600000,4.8e-07
BTCUSDT,1779062400000,-1.131e-05
BTCUSDT,1779091200000,5.778e-05
BTCUSDT,1779120000000,7.178e-05
BTCUSDT,1779148800000,5.164e-05
BTCUSDT,1779177600000,4.809e-05
BTCUSDT,1779206400000,5.563e-05
BTCUSDT,1779235200000,3.254e-05
BTCUSDT,1779264000000,7.983e-05
BTCUSDT,1779292800000,6.858e-05
BTCUSDT,1779321600000,1.925e-05
BTCUSDT,1779350400000,4.003e-05
BTCUSDT,1779379200000,6.13e-05
BTCUSDT,1779408000000,3.564e-05
BTCUSDT,1779436800000,-8.2e-06
BTCUSDT,1779465600000,2.891e-05
BTCUSDT,1779494400000,1.783e-05
BTCUSDT,1779523200000,1.025e-05
BTCUSDT,1779552000000,7.441e-05
BTCUSDT,1779580800000,9.044e-05
BTCUSDT,1779609600000,6.29e-05
BTCUSDT,1779638400000,6.265e-05
BTCUSDT,1779667200000,6.549e-05
BTCUSDT,1779696000000,3.527e-05
BTCUSDT,1779724800000,1.426e-05
BTCUSDT,1779753600000,8.058e-05
BTCUSDT,1779782400000,3.852e-05
BTCUSDT,1779811200000,5.776e-05
BTCUSDT,1779840000000,0.0001
BTCUSDT,1779868800000,8.948e-05
BTCUSDT,1779897600000,9.914e-05
BTCUSDT,1779926400000,0.0001
BTCUSDT,1779955200000,5.011e-05
BTCUSDT,1779984000000,0.0001
BTCUSDT,1780012800000,0.0001
BTCUSDT,1780041600000,5.391e-05
BTCUSDT,1780070400000,6.702e-05
BTCUSDT,1780099200000,3.464e-05
BTCUSDT,1780128000000,4.732e-05
BTCUSDT,1780156800000,6.214e-05
BTCUSDT,1780185600000,4.432e-05
BTCUSDT,1780214400000,5.663e-05
BTCUSDT,1780243200000,5.988e-05
BTCUSDT,1780272000000,5.703e-05
BTCUSDT,1780300800000,4.438e-05
BTCUSDT,1780329600000,0.0001
BTCUSDT,1780358400000,0.0001
BTCUSDT,1780387200000,5.99e-05
BTCUSDT,1780416000000,8.345e-05
BTCUSDT,1780444800000,7.165e-05
BTCUSDT,1780473600000,5.229e-05
BTCUSDT,1780502400000,0.0001
BTCUSDT,1780531200000,2.705e-05
BTCUSDT,1780560000000,1.519e-05
BTCUSDT,1780588800000,-1.077e-05
BTCUSDT,1780617600000,1.315e-05
BTCUSDT,1780646400000,-1.431e-05
BTCUSDT,1780675200000,-8.63e-06
BTCUSDT,1780704000000,-1.234e-05
BTCUSDT,1780732800000,2.675e-05
BTCUSDT,1780761600000,-5.11e-06
BTCUSDT,1780790400000,-2.828e-05
BTCUSDT,1780819200000,4.07e-06
BTCUSDT,1780848000000,2.742e-05
BTCUSDT,1780876800000,3.533e-05
BTCUSDT,1780905600000,3.454e-05
BTCUSDT,1780934400000,1.22e-06
BTCUSDT,1780963200000,-1.565e-05
BTCUSDT,1780992000000,3.041e-05
BTCUSDT,1781020800000,6.06e-06
BTCUSDT,1781049600000,3.65e-06
BTCUSDT,1781078400000,-3.385e-05
BTCUSDT,1781107200000,2.542e-05
BTCUSDT,1781136000000,-8.11e-06
BTCUSDT,1781164800000,2.525e-05
BTCUSDT,1781193600000,2.736e-05
BTCUSDT,1781222400000,-1.303e-05
BTCUSDT,1781251200000,2.446e-05
BTCUSDT,1781280000000,8.4e-06
BTCUSDT,1781308800000,5.357e-05
BTCUSDT,1781337600000,6e-07
BTCUSDT,1781366400000,9.38e-06
BTCUSDT,1781395200000,-4.51e-05
BTCUSDT,1781424000000,-4.657e-05
BTCUSDT,1781452800000,-3.265e-05
BTCUSDT,1781481600000,2.808e-05
BTCUSDT,1781510400000,6.21e-06
BTCUSDT,1781539200000,-6.079e-05
BTCUSDT,1781568000000,-4.28e-06
BTCUSDT,1781596800000,-1.11e-05
BTCUSDT,1781625600000,2.46e-06
BTCUSDT,1781654400000,1.957e-05
BTCUSDT,1781683200000,-6.685e-05
BTCUSDT,1781712000000,-2.582e-05
BTCUSDT,1781740800000,2.636e-05
BTCUSDT,1781769600000,1.896e-05
BTCUSDT,1781798400000,8.72e-06
BTCUSDT,1781827200000,6.039e-05
BTCUSDT,1781856000000,1.984e-05
BTCUSDT,1781884800000,2.823e-05
BTCUSDT,1781913600000,5.814e-05
BTCUSDT,1781942400000,2.633e-05
BTCUSDT,1781971200000,3.985e-05
BTCUSDT,1782000000000,7.78e-06
BTCUSDT,1782028800000,3.034e-05
BTCUSDT,1782057600000,4.189e-05
BTCUSDT,1782086400000,6.572e-05
BTCUSDT,1782115200000,1.514e-05
BTCUSDT,1782144000000,4.813e-05
BTCUSDT,1782172800000,4.041e-05
BTCUSDT,1782201600000,1.655e-05
BTCUSDT,1782230400000,-1.889e-05
BTCUSDT,1782259200000,2.154e-05
BTCUSDT,1782288000000,2.134e-05
BTCUSDT,1782316800000,2.7e-07
BTCUSDT,1782345600000,-1.423e-05
BTCUSDT,1782374400000,-1.803e-05
BTCUSDT,1782403200000,1.58e-05
BTCUSDT,1782432000000,5.298e-05
BTCUSDT,1782460800000,5.904e-05
BTCUSDT,1782489600000,7.308e-05
BTCUSDT,1782518400000,5.255e-05
BTCUSDT,1782547200000,4.284e-05
BTCUSDT,1782576000000,3.742e-05
BTCUSDT,1782604800000,4.258e-05
BTCUSDT,1782633600000,1.355e-05
BTCUSDT,1782662400000,4.43e-05
BTCUSDT,1782691200000,3.112e-05
BTCUSDT,1782720000000,7.444e-05
BTCUSDT,1782748800000,8.658e-05
BTCUSDT,1782777600000,6.175e-05
BTCUSDT,1782806400000,8.349e-05
BTCUSDT,1782835200000,3.327e-05
BTCUSDT,1782864000000,5.532e-05
BTCUSDT,1782892800000,1.853e-05
BTCUSDT,1782921600000,7.073e-05
BTCUSDT,1782950400000,8.001e-05
BTCUSDT,1782979200000,5.238e-05
BTCUSDT,1783008000000,5.261e-05
BTCUSDT,1783036800000,0.0001
BTCUSDT,1783065600000,0.0001
BTCUSDT,1783094400000,3.74e-05
BTCUSDT,1783123200000,0.0001
BTCUSDT,1783152000000,0.0001
BTCUSDT,1783180800000,9.48e-05
BTCUSDT,1783209600000,9.533e-05
BTCUSDT,1783238400000,8.873e-05
BTCUSDT,1783267200000,8.608e-05
BTCUSDT,1783296000000,7.7e-05
BTCUSDT,1783324800000,6.12e-05
BTCUSDT,1783353600000,0.0001
BTCUSDT,1783382400000,0.0001
BTCUSDT,1783411200000,5.792e-05
BTCUSDT,1783440000000,6.825e-05
BTCUSDT,1783468800000,4.846e-05
BTCUSDT,1783497600000,7.24e-06
BTCUSDT,1783526400000,7.171e-05
BTCUSDT,1783555200000,6.16e-05
BTCUSDT,1783584000000,6.615e-05
BTCUSDT,1783612800000,4.912e-05
BTCUSDT,1783641600000,9.058e-05
BTCUSDT,1783670400000,7.247e-05
BTCUSDT,1783699200000,9.508e-05
BTCUSDT,1783728000000,0.0001
BTCUSDT,1783756800000,9.42e-06
BTCUSDT,1783785600000,4.156e-05
BTCUSDT,1783814400000,4.651e-05
BTCUSDT,1783843200000,6.315e-05
BTCUSDT,1783872000000,7.578e-05
BTCUSDT,1783900800000,1.521e-05
BTCUSDT,1783929600000,4.856e-05
BTCUSDT,1783958400000,0.0001
BTCUSDT,1783987200000,8.256e-05
BTCUSDT,1784016000000,3.489e-05
BTCUSDT,1784044800000,5.59e-05
BTCUSDT,1784073600000,0.0001
BTCUSDT,1784102400000,0.0001
BTCUSDT,1784131200000,4.457e-05
BTCUSDT,1784160000000,2.426e-05
BTCUSDT,1784188800000,7.584e-05
BTCUSDT,1784217600000,6.102e-05
BTCUSDT,1784246400000,7.639e-05
BTCUSDT,1784275200000,1.52e-05
BTCUSDT,1784304000000,6.045e-05
BTCUSDT,1784332800000,3.074e-05
BTCUSDT,1784361600000,6.955e-05
BTCUSDT,1784390400000,3.326e-05
BTCUSDT,1784419200000,4.06e-06
BTCUSDT,1784448000000,6.905e-05
BTCUSDT,1784476800000,5.235e-05
BTCUSDT,1784505600000,4.89e-05
BTCUSDT,1784534400000,5.278e-05
BTCUSDT,1784563200000,6.518e-05
BTCUSDT,1784592000000,5.4e-05
BTCUSDT,1784620800000,8.926e-05
BTCUSDT,1784649600000,1.894e-05
BTCUSDT,1784678400000,3.928e-05
BTCUSDT,1784707200000,5.448e-05
BTCUSDT,1784736000000,1.443e-05
BTCUSDT,1784764800000,-3.43e-06
BTCUSDT,1784793600000,2.71e-06
BTCUSDT,1784822400000,8.458e-05
BTCUSDT,1784851200000,7.598e-05
BTCUSDT,1784880000000,5.149e-05
BTCUSDT,1784908800000,5.879e-05
BTCUSDT,1784937600000,6.074e-05
BTCUSDT,1784966400000,5.425e-05
BTCUSDT,1784995200000,7.29e-06
BTCUSDT,1785024000000,3.878e-05
BTCUSDT,1785052800000,5.884e-05
BTCUSDT,1785081600000,5.819e-05
BTCUSDT,1785110400000,6.147e-05
BTCUSDT,1785139200000,6.452e-05
BTCUSDT,1785168000000,5.04e-05
BTCUSDT,1785196800000,4.208e-05
BTCUSDT,1785225600000,1.25e-06
BTCUSDT,1785254400000,6.689e-05
BTCUSDT,1785283200000,0.0001
BTCUSDT,1785312000000,0.0001
BTCUSDT,1785340800000,3.665e-05
BTCUSDT,1785369600000,8.462e-05
BTCUSDT,1785398400000,7.278e-05
BTCUSDT,1785427200000,9.029e-05
BTCUSDT,1785456000000,0.0001
BTCUSDT,1785484800000,9.405e-05
BTCUSDT,1785513600000,5.664e-05
BTCUSDT,1785542400000,4.123e-05
BTCUSDT,1785571200000,3.163e-05
BTCUSDT,1785600000000,3.545e-05
BTCUSDT,1785628800000,4.53e-05
BTCUSDT,1785657600000,8.943e-05
BTCUSDT,1785686400000,7.707e-05
BTCUSDT,1785715200000,0.0001
BTCUSDT,1785744000000,6.364e-05
BTCUSDT,1785772800000,2.474e-05
BTCUSDT,1785801600000,3.081e-05
BTCUSDT,1785830400000,6.248e-05
BTCUSDT,1785859200000,7.684e-05
BTCUSDT,1785888000000,1.674e-05
BTCUSDT,1785916800000,1.015e-05
BTCUSDT,1785945600000,2.676e-05
BTCUSDT,1785974400000,6.595e-05
BTCUSDT,1786003200000,2.632e-05
BTCUSDT,1786032000000,5.939e-05
BTCUSDT,1786060800000,7.99e-06
BTCUSDT,1786089600000,4.574e-05
BTCUSDT,1786118400000,6.308e-05
BTCUSDT,1786147200000,5.557e-05
BTCUSDT,1786176000000,5.417e-05
BTCUSDT,1786204800000,5.801e-05
BTCUSDT,1786233600000,4.423e-05
BTCUSDT,1786262400000,6.667e-05
BTCUSDT,1786291200000,7.054e-05
BTCUSDT,1786320000000,7.497e-05
BTCUSDT,1786348800000,7.908e-05
BTCUSDT,1786377600000,5.057e-05
BTCUSDT,1786406400000,2.301e-05
BTCUSDT,1786435200000,1.962e-05
BTCUSDT,1786464000000,8.282e-05
BTCUSDT,1786492800000,0.0001
BTCUSDT,1786521600000,8.568e-05
BTCUSDT,1786550400000,6.601e-05
BTCUSDT,1786579200000,6.576e-05
BTCUSDT,1786608000000,7.218e-05
BTCUSDT,1786636800000,7.841e-05
BTCUSDT,1786665600000,8.545e-05
BTCUSDT,1786694400000,5.999e-05
BTCUSDT,1786723200000,6.29e-06
BTCUSDT,1786752000000,6.801e-05
BTCUSDT,1786780800000,6.523e-05
BTCUSDT,1786809600000,5.311e-05
BTCUSDT,1786838400000,9.66e-06
BTCUSDT,1786867200000,1.839e-05
BTCUSDT,1786896000000,5e-05
BTCUSDT,1786924800000,3.818e-05
BTCUSDT,1786953600000,7.131e-05
BTCUSDT,1786982400000,9.202e-05
BTCUSDT,1787011200000,5.164e-05
BTCUSDT,1787040000000,5.02e-05
BTCUSDT,1787068800000,3.65e-05
BTCUSDT,1787097600000,1.617e-05
BTCUSDT,1787126400000,3.815e-05
BTCUSDT,1787155200000,0.0001
BTCUSDT,1787184000000,9.655e-05
BTCUSDT,1787212800000,0.0001
BTCUSDT,1787241600000,9.422e-05
BTCUSDT,1787270400000,4.964e-05
BTCUSDT,1787299200000,5.814e-05
BTCUSDT,1787328000000,0.0001
BTCUSDT,1787356800000,0.0001
BTCUSDT,1787385600000,0.0001
BTCUSDT,1787414400000,0.0001
BTCUSDT,1787443200000,0.0001
BTCUSDT,1787472000000,0.0001
BTCUSDT,1787500800000,0.0001
BTCUSDT,1787529600000,0.0001
BTCUSDT,1787558400000,0.0001
BTCUSDT,1787587200000,0.0001
BTCUSDT,1787616000000,5.818e-05
BTCUSDT,1787644800000,0.0001
BTCUSDT,1787673600000,0.0001
BTCUSDT,1787702400000,7.734e-05
BTCUSDT,1787731200000,5.927e-05
BTCUSDT,1787760000000,7.091e-05
BTCUSDT,1787788800000,4.595e-05
BTCUSDT,1787817600000,0.0001
BTCUSDT,1787846400000,6.331e-05
BTCUSDT,1787875200000,6.578e-05
BTCUSDT,1787904000000,0.0001
BTCUSDT,1787932800000,5.913e-05
BTCUSDT,1787961600000,0.0001
BTCUSDT,1787990400000,0.0001
BTCUSDT,1788019200000,0.0001
BTCUSDT,1788048000000,8.283e-05
BTCUSDT,1788076800000,0.0001
BTCUSDT,1788105600000,7.058e-05
BTCUSDT,1788134400000,7.271e-05
BTCUSDT,1788163200000,0.0001
BTCUSDT,1788192000000,0.0001
BTCUSDT,1788220800000,8.482e-05
BTCUSDT,1788249600000,0.0001
BTCUSDT,1788278400000,3.844e-05
BTCUSDT,1788307200000,7.995e-05
BTCUSDT,1788336000000,7.998e-05
BTCUSDT,1788364800000,3.819e-05
BTCUSDT,1788393600000,7.287e-05
BTCUSDT,1788422400000,5.866e-05
BTCUSDT,1788451200000,8.893e-05
BTCUSDT,1788480000000,8.558e-05
BTCUSDT,1788508800000,6.498e-05
BTCUSDT,1788537600000,4.455e-05
BTCUSDT,1788566400000,1.014e-05
BTCUSDT,1788595200000,-1.5e-06
BTCUSDT,1788624000000,1.923e-05
BTCUSDT,1788652800000,3.589e-05
BTCUSDT,1788681600000,2.295e-05
BTCUSDT,1788710400000,2.813e-05
BTCUSDT,1788739200000,2.792e-05
BTCUSDT,1788768000000,3.113e-05
BTCUSDT,1788796800000,2.185e-05
BTCUSDT,1788825600000,4.542e-05
BTCUSDT,1788854400000,8.18e-05
BTCUSDT,1788883200000,9.029e-05
BTCUSDT,1788912000000,4.876e-05
BTCUSDT,1788940800000,9.012e-05
BTCUSDT,1788969600000,4.815e-05
BTCUSDT,1788998400000,3.562e-05
BTCUSDT,1789027200000,7.869e-05
BTCUSDT,1789056000000,7.199e-05
BTCUSDT,1789084800000,3.006e-05
BTCUSDT,1789113600000,6.122e-05
BTCUSDT,1789142400000,3.593e-05
BTCUSDT,1789171200000,6.093e-05
BTCUSDT,1789200000000,4.334e-05
BTCUSDT,1789228800000,5.169e-05
BTCUSDT,1789257600000,4.788e-05
BTCUSDT,1789286400000,5.39e-05
BTCUSDT,1789315200000,6.45e-05
BTCUSDT,1789344000000,7.157e-05
BTCUSDT,1789372800000,8.037e-05
ETHUSDT,1574841600000,0.0001
ETHUSDT,1574870400000,0.0001
ETHUSDT,1574899200000,0.0001
ETHUSDT,1574928000000,1.401e-05
ETHUSDT,1574956800000,-0.0001061
ETHUSDT,1574985600000,-0.00022765
ETHUSDT,1575014400000,-0.00020527
ETHUSDT,1575043200000,-8.117e-05
ETHUSDT,1575072000000,1.27e-06
ETHUSDT,1575100800000,-3.953e-05
ETHUSDT,1575129600000,0.0001
ETHUSDT,1575158400000,0.0001
ETHUSDT,1575187200000,0.0001
ETHUSDT,1575216000000,0.0001
ETHUSDT,1575244800000,0.0001
ETHUSDT,1575273600000,0.0001
ETHUSDT,1575302400000,0.0001
ETHUSDT,1575331200000,0.0001
ETHUSDT,1575360000000,0.0001
ETHUSDT,1575388800000,0.0001
ETHUSDT,1575417600000,0.0001
ETHUSDT,1575446400000,0.0001
ETHUSDT,1575475200000,0.0001
ETHUSDT,1575504000000,1.618e-05
ETHUSDT,1575532800000,0.0001
ETHUSDT,1575561600000,0.0001
ETHUSDT,1575590400000,0.0001
ETHUSDT,1575619200000,8.067e-05
ETHUSDT,1575648000000,0.0001
ETHUSDT,1575676800000,0.0001
ETHUSDT,1575705600000,0.0001
ETHUSDT,1575734400000,0.0001
ETHUSDT,1575763200000,0.0001
ETHUSDT,1575792000000,0.0001
ETHUSDT,1575820800000,3.335e-05
ETHUSDT,1575849600000,0.0001
ETHUSDT,1575878400000,0.0001
ETHUSDT,1575907200000,0.0001
ETHUSDT,1575936000000,0.0001
ETHUSDT,1575964800000,0.0001
ETHUSDT,1575993600000,0.0001
ETHUSDT,1576022400000,0.0001
ETHUSDT,1576051200000,0.0001
ETHUSDT,1576080000000,0.0001
ETHUSDT,1576108800000,0.0001
ETHUSDT,1576137600000,0.0001
ETHUSDT,1576166400000,0.0001
ETHUSDT,1576195200000,0.0001
ETHUSDT,1576224000000,0.0001
ETHUSDT,1576252800000,0.0001
ETHUSDT,1576281600000,2.56e-06
ETHUSDT,1576310400000,9.895e-05
ETHUSDT,1576339200000,0.0001
ETHUSDT,1576368000000,0.0001
ETHUSDT,1576396800000,0.0001
ETHUSDT,1576425600000,0.0001
ETHUSDT,1576454400000,0.0001
ETHUSDT,1576483200000,0.0001
ETHUSDT,1576512000000,6.449e-05
ETHUSDT,1576540800000,0.0001
ETHUSDT,1576569600000,9.649e-05
ETHUSDT,1576598400000,3.382e-05
ETHUSDT,1576627200000,5.835e-05
ETHUSDT,1576656000000,9.072e-05
ETHUSDT,1576684800000,0.0001
ETHUSDT,1576713600000,0.0001
ETHUSDT,1576742400000,0.0001
ETHUSDT,1576771200000,0.0001
ETHUSDT,1576800000000,0.0001
ETHUSDT,1576828800000,0.0001
ETHUSDT,1576857600000,0.0001
ETHUSDT,1576886400000,0.0001
ETHUSDT,1576915200000,0.0001
ETHUSDT,1576944000000,0.0001
ETHUSDT,1576972800000,0.0001
ETHUSDT,1577001600000,0.0001
ETHUSDT,1577030400000,0.0001
ETHUSDT,1577059200000,0.0001
ETHUSDT,1577088000000,0.0001
ETHUSDT,1577116800000,0.0001
ETHUSDT,1577145600000,0.0001
ETHUSDT,1577174400000,0.0001
ETHUSDT,1577203200000,0.0001
ETHUSDT,1577232000000,0.0001
ETHUSDT,1577260800000,0.0001
ETHUSDT,1577289600000,0.0001
ETHUSDT,1577318400000,9.698e-05
ETHUSDT,1577347200000,0.0001
ETHUSDT,1577376000000,0.0001
ETHUSDT,1577404800000,0.0001
ETHUSDT,1577433600000,0.0001
ETHUSDT,1577462400000,0.0001
ETHUSDT,1577491200000,0.0001
ETHUSDT,1577520000000,0.0001
ETHUSDT,1577548800000,0.0001
ETHUSDT,1577577600000,0.0001
ETHUSDT,1577606400000,2.169e-05
ETHUSDT,1577635200000,8.291e-05
ETHUSDT,1577664000000,3.707e-05
ETHUSDT,1577692800000,0.0001
ETHUSDT,1577721600000,0.0001
ETHUSDT,1577750400000,0.0001
ETHUSDT,1577779200000,9.66e-05
ETHUSDT,1577808000000,0.0001
ETHUSDT,1577836800000,0.0001
ETHUSDT,1577865600000,7.354e-05
ETHUSDT,1577894400000,-0.00016125
ETHUSDT,1577923200000,5.047e-05
ETHUSDT,1577952000000,0.0001
ETHUSDT,1577980800000,0.0001
ETHUSDT,1578009600000,0.0001
ETHUSDT,1578038400000,0.0001
ETHUSDT,1578067200000,0.0001
ETHUSDT,1578096000000,0.0001
ETHUSDT,1578124800000,0.0001
ETHUSDT,1578153600000,0.0001
ETHUSDT,1578182400000,0.0001
ETHUSDT,1578211200000,0.0001
ETHUSDT,1578240000000,0.0001
ETHUSDT,1578268800000,0.0001
ETHUSDT,1578297600000,0.0001
ETHUSDT,1578326400000,0.0001
ETHUSDT,1578355200000,0.0001
ETHUSDT,1578384000000,0.0001
ETHUSDT,1578412800000,0.0001
ETHUSDT,1578441600000,0.0001
ETHUSDT,1578470400000,0.0001
ETHUSDT,1578499200000,0.0001
ETHUSDT,1578528000000,0.0001
ETHUSDT,1578556800000,0.0001
ETHUSDT,1578585600000,0.0001
ETHUSDT,1578614400000,0.0001
ETHUSDT,1578643200000,0.0001
ETHUSDT,1578672000000,0.0001
ETHUSDT,1578700800000,0.0001
ETHUSDT,1578729600000,0.0001
ETHUSDT,1578758400000,0.0001
ETHUSDT,1578787200000,0.0001
ETHUSDT,1578816000000,0.0001
ETHUSDT,1578844800000,0.0001
ETHUSDT,1578873600000,0.0001
ETHUSDT,1578902400000,0.0001
ETHUSDT,1578931200000,0.0001
ETHUSDT,1578960000000,0.0001
ETHUSDT,1578988800000,0.0001
ETHUSDT,1579017600000,0.0001
ETHUSDT,1579046400000,0.00011544
ETHUSDT,1579075200000,0.00020223
ETHUSDT,1579104000000,0.00031864
ETHUSDT,1579132800000,0.00017165
ETHUSDT,1579161600000,0.00038406
ETHUSDT,1579190400000,0.0004224
ETHUSDT,1579219200000,0.00018772
ETHUSDT,1579248000000,0.0001
ETHUSDT,1579276800000,0.00020327
ETHUSDT,1579305600000,0.0001
ETHUSDT,1579334400000,0.0001
ETHUSDT,1579363200000,0.00011014
ETHUSDT,1579392000000,0.00044662
ETHUSDT,1579420800000,0.00019851
ETHUSDT,1579449600000,0.00023852
ETHUSDT,1579478400000,0.00047503
ETHUSDT,1579507200000,0.00054081
ETHUSDT,1579536000000,0.00038562
ETHUSDT,1579564800000,0.00021637
ETHUSDT,1579593600000,0.00016823
ETHUSDT,1579622400000,0.00018627
ETHUSDT,1579651200000,0.0001535
ETHUSDT,1579680000000,0.0001
ETHUSDT,1579708800000,0.0001
ETHUSDT,1579737600000,0.0001
ETHUSDT,1579766400000,0.0001
ETHUSDT,1579795200000,0.00021994
ETHUSDT,1579824000000,0.00017114
ETHUSDT,1579852800000,0.00017748
ETHUSDT,1579881600000,0.00025923
ETHUSDT,1579910400000,0.0001
ETHUSDT,1579939200000,0.0001
ETHUSDT,1579968000000,0.00027793
ETHUSDT,1579996800000,0.00031959
ETHUSDT,1580025600000,0.00026387
ETHUSDT,1580054400000,0.0001
ETHUSDT,1580083200000,0.0001
ETHUSDT,1580112000000,0.0001
ETHUSDT,1580140800000,0.0001
ETHUSDT,1580169600000,0.00010167
ETHUSDT,1580198400000,0.00049212
ETHUSDT,1580227200000,0.00091788
ETHUSDT,1580256000000,0.00122251
ETHUSDT,1580284800000,0.0010613
ETHUSDT,1580313600000,0.00055576
ETHUSDT,1580342400000,0.00054882
ETHUSDT,1580371200000,0.00049058
ETHUSDT,1580400000000,0.00054951
ETHUSDT,1580428800000,0.00082589
ETHUSDT,1580457600000,0.00132017
ETHUSDT,1580486400000,0.00093741
ETHUSDT,1580515200000,0.0007201
ETHUSDT,1580544000000,0.00070775
ETHUSDT,1580572800000,0.00052861
ETHUSDT,1580601600000,0.000352
ETHUSDT,1580630400000,0.00016128
ETHUSDT,1580659200000,0.0001
ETHUSDT,1580688000000,0.0001
ETHUSDT,1580716800000,0.0001
ETHUSDT,1580745600000,0.0001
ETHUSDT,1580774400000,0.00036575
ETHUSDT,1580803200000,0.00014722
ETHUSDT,1580832000000,0.00039381
ETHUSDT,1580860800000,0.0001
ETHUSDT,1580889600000,0.0001
ETHUSDT,1580918400000,0.00095515
ETHUSDT,1580947200000,0.00112654
ETHUSDT,1580976000000,0.00077325
ETHUSDT,1581004800000,0.00053238
ETHUSDT,1581033600000,0.00032775
ETHUSDT,1581062400000,0.00014913
ETHUSDT,1581091200000,0.00045718
ETHUSDT,1581120000000,0.00026524
ETHUSDT,1581148800000,0.00027312
ETHUSDT,1581177600000,0.00029946
ETHUSDT,1581206400000,0.00097062
ETHUSDT,1581235200000,0.00063224
ETHUSDT,1581264000000,0.00136228
ETHUSDT,1581292800000,0.00130685
ETHUSDT,1581321600000,0.00193444
ETHUSDT,1581350400000,0.00295694
ETHUSDT,1581379200000,0.0011812
ETHUSDT,1581408000000,0.00150902
ETHUSDT,1581436800000,0.00107512
ETHUSDT,1581465600000,0.0028447
ETHUSDT,1581494400000,0.0036719
ETHUSDT,1581523200000,0.00148984
ETHUSDT,1581552000000,0.00119193
ETHUSDT,1581580800000,0.00141789
ETHUSDT,1581609600000,0.0017895
ETHUSDT,1581638400000,0.00133922
ETHUSDT,1581667200000,0.00081527
ETHUSDT,1581696000000,0.00097804
ETHUSDT,1581724800000,0.00084363
ETHUSDT,1581753600000,0.00099519
ETHUSDT,1581782400000,0.00116429
ETHUSDT,1581811200000,0.00191229
ETHUSDT,1581840000000,0.00042143
ETHUSDT,1581868800000,0.00063291
ETHUSDT,1581897600000,0.0006537
ETHUSDT,1581926400000,0.00052153
ETHUSDT,1581955200000,0.00088411
ETHUSDT,1581984000000,0.00024205
ETHUSDT,1582012800000,0.00012422
ETHUSDT,1582041600000,0.00023619
ETHUSDT,1582070400000,0.0007174
ETHUSDT,1582099200000,0.00095567
ETHUSDT,1582128000000,0.00068394
ETHUSDT,1582156800000,0.0001949
ETHUSDT,1582185600000,0.0001
ETHUSDT,1582214400000,0.00053851
ETHUSDT,1582243200000,0.00069899
ETHUSDT,1582272000000,0.0005353
ETHUSDT,1582300800000,0.0005742
ETHUSDT,1582329600000,0.00051605
ETHUSDT,1582358400000,0.00056424
ETHUSDT,1582387200000,0.00045883
ETHUSDT,1582416000000,0.00077311
ETHUSDT,1582444800000,0.00043317
ETHUSDT,1582473600000,0.00048157
ETHUSDT,1582502400000,0.00054128
ETHUSDT,1582531200000,0.00037142
ETHUSDT,1582560000000,0.00020954
ETHUSDT,1582588800000,0.00031422
ETHUSDT,1582617600000,0.00040545
ETHUSDT,1582646400000,0.00052084
ETHUSDT,1582675200000,0.00047129
ETHUSDT,1582704000000,0.00079802
ETHUSDT,1582732800000,0.00071497
ETHUSDT,1582761600000,0.0001
ETHUSDT,1582790400000,0.00025833
ETHUSDT,1582819200000,0.00010335
ETHUSDT,1582848000000,0.00012465
ETHUSDT,1582876800000,0.00025289
ETHUSDT,1582905600000,0.00030522
ETHUSDT,1582934400000,0.00040998
ETHUSDT,1582963200000,0.00055451
ETHUSDT,1582992000000,0.00047771
ETHUSDT,1583020800000,0.00032216
ETHUSDT,1583049600000,0.00018986
ETHUSDT,1583078400000,0.00015628
ETHUSDT,1583107200000,0.00014747
ETHUSDT,1583136000000,0.00015638
ETHUSDT,1583164800000,0.0001
ETHUSDT,1583193600000,0.0001
ETHUSDT,1583222400000,0.0001
ETHUSDT,1583251200000,0.00031403
ETHUSDT,1583280000000,0.00030731
ETHUSDT,1583308800000,0.00030432
ETHUSDT,1583337600000,0.00032821
ETHUSDT,1583366400000,0.00029022
ETHUSDT,1583395200000,0.00039893
ETHUSDT,1583424000000,0.00036018
ETHUSDT,1583452800000,0.0003738
ETHUSDT,1583481600000,0.0001
ETHUSDT,1583510400000,0.0001
ETHUSDT,1583539200000,0.0001
ETHUSDT,1583568000000,0.0001
ETHUSDT,1583596800000,0.00013739
ETHUSDT,1583625600000,0.00032347
ETHUSDT,1583654400000,0.0004582
ETHUSDT,1583683200000,0.00037933
ETHUSDT,1583712000000,0.0001
ETHUSDT,1583740800000,0.00011432
ETHUSDT,1583769600000,0.00016188
ETHUSDT,1583798400000,0.00025018
ETHUSDT,1583827200000,0.0001
ETHUSDT,1583856000000,0.00025409
ETHUSDT,1583884800000,0.0001
ETHUSDT,1583913600000,0.00016304
ETHUSDT,1583942400000,0.00037247
ETHUSDT,1583971200000,0.00036391
ETHUSDT,1584000000000,0.00054526
ETHUSDT,1584028800000,0.0001
ETHUSDT,1584057600000,0.0001
ETHUSDT,1584086400000,-0.00281778
ETHUSDT,1584115200000,-0.00027991
ETHUSDT,1584144000000,0.0001
ETHUSDT,1584172800000,0.0001
ETHUSDT,1584201600000,0.0001
ETHUSDT,1584230400000,0.0001
ETHUSDT,1584259200000,0.0001
ETHUSDT,1584288000000,0.0001
ETHUSDT,1584316800000,0.0001
ETHUSDT,1584345600000,0.0001
ETHUSDT,1584374400000,-0.00022932
ETHUSDT,1584403200000,0.0001
ETHUSDT,1584432000000,0.0001
ETHUSDT,1584460800000,0.0001
ETHUSDT,1584489600000,0.0001
ETHUSDT,1584518400000,0.0001
ETHUSDT,1584547200000,0.0001
ETHUSDT,1584576000000,0.0001
ETHUSDT,1584604800000,0.0001
ETHUSDT,1584633600000,0.0001
ETHUSDT,1584662400000,0.0001
ETHUSDT,1584691200000,0.0001
ETHUSDT,1584720000000,0.0001
ETHUSDT,1584748800000,0.0001
ETHUSDT,1584777600000,0.0001
ETHUSDT,1584806400000,0.0001
ETHUSDT,1584835200000,0.0001
ETHUSDT,1584864000000,0.0001
ETHUSDT,1584892800000,0.0001
ETHUSDT,1584921600000,0.0001
ETHUSDT,1584950400000,0.0001
ETHUSDT,1584979200000,0.0001
ETHUSDT,1585008000000,0.0001
ETHUSDT,1585036800000,0.0001
ETHUSDT,1585065600000,0.0001
ETHUSDT,1585094400000,0.0001
ETHUSDT,1585123200000,0.0001
ETHUSDT,1585152000000,0.0001
ETHUSDT,1585180800000,0.0001
ETHUSDT,1585209600000,0.0001
ETHUSDT,1585238400000,0.0001
ETHUSDT,1585267200000,0.0001
ETHUSDT,1585296000000,0.0001
ETHUSDT,1585324800000,0.0001
ETHUSDT,1585353600000,0.0001
ETHUSDT,1585382400000,-2.715e-05
ETHUSDT,1585411200000,0.0001
ETHUSDT,1585440000000,0.0001
ETHUSDT,1585468800000,0.0001
ETHUSDT,1585497600000,0.0001
ETHUSDT,1585526400000,0.0001
ETHUSDT,1585555200000,-9.91e-05
ETHUSDT,1585584000000,0.0001
ETHUSDT,1585612800000,0.0001
ETHUSDT,1585641600000,0.0001
ETHUSDT,1585670400000,0.0001
ETHUSDT,1585699200000,0.0001
ETHUSDT,1585728000000,0.0001
ETHUSDT,1585756800000,-7.368e-05
ETHUSDT,1585785600000,-5.17e-05
ETHUSDT,1585814400000,0.0001
ETHUSDT,1585843200000,0.0001
ETHUSDT,1585872000000,0.0001
ETHUSDT,1585900800000,0.0001
ETHUSDT,1585929600000,0.0001
ETHUSDT,1585958400000,4.881e-05
ETHUSDT,1585987200000,0.0001
ETHUSDT,1586016000000,0.0001
ETHUSDT,1586044800000,0.0001
ETHUSDT,1586073600000,3.554e-05
ETHUSDT,1586102400000,0.0001
ETHUSDT,1586131200000,0.0001
ETHUSDT,1586160000000,7.54e-05
ETHUSDT,1586188800000,5.027e-05
ETHUSDT,1586217600000,-0.00014221
ETHUSDT,1586246400000,-8.712e-05
ETHUSDT,1586275200000,8.758e-05
ETHUSDT,1586304000000,0.0001
ETHUSDT,1586332800000,0.0001
ETHUSDT,1586361600000,0.0001
ETHUSDT,1586390400000,0.0001
ETHUSDT,1586419200000,0.0001
ETHUSDT,1586448000000,0.0001
ETHUSDT,1586476800000,0.0001
ETHUSDT,1586505600000,0.0001
ETHUSDT,1586534400000,0.0001
ETHUSDT,1586563200000,-6.9e-06
ETHUSDT,1586592000000,9.267e-05
ETHUSDT,1586620800000,0.0001
ETHUSDT,1586649600000,0.0001
ETHUSDT,1586678400000,1.985e-05
ETHUSDT,1586707200000,0.0001
ETHUSDT,1586736000000,0.0001
ETHUSDT,1586764800000,0.0001
ETHUSDT,1586793600000,0.0001
ETHUSDT,1586822400000,0.0001
ETHUSDT,1586851200000,0.0001
ETHUSDT,1586880000000,0.0001
ETHUSDT,1586908800000,0.0001
ETHUSDT,1586937600000,0.0001
ETHUSDT,1586966400000,0.0001
ETHUSDT,1586995200000,0.0001
ETHUSDT,1587024000000,-2.526e-05
ETHUSDT,1587052800000,0.0001
ETHUSDT,1587081600000,0.0001
ETHUSDT,1587110400000,0.0001
ETHUSDT,1587139200000,0.0001
ETHUSDT,1587168000000,0.0001
ETHUSDT,1587196800000,9.454e-05
ETHUSDT,1587225600000,0.0001
ETHUSDT,1587254400000,0.0001
ETHUSDT,1587283200000,0.0001
ETHUSDT,1587312000000,0.0001
ETHUSDT,1587340800000,0.0001
ETHUSDT,1587369600000,0.0001
ETHUSDT,1587398400000,0.0001
ETHUSDT,1587427200000,0.0001
ETHUSDT,1587456000000,0.0001
ETHUSDT,1587484800000,0.0001
ETHUSDT,1587513600000,0.0001
ETHUSDT,1587542400000,0.0001
ETHUSDT,1587571200000,0.0001
ETHUSDT,1587600000000,0.0001
ETHUSDT,1587628800000,0.0001
ETHUSDT,1587657600000,0.0001
ETHUSDT,1587686400000,0.0001
ETHUSDT,1587715200000,0.0001
ETHUSDT,1587744000000,0.0001
ETHUSDT,1587772800000,0.0001
ETHUSDT,1587801600000,0.0001
ETHUSDT,1587830400000,0.0001
ETHUSDT,1587859200000,0.0001
ETHUSDT,1587888000000,0.0001
ETHUSDT,1587916800000,0.0001
ETHUSDT,1587945600000,0.0001
ETHUSDT,1587974400000,0.0001
ETHUSDT,1588003200000,0.0001
ETHUSDT,1588032000000,0.0001
ETHUSDT,1588060800000,0.0001
ETHUSDT,1588089600000,0.0001
ETHUSDT,1588118400000,0.0001
ETHUSDT,1588147200000,0.0001
ETHUSDT,1588176000000,0.0001
ETHUSDT,1588204800000,0.0001
ETHUSDT,1588233600000,0.00040543
ETHUSDT,1588262400000,0.0001
ETHUSDT,1588291200000,0.0001
ETHUSDT,1588320000000,0.0001963
ETHUSDT,1588348800000,0.00033541
ETHUSDT,1588377600000,0.00020286
ETHUSDT,1588406400000,0.00028799
ETHUSDT,1588435200000,0.00065493
ETHUSDT,1588464000000,0.0002053
ETHUSDT,1588492800000,0.00033679
ETHUSDT,1588521600000,0.00030318
ETHUSDT,1588550400000,0.0001
ETHUSDT,1588579200000,0.00020259
ETHUSDT,1588608000000,0.00018353
ETHUSDT,1588636800000,0.00021158
ETHUSDT,1588665600000,0.00033589
ETHUSDT,1588694400000,0.0001
ETHUSDT,1588723200000,0.0001
ETHUSDT,1588752000000,0.00023099
ETHUSDT,1588780800000,0.00058198
ETHUSDT,1588809600000,0.0001
ETHUSDT,1588838400000,0.0001
ETHUSDT,1588867200000,0.00010111
ETHUSDT,1588896000000,0.000687
ETHUSDT,1588924800000,0.00027607
ETHUSDT,1588953600000,0.00021374
ETHUSDT,1588982400000,0.00039213
ETHUSDT,1589011200000,0.00018668
ETHUSDT,1589040000000,0.000217
ETHUSDT,1589068800000,0.00015215
ETHUSDT,1589097600000,0.0001
ETHUSDT,1589126400000,0.0001
ETHUSDT,1589155200000,0.0001
ETHUSDT,1589184000000,0.0001
ETHUSDT,1589212800000,0.0001
ETHUSDT,1589241600000,0.0001
ETHUSDT,1589270400000,0.0001
ETHUSDT,1589299200000,0.0001
ETHUSDT,1589328000000,0.0001
ETHUSDT,1589356800000,0.0001
ETHUSDT,1589385600000,0.0001
ETHUSDT,1589414400000,0.0001
ETHUSDT,1589443200000,0.0001
ETHUSDT,1589472000000,0.0001
ETHUSDT,1589500800000,4.486e-05
ETHUSDT,1589529600000,-3.957e-05
ETHUSDT,1589558400000,0.0001
ETHUSDT,1589587200000,0.0001
ETHUSDT,1589616000000,-5.47e-05
ETHUSDT,1589644800000,0.0001
ETHUSDT,1589673600000,0.0001
ETHUSDT,1589702400000,-4.057e-05
ETHUSDT,1589731200000,0.0001
ETHUSDT,1589760000000,0.0001
ETHUSDT,1589788800000,0.0001
ETHUSDT,1589817600000,0.0001
ETHUSDT,1589846400000,0.0001
ETHUSDT,1589875200000,0.0001
ETHUSDT,1589904000000,0.0001
ETHUSDT,1589932800000,0.0001
ETHUSDT,1589961600000,0.0001
ETHUSDT,1589990400000,0.0001
ETHUSDT,1590019200000,0.0001
ETHUSDT,1590048000000,0.0001
ETHUSDT,1590076800000,0.0001
ETHUSDT,1590105600000,3.518e-05
ETHUSDT,1590134400000,0.0001
ETHUSDT,1590163200000,0.0001
ETHUSDT,1590192000000,0.0001
ETHUSDT,1590220800000,0.0001
ETHUSDT,1590249600000,0.0001
ETHUSDT,1590278400000,0.0001
ETHUSDT,1590307200000,0.0001
ETHUSDT,1590336000000,0.0001
ETHUSDT,1590364800000,0.0001
ETHUSDT,1590393600000,0.0001
ETHUSDT,1590422400000,0.0001
ETHUSDT,1590451200000,0.0001
ETHUSDT,1590480000000,0.0001
ETHUSDT,1590508800000,0.0001
ETHUSDT,1590537600000,0.0001
ETHUSDT,1590566400000,0.0001
ETHUSDT,1590595200000,0.0001
ETHUSDT,1590624000000,0.0001
ETHUSDT,1590652800000,0.0001
ETHUSDT,1590681600000,0.0001
ETHUSDT,1590710400000,0.0001
ETHUSDT,1590739200000,0.0001
ETHUSDT,1590768000000,0.0001
ETHUSDT,1590796800000,0.0001
ETHUSDT,1590825600000,0.0001
ETHUSDT,1590854400000,0.0001
ETHUSDT,1590883200000,0.0001
ETHUSDT,1590912000000,0.0001
ETHUSDT,1590940800000,0.0001
ETHUSDT,1590969600000,0.0001
ETHUSDT,1590998400000,0.0001
ETHUSDT,1591027200000,0.0001
ETHUSDT,1591056000000,0.00034764
ETHUSDT,1591084800000,0.00018222
ETHUSDT,1591113600000,0.0001
ETHUSDT,1591142400000,0.0001
ETHUSDT,1591171200000,0.0001
ETHUSDT,1591200000000,0.0001
ETHUSDT,1591228800000,0.0001
ETHUSDT,1591257600000,0.0001
ETHUSDT,1591286400000,0.0001
ETHUSDT,1591315200000,0.0001
ETHUSDT,1591344000000,0.0001
ETHUSDT,1591372800000,0.0001
ETHUSDT,1591401600000,0.0001
ETHUSDT,1591430400000,0.0001
ETHUSDT,1591459200000,0.0001
ETHUSDT,1591488000000,0.0001
ETHUSDT,1591516800000,0.0001
ETHUSDT,1591545600000,0.0001
ETHUSDT,1591574400000,0.0001
ETHUSDT,1591603200000,0.0002108
ETHUSDT,1591632000000,0.00023671
ETHUSDT,1591660800000,0.00021431
ETHUSDT,1591689600000,0.0001
ETHUSDT,1591718400000,0.00012471
ETHUSDT,1591747200000,0.0001
ETHUSDT,1591776000000,0.0001
ETHUSDT,1591804800000,0.0001
ETHUSDT,1591833600000,0.00023457
ETHUSDT,1591862400000,0.0001
ETHUSDT,1591891200000,0.0001
ETHUSDT,1591920000000,0.0001
ETHUSDT,1591948800000,0.0001
ETHUSDT,1591977600000,0.0001
ETHUSDT,1592006400000,0.0001
ETHUSDT,1592035200000,0.0001
ETHUSDT,1592064000000,0.0001
ETHUSDT,1592092800000,0.0001
ETHUSDT,1592121600000,0.0001
ETHUSDT,1592150400000,0.0001
ETHUSDT,1592179200000,0.0001
ETHUSDT,1592208000000,0.0001
ETHUSDT,1592236800000,0.0001
ETHUSDT,1592265600000,0.0001
ETHUSDT,1592294400000,0.0001
ETHUSDT,1592323200000,0.0001
ETHUSDT,1592352000000,0.0001
ETHUSDT,1592380800000,0.0001
ETHUSDT,1592409600000,0.0001
ETHUSDT,1592438400000,0.0001
ETHUSDT,1592467200000,0.0001
ETHUSDT,1592496000000,0.0001
ETHUSDT,1592524800000,0.0001
ETHUSDT,1592553600000,0.0001
ETHUSDT,1592582400000,0.0001
ETHUSDT,1592611200000,0.0001
ETHUSDT,1592640000000,0.0001
ETHUSDT,1592668800000,0.0001
ETHUSDT,1592697600000,0.0001
ETHUSDT,1592726400000,0.0001
ETHUSDT,1592755200000,0.0001
ETHUSDT,1592784000000,0.0001
ETHUSDT,1592812800000,0.0001
ETHUSDT,1592841600000,0.0001
ETHUSDT,1592870400000,0.0001
ETHUSDT,1592899200000,0.0001
ETHUSDT,1592928000000,0.0001
ETHUSDT,1592956800000,0.0001
ETHUSDT,1592985600000,0.0001
ETHUSDT,1593014400000,0.0001
ETHUSDT,1593043200000,0.0001
ETHUSDT,1593072000000,0.0001
ETHUSDT,1593100800000,0.0001
ETHUSDT,1593129600000,0.0001
ETHUSDT,1593158400000,0.0001
ETHUSDT,1593187200000,0.0001
ETHUSDT,1593216000000,0.0001
ETHUSDT,1593244800000,0.0001
ETHUSDT,1593273600000,0.0001
ETHUSDT,1593302400000,0.0001
ETHUSDT,1593331200000,0.0001
ETHUSDT,1593360000000,0.0001
ETHUSDT,1593388800000,0.0001
ETHUSDT,1593417600000,0.0001
ETHUSDT,1593446400000,0.0001
ETHUSDT,1593475200000,0.0001
ETHUSDT,1593504000000,0.0001
ETHUSDT,1593532800000,0.0001
ETHUSDT,1593561600000,0.0001
ETHUSDT,1593590400000,0.0001
ETHUSDT,1593619200000,0.0001
ETHUSDT,1593648000000,0.0001
ETHUSDT,1593676800000,0.0001
ETHUSDT,1593705600000,0.0001
ETHUSDT,1593734400000,0.0001
ETHUSDT,1593763200000,0.0001
ETHUSDT,1593792000000,0.0001
ETHUSDT,1593820800000,0.0001
ETHUSDT,1593849600000,0.0001
ETHUSDT,1593878400000,0.0001
ETHUSDT,1593907200000,0.0001
ETHUSDT,1593936000000,0.0001
ETHUSDT,1593964800000,0.0001
ETHUSDT,1593993600000,0.0001
ETHUSDT,1594022400000,0.0001
ETHUSDT,1594051200000,0.0001
ETHUSDT,1594080000000,0.0001
ETHUSDT,1594108800000,0.0001
ETHUSDT,1594137600000,0.0001
ETHUSDT,1594166400000,0.0001
ETHUSDT,1594195200000,0.0001
ETHUSDT,1594224000000,0.0001
ETHUSDT,1594252800000,0.00011645
ETHUSDT,1594281600000,0.00011218
ETHUSDT,1594310400000,0.00010104
ETHUSDT,1594339200000,0.0001
ETHUSDT,1594368000000,0.0001
ETHUSDT,1594396800000,0.0001
ETHUSDT,1594425600000,0.0001
ETHUSDT,1594454400000,0.0001
ETHUSDT,1594483200000,0.0001
ETHUSDT,1594512000000,0.0001
ETHUSDT,1594540800000,0.0001
ETHUSDT,1594569600000,0.0001
ETHUSDT,1594598400000,0.0001
ETHUSDT,1594627200000,0.0001
ETHUSDT,1594656000000,0.00012899
ETHUSDT,1594684800000,0.0001
ETHUSDT,1594713600000,0.0001
ETHUSDT,1594742400000,0.0001
ETHUSDT,1594771200000,0.0001
ETHUSDT,1594800000000,0.0001
ETHUSDT,1594828800000,0.0001
ETHUSDT,1594857600000,0.0001
ETHUSDT,1594886400000,0.0001
ETHUSDT,1594915200000,0.0001
ETHUSDT,1594944000000,0.0001
ETHUSDT,1594972800000,0.0001
ETHUSDT,1595001600000,0.0001
ETHUSDT,1595030400000,0.0001
ETHUSDT,1595059200000,0.0001
ETHUSDT,1595088000000,0.0001
ETHUSDT,1595116800000,0.0001
ETHUSDT,1595145600000,0.0001
ETHUSDT,1595174400000,0.0001
ETHUSDT,1595203200000,0.0001
ETHUSDT,1595232000000,0.0001
ETHUSDT,1595260800000,0.0001
ETHUSDT,1595289600000,0.0001
ETHUSDT,1595318400000,0.0001
ETHUSDT,1595347200000,0.0001
ETHUSDT,1595376000000,0.0001
ETHUSDT,1595404800000,0.0001
ETHUSDT,1595433600000,0.0001
ETHUSDT,1595462400000,0.00055183
ETHUSDT,1595491200000,0.00079591
ETHUSDT,1595520000000,0.00047433
ETHUSDT,1595548800000,0.00058285
ETHUSDT,1595577600000,0.0009435
ETHUSDT,1595606400000,0.00042763
ETHUSDT,1595635200000,0.00032733
ETHUSDT,1595664000000,0.00019115
ETHUSDT,1595692800000,0.00023376
ETHUSDT,1595721600000,0.00039999
ETHUSDT,1595750400000,0.00091914
ETHUSDT,1595779200000,0.00090981
ETHUSDT,1595808000000,0.00069401
ETHUSDT,1595836800000,0.00076669
ETHUSDT,1595865600000,0.00091745
ETHUSDT,1595894400000,0.00113558
ETHUSDT,1595923200000,0.00120926
ETHUSDT,1595952000000,0.00114134
ETHUSDT,1595980800000,0.00086449
ETHUSDT,1596009600000,0.00095544
ETHUSDT,1596038400000,0.00071643
ETHUSDT,1596067200000,0.0006881
ETHUSDT,1596096000000,0.00062728
ETHUSDT,1596124800000,0.0006027
ETHUSDT,1596153600000,0.00108946
ETHUSDT,1596182400000,0.00070112
ETHUSDT,1596211200000,0.00061106
ETHUSDT,1596240000000,0.00035058
ETHUSDT,1596268800000,0.00044202
ETHUSDT,1596297600000,0.00053847
ETHUSDT,1596326400000,0.00163562
ETHUSDT,1596355200000,0.00094879
ETHUSDT,1596384000000,0.00033067
ETHUSDT,1596412800000,0.0002917
ETHUSDT,1596441600000,0.00050577
ETHUSDT,1596470400000,0.00054445
ETHUSDT,1596499200000,0.00036557
ETHUSDT,1596528000000,0.00054679
ETHUSDT,1596556800000,0.00063177
ETHUSDT,1596585600000,0.00061202
ETHUSDT,1596614400000,0.00053408
ETHUSDT,1596643200000,0.0008946
ETHUSDT,1596672000000,0.00062437
ETHUSDT,1596700800000,0.00056598
ETHUSDT,1596729600000,0.00069781
ETHUSDT,1596758400000,0.00052275
ETHUSDT,1596787200000,0.00046696
ETHUSDT,1596816000000,0.00029683
ETHUSDT,1596844800000,0.0001
ETHUSDT,1596873600000,0.00020749
ETHUSDT,1596902400000,0.00044084
ETHUSDT,1596931200000,0.00032833
ETHUSDT,1596960000000,0.00046489
ETHUSDT,1596988800000,0.00034455
ETHUSDT,1597017600000,0.00033424
ETHUSDT,1597046400000,0.00108975
ETHUSDT,1597075200000,0.00052034
ETHUSDT,1597104000000,0.00048022
ETHUSDT,1597132800000,0.00052529
ETHUSDT,1597161600000,0.00052038
ETHUSDT,1597190400000,0.00034144
ETHUSDT,1597219200000,0.00034577
ETHUSDT,1597248000000,0.00024038
ETHUSDT,1597276800000,0.00031747
ETHUSDT,1597305600000,0.0006053
ETHUSDT,1597334400000,0.00051653
ETHUSDT,1597363200000,0.00136967
ETHUSDT,1597392000000,0.00146832
ETHUSDT,1597420800000,0.00124102
ETHUSDT,1597449600000,0.0007934
ETHUSDT,1597478400000,0.00084015
ETHUSDT,1597507200000,0.00075821
ETHUSDT,1597536000000,0.0009221
ETHUSDT,1597564800000,0.00086801
ETHUSDT,1597593600000,0.00046248
ETHUSDT,1597622400000,0.00074992
ETHUSDT,1597651200000,0.00061133
ETHUSDT,1597680000000,0.00103523
ETHUSDT,1597708800000,0.00133232
ETHUSDT,1597737600000,0.00085913
ETHUSDT,1597766400000,0.00054732
ETHUSDT,1597795200000,0.00034355
ETHUSDT,1597824000000,0.00021587
ETHUSDT,1597852800000,0.00040187
ETHUSDT,1597881600000,0.00035614
ETHUSDT,1597910400000,0.00026745
ETHUSDT,1597939200000,0.0001
ETHUSDT,1597968000000,0.0001
ETHUSDT,1597996800000,0.0001
ETHUSDT,1598025600000,0.00021092
ETHUSDT,1598054400000,0.0001
ETHUSDT,1598083200000,0.0001
ETHUSDT,1598112000000,0.0001
ETHUSDT,1598140800000,0.00016169
ETHUSDT,1598169600000,0.00014517
ETHUSDT,1598198400000,0.00030687
ETHUSDT,1598227200000,0.00031572
ETHUSDT,1598256000000,0.00022508
ETHUSDT,1598284800000,0.00031958
ETHUSDT,1598313600000,0.0002243
ETHUSDT,1598342400000,0.00011335
ETHUSDT,1598371200000,0.00011631
ETHUSDT,1598400000000,0.00020921
ETHUSDT,1598428800000,0.0001
ETHUSDT,1598457600000,0.00015004
ETHUSDT,1598486400000,0.00011281
ETHUSDT,1598515200000,0.0001
ETHUSDT,1598544000000,0.0001
ETHUSDT,1598572800000,0.0001
ETHUSDT,1598601600000,0.0001
ETHUSDT,1598630400000,0.00012226
ETHUSDT,1598659200000,0.0001
ETHUSDT,1598688000000,0.0001
ETHUSDT,1598716800000,0.0001
ETHUSDT,1598745600000,0.0001
ETHUSDT,1598774400000,0.0001
ETHUSDT,1598803200000,0.0001
ETHUSDT,1598832000000,0.0001
ETHUSDT,1598860800000,0.0001
ETHUSDT,1598889600000,0.0001
ETHUSDT,1598918400000,0.0001
ETHUSDT,1598947200000,0.00027103
ETHUSDT,1598976000000,0.00055077
ETHUSDT,1599004800000,0.00045898
ETHUSDT,1599033600000,0.00060012
ETHUSDT,1599062400000,0.0001
ETHUSDT,1599091200000,0.00014859
ETHUSDT,1599120000000,0.0001
ETHUSDT,1599148800000,0.0001
ETHUSDT,1599177600000,0.00010813
ETHUSDT,1599206400000,0.00020118
ETHUSDT,1599235200000,0.0001181
ETHUSDT,1599264000000,0.0001
ETHUSDT,1599292800000,0.0001
ETHUSDT,1599321600000,0.0001
ETHUSDT,1599350400000,0.0001
ETHUSDT,1599379200000,0.0001
ETHUSDT,1599408000000,0.0001
ETHUSDT,1599436800000,0.0001
ETHUSDT,1599465600000,6.48e-05
ETHUSDT,1599494400000,0.0001
ETHUSDT,1599523200000,0.0001
ETHUSDT,1599552000000,0.0001
ETHUSDT,1599580800000,0.0001
ETHUSDT,1599609600000,0.0001
ETHUSDT,1599638400000,0.0001
ETHUSDT,1599667200000,0.0001
ETHUSDT,1599696000000,0.0001
ETHUSDT,1599724800000,0.0001
ETHUSDT,1599753600000,6.538e-05
ETHUSDT,1599782400000,3.498e-05
ETHUSDT,1599811200000,9.323e-05
ETHUSDT,1599840000000,7.151e-05
ETHUSDT,1599868800000,0.0001
ETHUSDT,1599897600000,0.0001
ETHUSDT,1599926400000,3.731e-05
ETHUSDT,1599955200000,0.0001
ETHUSDT,1599984000000,0.0001
ETHUSDT,1600012800000,0.0001
ETHUSDT,1600041600000,0.0001
ETHUSDT,1600070400000,0.0001
ETHUSDT,1600099200000,0.0001
ETHUSDT,1600128000000,0.0001
ETHUSDT,1600156800000,0.0001
ETHUSDT,1600185600000,0.0001
ETHUSDT,1600214400000,0.0001
ETHUSDT,1600243200000,0.0001
ETHUSDT,1600272000000,0.0001
ETHUSDT,1600300800000,0.0001
ETHUSDT,1600329600000,0.0001
ETHUSDT,1600358400000,0.0001
ETHUSDT,1600387200000,0.0001
ETHUSDT,1600416000000,0.0001
ETHUSDT,1600444800000,0.0001
ETHUSDT,1600473600000,0.0001
ETHUSDT,1600502400000,0.0001
ETHUSDT,1600531200000,0.0001
ETHUSDT,1600560000000,0.0001
ETHUSDT,1600588800000,0.0001
ETHUSDT,1600617600000,-8e-07
ETHUSDT,1600646400000,-1.481e-05
ETHUSDT,1600675200000,0.0001
ETHUSDT,1600704000000,5.075e-05
ETHUSDT,1600732800000,-0.00022757
ETHUSDT,1600761600000,9.7e-07
ETHUSDT,1600790400000,1.01e-05
ETHUSDT,1600819200000,0.0001
ETHUSDT,1600848000000,1.632e-05
ETHUSDT,1600876800000,0.0001
ETHUSDT,1600905600000,-1.579e-05
ETHUSDT,1600934400000,3.064e-05
ETHUSDT,1600963200000,5.598e-05
ETHUSDT,1600992000000,5.361e-05
ETHUSDT,1601020800000,0.0001
ETHUSDT,1601049600000,0.0001
ETHUSDT,1601078400000,0.0001
ETHUSDT,1601107200000,0.0001
ETHUSDT,1601136000000,0.0001
ETHUSDT,1601164800000,0.0001
ETHUSDT,1601193600000,0.0001
ETHUSDT,1601222400000,0.0001
ETHUSDT,1601251200000,0.0001
ETHUSDT,1601280000000,0.0001
ETHUSDT,1601308800000,0.0001
ETHUSDT,1601337600000,0.0001
ETHUSDT,1601366400000,-1.526e-05
ETHUSDT,1601395200000,7.388e-05
ETHUSDT,1601424000000,0.0001
ETHUSDT,1601452800000,0.0001
ETHUSDT,1601481600000,-2.8e-06
ETHUSDT,1601510400000,9.937e-05
ETHUSDT,1601539200000,0.0001
ETHUSDT,1601568000000,0.0001
ETHUSDT,1601596800000,4.321e-05
ETHUSDT,1601625600000,0.0001
ETHUSDT,1601654400000,-3.462e-05
ETHUSDT,1601683200000,5.867e-05
ETHUSDT,1601712000000,-0.00011916
ETHUSDT,1601740800000,-3.221e-05
ETHUSDT,1601769600000,-6.7e-06
ETHUSDT,1601798400000,0.0001
ETHUSDT,1601827200000,-6.384e-05
ETHUSDT,1601856000000,0.0001
ETHUSDT,1601884800000,3.05e-06
ETHUSDT,1601913600000,-1.442e-05
ETHUSDT,1601942400000,-4.499e-05
ETHUSDT,1601971200000,9.514e-05
ETHUSDT,1602000000000,4.4e-07
ETHUSDT,1602028800000,-7.208e-05
ETHUSDT,1602057600000,2.716e-05
ETHUSDT,1602086400000,7.205e-05
ETHUSDT,1602115200000,0.0001
ETHUSDT,1602144000000,0.0001
ETHUSDT,1602172800000,0.0001
ETHUSDT,1602201600000,0.0001
ETHUSDT,1602230400000,0.0001
ETHUSDT,1602259200000,0.0001
ETHUSDT,1602288000000,0.0001
ETHUSDT,1602316800000,0.0001733
ETHUSDT,1602345600000,0.00027917
ETHUSDT,1602374400000,0.00011995
ETHUSDT,1602403200000,0.00013127
ETHUSDT,1602432000000,0.0001
ETHUSDT,1602460800000,0.0001
ETHUSDT,1602489600000,0.0001
ETHUSDT,1602518400000,0.0001
ETHUSDT,1602547200000,0.0002191
ETHUSDT,1602576000000,0.0001
ETHUSDT,1602604800000,0.0001
ETHUSDT,1602633600000,0.0001
ETHUSDT,1602662400000,0.0001
ETHUSDT,1602691200000,0.0001
ETHUSDT,1602720000000,0.0001
ETHUSDT,1602748800000,0.0001
ETHUSDT,1602777600000,0.0001
ETHUSDT,1602806400000,0.0001
ETHUSDT,1602835200000,0.0001
ETHUSDT,1602864000000,0.0001
ETHUSDT,1602892800000,0.0001
ETHUSDT,1602921600000,0.0001
ETHUSDT,1602950400000,0.0001
ETHUSDT,1602979200000,0.0001
ETHUSDT,1603008000000,0.0001
ETHUSDT,1603036800000,0.0001
ETHUSDT,1603065600000,0.0001
ETHUSDT,1603094400000,0.0001
ETHUSDT,1603123200000,0.0001
ETHUSDT,1603152000000,0.00011516
ETHUSDT,1603180800000,0.00037754
ETHUSDT,1603209600000,0.0001
ETHUSDT,1603238400000,0.0001
ETHUSDT,1603267200000,0.00031887
ETHUSDT,1603296000000,0.00050823
ETHUSDT,1603324800000,0.00083557
ETHUSDT,1603353600000,0.00052961
ETHUSDT,1603382400000,0.00074052
ETHUSDT,1603411200000,0.0005259
ETHUSDT,1603440000000,0.00033468
ETHUSDT,1603468800000,0.00024975
ETHUSDT,1603497600000,0.00051273
ETHUSDT,1603526400000,0.00042291
ETHUSDT,1603555200000,0.00034696
ETHUSDT,1603584000000,0.00039795
ETHUSDT,1603612800000,0.0001
ETHUSDT,1603641600000,0.0001
ETHUSDT,1603670400000,0.0001
ETHUSDT,1603699200000,0.0001
ETHUSDT,1603728000000,0.0002133
ETHUSDT,1603756800000,0.0001
ETHUSDT,1603785600000,0.0001
ETHUSDT,1603814400000,0.00018409
ETHUSDT,1603843200000,0.00015253
ETHUSDT,1603872000000,0.0001
ETHUSDT,1603900800000,0.0001
ETHUSDT,1603929600000,0.0001
ETHUSDT,1603958400000,0.0001
ETHUSDT,1603987200000,0.0001
ETHUSDT,1604016000000,0.0001
ETHUSDT,1604044800000,0.0001
ETHUSDT,1604073600000,0.0001
ETHUSDT,1604102400000,0.0001
ETHUSDT,1604131200000,0.0001
ETHUSDT,1604160000000,0.0001
ETHUSDT,1604188800000,0.0001
ETHUSDT,1604217600000,0.0001
ETHUSDT,1604246400000,0.0001
ETHUSDT,1604275200000,0.0001
ETHUSDT,1604304000000,0.00030095
ETHUSDT,1604332800000,0.0001
ETHUSDT,1604361600000,0.0001
ETHUSDT,1604390400000,0.0001
ETHUSDT,1604419200000,0.0001
ETHUSDT,1604448000000,0.0001
ETHUSDT,1604476800000,0.0001
ETHUSDT,1604505600000,0.0001
ETHUSDT,1604534400000,0.00076235
ETHUSDT,1604563200000,0.00073669
ETHUSDT,1604592000000,0.00069168
ETHUSDT,1604620800000,0.00035727
ETHUSDT,1604649600000,0.0007547
ETHUSDT,1604678400000,0.00073654
ETHUSDT,1604707200000,0.00048047
ETHUSDT,1604736000000,0.00103009
ETHUSDT,1604764800000,0.0005895
ETHUSDT,1604793600000,0.00021269
ETHUSDT,1604822400000,0.00034732
ETHUSDT,1604851200000,0.00058594
ETHUSDT,1604880000000,0.00050128
ETHUSDT,1604908800000,0.00025588
ETHUSDT,1604937600000,0.00028775
ETHUSDT,1604966400000,0.00016695
ETHUSDT,1604995200000,0.0003373
ETHUSDT,1605024000000,0.00036401
ETHUSDT,1605052800000,0.00043021
ETHUSDT,1605081600000,0.00018601
ETHUSDT,1605110400000,0.00041035
ETHUSDT,1605139200000,0.00039191
ETHUSDT,1605168000000,0.0001
ETHUSDT,1605196800000,0.0001
ETHUSDT,1605225600000,0.0001
ETHUSDT,1605254400000,0.0001
ETHUSDT,1605283200000,0.00051032
ETHUSDT,1605312000000,0.00058724
ETHUSDT,1605340800000,0.00011914
ETHUSDT,1605369600000,0.0001
ETHUSDT,1605398400000,0.0001
ETHUSDT,1605427200000,0.0001
ETHUSDT,1605456000000,0.0001
ETHUSDT,1605484800000,0.0001
ETHUSDT,1605513600000,0.0001
ETHUSDT,1605542400000,0.0001
ETHUSDT,1605571200000,0.0001
ETHUSDT,1605600000000,0.00024182
ETHUSDT,1605628800000,0.0003788
ETHUSDT,1605657600000,0.00089819
ETHUSDT,1605686400000,0.00037818
ETHUSDT,1605715200000,0.0001
ETHUSDT,1605744000000,0.0001
ETHUSDT,1605772800000,0.00014096
ETHUSDT,1605801600000,0.00038994
ETHUSDT,1605830400000,0.00016511
ETHUSDT,1605859200000,0.00078136
ETHUSDT,1605888000000,0.0007993
ETHUSDT,1605916800000,0.00011376
ETHUSDT,1605945600000,0.00012145
ETHUSDT,1605974400000,0.00075533
ETHUSDT,1606003200000,0.00080539
ETHUSDT,1606032000000,0.0008501
ETHUSDT,1606060800000,0.00073816
ETHUSDT,1606089600000,0.00158187
ETHUSDT,1606118400000,0.00114125
ETHUSDT,1606147200000,0.00085758
ETHUSDT,1606176000000,0.00064276
ETHUSDT,1606204800000,0.00091981
ETHUSDT,1606233600000,0.00116688
ETHUSDT,1606262400000,0.00073994
ETHUSDT,1606291200000,0.00053128
ETHUSDT,1606320000000,0.00116534
ETHUSDT,1606348800000,0.00048837
ETHUSDT,1606377600000,0.0001
ETHUSDT,1606406400000,0.00013275
ETHUSDT,1606435200000,0.0002475
ETHUSDT,1606464000000,0.0001
ETHUSDT,1606492800000,0.0001
ETHUSDT,1606521600000,0.0001
ETHUSDT,1606550400000,0.0001
ETHUSDT,1606579200000,0.0001
ETHUSDT,1606608000000,0.0001
ETHUSDT,1606636800000,0.0001
ETHUSDT,1606665600000,0.0001
ETHUSDT,1606694400000,0.0001
ETHUSDT,1606723200000,0.00036965
ETHUSDT,1606752000000,0.00090116
ETHUSDT,1606780800000,0.00039869
ETHUSDT,1606809600000,0.00058752
ETHUSDT,1606838400000,0.00031592
ETHUSDT,1606867200000,0.00019429
ETHUSDT,1606896000000,0.00045805
ETHUSDT,1606924800000,0.0001
ETHUSDT,1606953600000,0.0001
ETHUSDT,1606982400000,0.0001
ETHUSDT,1607011200000,0.00077331
ETHUSDT,1607040000000,0.00037142
ETHUSDT,1607068800000,0.00015116
ETHUSDT,1607097600000,0.0001
ETHUSDT,1607126400000,0.00027833
ETHUSDT,1607155200000,0.0001
ETHUSDT,1607184000000,0.00016022
ETHUSDT,1607212800000,0.0001
ETHUSDT,1607241600000,0.0001
ETHUSDT,1607270400000,0.0001
ETHUSDT,1607299200000,0.0001
ETHUSDT,1607328000000,0.0001
ETHUSDT,1607356800000,0.0001
ETHUSDT,1607385600000,0.00029366
ETHUSDT,1607414400000,0.00017744
ETHUSDT,1607443200000,0.0001
ETHUSDT,1607472000000,0.00013842
ETHUSDT,1607500800000,0.0001
ETHUSDT,1607529600000,0.0001
ETHUSDT,1607558400000,0.0001
ETHUSDT,1607587200000,0.0001
ETHUSDT,1607616000000,0.0001
ETHUSDT,1607644800000,0.00017393
ETHUSDT,1607673600000,0.00012389
ETHUSDT,1607702400000,0.0001
ETHUSDT,1607731200000,0.0001
ETHUSDT,1607760000000,0.0001
ETHUSDT,1607788800000,0.0001
ETHUSDT,1607817600000,0.0001
ETHUSDT,1607846400000,0.0001
ETHUSDT,1607875200000,0.0001
ETHUSDT,1607904000000,0.0001
ETHUSDT,1607932800000,0.0001
ETHUSDT,1607961600000,0.0001
ETHUSDT,1607990400000,0.0001
ETHUSDT,1608019200000,0.0001
ETHUSDT,1608048000000,0.0001
ETHUSDT,1608076800000,0.0001
ETHUSDT,1608105600000,0.0001
ETHUSDT,1608134400000,0.0010246
ETHUSDT,1608163200000,0.00050069
ETHUSDT,1608192000000,0.00073138
ETHUSDT,1608220800000,0.00133961
ETHUSDT,1608249600000,0.00026396
ETHUSDT,1608278400000,0.00050887
ETHUSDT,1608307200000,0.00061589
ETHUSDT,1608336000000,0.00064688
ETHUSDT,1608364800000,0.00052066
ETHUSDT,1608393600000,0.00088042
ETHUSDT,1608422400000,0.00072872
ETHUSDT,1608451200000,0.00030872
ETHUSDT,1608480000000,0.00058382
ETHUSDT,1608508800000,0.00019993
ETHUSDT,1608537600000,0.00041128
ETHUSDT,1608566400000,0.00017551
ETHUSDT,1608595200000,0.00013065
ETHUSDT,1608624000000,0.00012634
ETHUSDT,1608652800000,0.0001
ETHUSDT,1608681600000,0.00033124
ETHUSDT,1608710400000,0.00019732
ETHUSDT,1608739200000,0.0001
ETHUSDT,1608768000000,0.0001
ETHUSDT,1608796800000,0.0001
ETHUSDT,1608825600000,0.0001
ETHUSDT,1608854400000,0.0001
ETHUSDT,1608883200000,0.0001
ETHUSDT,1608912000000,0.00010889
ETHUSDT,1608940800000,0.0001
ETHUSDT,1608969600000,0.0001
ETHUSDT,1608998400000,0.0001
ETHUSDT,1609027200000,0.00037063
ETHUSDT,1609056000000,0.00049062
ETHUSDT,1609084800000,0.00068798
ETHUSDT,1609113600000,0.0006785
ETHUSDT,1609142400000,0.00096296
ETHUSDT,1609171200000,0.0007751
ETHUSDT,1609200000000,0.00063783
ETHUSDT,1609228800000,0.00076943
ETHUSDT,1609257600000,0.00062907
ETHUSDT,1609286400000,0.00075238
ETHUSDT,1609315200000,0.00090448
ETHUSDT,1609344000000,0.00055831
ETHUSDT,1609372800000,0.00078059
ETHUSDT,1609401600000,0.00039102
ETHUSDT,1609430400000,0.0003487
ETHUSDT,1609459200000,0.00034491
ETHUSDT,1609488000000,0.00061141
ETHUSDT,1609516800000,0.00056803
ETHUSDT,1609545600000,0.00025572
ETHUSDT,1609574400000,0.00049233
ETHUSDT,1609603200000,0.00109186
ETHUSDT,1609632000000,0.00062004
ETHUSDT,1609660800000,0.00074404
ETHUSDT,1609689600000,0.00171498
ETHUSDT,1609718400000,0.00295549
ETHUSDT,1609747200000,0.00375
ETHUSDT,1609776000000,0.00085432
ETHUSDT,1609804800000,0.00102541
ETHUSDT,1609833600000,0.0004305
ETHUSDT,1609862400000,0.00102796
ETHUSDT,1609891200000,0.0018218
ETHUSDT,1609920000000,0.00222459
ETHUSDT,1609948800000,0.00253317
ETHUSDT,1609977600000,0.00114512
ETHUSDT,1610006400000,0.00165953
ETHUSDT,1610035200000,0.00176605
ETHUSDT,1610064000000,0.00171757
ETHUSDT,1610092800000,0.00077262
ETHUSDT,1610121600000,0.00137534
ETHUSDT,1610150400000,0.0006769
ETHUSDT,1610179200000,0.00068612
ETHUSDT,1610208000000,0.00156908
ETHUSDT,1610236800000,0.00340522
ETHUSDT,1610265600000,0.00202919
ETHUSDT,1610294400000,0.00126049
ETHUSDT,1610323200000,0.00177547
ETHUSDT,1610352000000,0.0006624
ETHUSDT,1610380800000,0.00039691
ETHUSDT,1610409600000,0.0001
ETHUSDT,1610438400000,0.00045084
ETHUSDT,1610467200000,0.00058059
ETHUSDT,1610496000000,0.00037339
ETHUSDT,1610524800000,0.0001184
ETHUSDT,1610553600000,0.00040496
ETHUSDT,1610582400000,0.00054804
ETHUSDT,1610611200000,0.0005229
ETHUSDT,1610640000000,0.0007165
ETHUSDT,1610668800000,0.00027278
ETHUSDT,1610697600000,0.00055774
ETHUSDT,1610726400000,0.00087472
ETHUSDT,1610755200000,0.00014675
ETHUSDT,1610784000000,0.00054404
ETHUSDT,1610812800000,0.00152456
ETHUSDT,1610841600000,0.00106467
ETHUSDT,1610870400000,0.00050098
ETHUSDT,1610899200000,0.00051088
ETHUSDT,1610928000000,0.00109082
ETHUSDT,1610956800000,0.00028606
ETHUSDT,1610985600000,0.00109269
ETHUSDT,1611014400000,0.00121462
ETHUSDT,1611043200000,0.00197982
ETHUSDT,1611072000000,0.00199604
ETHUSDT,1611100800000,0.00153883
ETHUSDT,1611129600000,0.00072796
ETHUSDT,1611158400000,0.00048461
ETHUSDT,1611187200000,0.00034937
ETHUSDT,1611216000000,0.00065753
ETHUSDT,1611244800000,0.00037547
ETHUSDT,1611273600000,0.00020251
ETHUSDT,1611302400000,0.00016737
ETHUSDT,1611331200000,0.0001
ETHUSDT,1611360000000,0.00015431
ETHUSDT,1611388800000,0.00020659
ETHUSDT,1611417600000,0.00028319
ETHUSDT,1611446400000,0.00093097
ETHUSDT,1611475200000,0.00058705
ETHUSDT,1611504000000,0.00094274
ETHUSDT,1611532800000,0.00050723
ETHUSDT,1611561600000,0.00105754
ETHUSDT,1611590400000,0.00093264
ETHUSDT,1611619200000,0.00034093
ETHUSDT,1611648000000,0.00031895
ETHUSDT,1611676800000,0.0001
ETHUSDT,1611705600000,0.00036342
ETHUSDT,1611734400000,0.0001
ETHUSDT,1611763200000,0.0001
ETHUSDT,1611792000000,0.00014794
ETHUSDT,1611820800000,0.0001
ETHUSDT,1611849600000,0.00056884
ETHUSDT,1611878400000,0.00112844
ETHUSDT,1611907200000,0.00061388
ETHUSDT,1611936000000,0.00241392
ETHUSDT,1611964800000,0.00094051
ETHUSDT,1611993600000,0.00037882
ETHUSDT,1612022400000,0.00072777
ETHUSDT,1612051200000,0.00115111
ETHUSDT,1612080000000,0.00113497
ETHUSDT,1612108800000,0.00072236
ETHUSDT,1612137600000,0.00025014
ETHUSDT,1612166400000,0.00055359
ETHUSDT,1612195200000,0.00061764
ETHUSDT,1612224000000,0.00050304
ETHUSDT,1612252800000,0.00120708
ETHUSDT,1612281600000,0.00165937
ETHUSDT,1612310400000,0.00151935
ETHUSDT,1612339200000,0.00155522
ETHUSDT,1612368000000,0.00167923
ETHUSDT,1612396800000,0.00146092
ETHUSDT,1612425600000,0.00135459
ETHUSDT,1612454400000,0.00145079
ETHUSDT,1612483200000,0.00113736
ETHUSDT,1612512000000,0.0017643
ETHUSDT,1612540800000,0.00155465
ETHUSDT,1612569600000,0.00117123
ETHUSDT,1612598400000,0.00107002
ETHUSDT,1612627200000,0.00143968
ETHUSDT,1612656000000,0.00171115
ETHUSDT,1612684800000,0.00051183
ETHUSDT,1612713600000,0.00065683
ETHUSDT,1612742400000,0.0001
ETHUSDT,1612771200000,0.00039877
ETHUSDT,1612800000000,0.00284408
ETHUSDT,1612828800000,0.00227548
ETHUSDT,1612857600000,0.00193315
ETHUSDT,1612886400000,0.00143234
ETHUSDT,1612915200000,0.00156788
ETHUSDT,1612944000000,0.00218071
ETHUSDT,1612972800000,0.00085146
ETHUSDT,1613001600000,0.00071884
ETHUSDT,1613030400000,0.00065956
ETHUSDT,1613059200000,0.00180566
ETHUSDT,1613088000000,0.00092117
ETHUSDT,1613116800000,0.00050482
ETHUSDT,1613145600000,0.00153886
ETHUSDT,1613174400000,0.00228313
ETHUSDT,1613203200000,0.00173035
ETHUSDT,1613232000000,0.00094692
ETHUSDT,1613260800000,0.00110785
ETHUSDT,1613289600000,0.00176822
ETHUSDT,1613318400000,0.0012426
ETHUSDT,1613347200000,0.0007946
ETHUSDT,1613376000000,0.00013827
ETHUSDT,1613404800000,0.00081146
ETHUSDT,1613433600000,0.00104485
ETHUSDT,1613462400000,0.00112937
ETHUSDT,1613491200000,0.00114441
ETHUSDT,1613520000000,0.00092761
ETHUSDT,1613548800000,0.00106083
ETHUSDT,1613577600000,0.00232282
ETHUSDT,1613606400000,0.0019495
ETHUSDT,1613635200000,0.00202078
ETHUSDT,1613664000000,0.00118984
ETHUSDT,1613692800000,0.00082051
ETHUSDT,1613721600000,0.00139773
ETHUSDT,1613750400000,0.00169023
ETHUSDT,1613779200000,0.00196264
ETHUSDT,1613808000000,0.00189841
ETHUSDT,1613836800000,0.0018588
ETHUSDT,1613865600000,0.00051516
ETHUSDT,1613894400000,0.0004355
ETHUSDT,1613923200000,0.00107233
ETHUSDT,1613952000000,0.00077647
ETHUSDT,1613980800000,0.00047334
ETHUSDT,1614009600000,0.00034567
ETHUSDT,1614038400000,0.0001
ETHUSDT,1614067200000,0.00026168
ETHUSDT,1614096000000,0.0001
ETHUSDT,1614124800000,0.00013438
ETHUSDT,1614153600000,0.00039328
ETHUSDT,1614182400000,0.00028758
ETHUSDT,1614211200000,0.0004677
ETHUSDT,1614240000000,0.00016178
ETHUSDT,1614268800000,0.0001
ETHUSDT,1614297600000,0.0001
ETHUSDT,1614326400000,0.00014852
ETHUSDT,1614355200000,0.00037736
ETHUSDT,1614384000000,0.00018181
ETHUSDT,1614412800000,0.0006196
ETHUSDT,1614441600000,0.0001
ETHUSDT,1614470400000,0.0001
ETHUSDT,1614499200000,0.0001
ETHUSDT,1614528000000,0.0001
ETHUSDT,1614556800000,0.0001
ETHUSDT,1614585600000,0.00033427
ETHUSDT,1614614400000,0.00049119
ETHUSDT,1614643200000,0.00049538
ETHUSDT,1614672000000,0.00035713
ETHUSDT,1614700800000,0.00039154
ETHUSDT,1614729600000,0.0001
ETHUSDT,1614758400000,0.0001
ETHUSDT,1614787200000,0.00087091
ETHUSDT,1614816000000,0.00047552
ETHUSDT,1614844800000,0.00015927
ETHUSDT,1614873600000,0.00033061
ETHUSDT,1614902400000,0.00024885
ETHUSDT,1614931200000,0.00022561
ETHUSDT,1614960000000,0.0001
ETHUSDT,1614988800000,0.00031476
ETHUSDT,1615017600000,0.00057512
ETHUSDT,1615046400000,0.00032891
ETHUSDT,1615075200000,0.00066496
ETHUSDT,1615104000000,0.00023263
ETHUSDT,1615132800000,0.00056927
ETHUSDT,1615161600000,0.00011144
ETHUSDT,1615190400000,0.00045102
ETHUSDT,1615219200000,0.00056057
ETHUSDT,1615248000000,0.00014784
ETHUSDT,1615276800000,0.00085203
ETHUSDT,1615305600000,0.00101744
ETHUSDT,1615334400000,0.00058485
ETHUSDT,1615363200000,0.0005129
ETHUSDT,1615392000000,0.00105856
ETHUSDT,1615420800000,0.00079368
ETHUSDT,1615449600000,0.00034874
ETHUSDT,1615478400000,0.00080049
ETHUSDT,1615507200000,0.00132622
ETHUSDT,1615536000000,0.00072213
ETHUSDT,1615564800000,0.00034512
ETHUSDT,1615593600000,0.00030351
ETHUSDT,1615622400000,0.00039972
ETHUSDT,1615651200000,0.00155198
ETHUSDT,1615680000000,0.00113056
ETHUSDT,1615708800000,0.001048
ETHUSDT,1615737600000,0.00113023
ETHUSDT,1615766400000,0.00077413
ETHUSDT,1615795200000,0.00081452
ETHUSDT,1615824000000,0.00013021
ETHUSDT,1615852800000,0.0001
ETHUSDT,1615881600000,0.00045668
ETHUSDT,1615910400000,0.00039653
ETHUSDT,1615939200000,0.00064671
ETHUSDT,1615968000000,0.00034812
ETHUSDT,1615996800000,0.00031521
ETHUSDT,1616025600000,0.00099682
ETHUSDT,1616054400000,0.00067631
ETHUSDT,1616083200000,0.00038027
ETHUSDT,1616112000000,0.0001
ETHUSDT,1616140800000,0.0001
ETHUSDT,1616169600000,0.00037762
ETHUSDT,1616198400000,0.00061811
ETHUSDT,1616227200000,0.000511
ETHUSDT,1616256000000,0.00102646
ETHUSDT,1616284800000,0.00068264
ETHUSDT,1616313600000,0.0001
ETHUSDT,1616342400000,0.00019064
ETHUSDT,1616371200000,0.00053821
ETHUSDT,1616400000000,0.00042754
ETHUSDT,1616428800000,0.00044797
ETHUSDT,1616457600000,0.0001
ETHUSDT,1616486400000,0.00019899
ETHUSDT,1616515200000,0.0003309
ETHUSDT,1616544000000,0.00050608
ETHUSDT,1616572800000,0.00010655
ETHUSDT,1616601600000,0.0004169
ETHUSDT,1616630400000,0.0001
ETHUSDT,1616659200000,0.0001
ETHUSDT,1616688000000,0.00035938
ETHUSDT,1616716800000,0.00042431
ETHUSDT,1616745600000,0.0001
ETHUSDT,1616774400000,0.0001
ETHUSDT,1616803200000,0.0001
ETHUSDT,1616832000000,0.00015922
ETHUSDT,1616860800000,0.00034067
ETHUSDT,1616889600000,0.00025751
ETHUSDT,1616918400000,0.00029541
ETHUSDT,1616947200000,0.00031424
ETHUSDT,1616976000000,0.00022015
ETHUSDT,1617004800000,0.00043803
ETHUSDT,1617033600000,0.00084253
ETHUSDT,1617062400000,0.00074011
ETHUSDT,1617091200000,0.00056645
ETHUSDT,1617120000000,0.00036654
ETHUSDT,1617148800000,0.00076506
ETHUSDT,1617177600000,0.0010713
ETHUSDT,1617206400000,0.00038554
ETHUSDT,1617235200000,0.00156864
ETHUSDT,1617264000000,0.00109222
ETHUSDT,1617292800000,0.00064672
ETHUSDT,1617321600000,0.00050452
ETHUSDT,1617350400000,0.00121799
ETHUSDT,1617379200000,0.00116568
ETHUSDT,1617408000000,0.00082856
ETHUSDT,1617436800000,0.00143194
ETHUSDT,1617465600000,0.00086456
ETHUSDT,1617494400000,0.00060523
ETHUSDT,1617523200000,0.00106146
ETHUSDT,1617552000000,0.00038114
ETHUSDT,1617580800000,0.00072788
ETHUSDT,1617609600000,0.00074688
ETHUSDT,1617638400000,0.00085226
ETHUSDT,1617667200000,0.00161366
ETHUSDT,1617696000000,0.00064189
ETHUSDT,1617724800000,0.00061542
ETHUSDT,1617753600000,0.00049128
ETHUSDT,1617782400000,0.00069613
ETHUSDT,1617811200000,0.00032907
ETHUSDT,1617840000000,0.00021468
ETHUSDT,1617868800000,0.00026979
ETHUSDT,1617897600000,0.00031551
ETHUSDT,1617926400000,0.00038906
ETHUSDT,1617955200000,0.00043318
ETHUSDT,1617984000000,0.00064034
ETHUSDT,1618012800000,0.0001
ETHUSDT,1618041600000,0.00209663
ETHUSDT,1618070400000,0.00120257
ETHUSDT,1618099200000,0.00055892
ETHUSDT,1618128000000,0.00086343
ETHUSDT,1618156800000,0.00091114
ETHUSDT,1618185600000,0.00099657
ETHUSDT,1618214400000,0.00164512
ETHUSDT,1618243200000,0.00067862
ETHUSDT,1618272000000,0.00047138
ETHUSDT,1618300800000,0.00117821
ETHUSDT,1618329600000,0.00167603
ETHUSDT,1618358400000,0.00152762
ETHUSDT,1618387200000,0.00203587
ETHUSDT,1618416000000,0.00095658
ETHUSDT,1618444800000,0.00113562
ETHUSDT,1618473600000,0.00110097
ETHUSDT,1618502400000,0.00104862
ETHUSDT,1618531200000,0.00146805
ETHUSDT,1618560000000,0.00135711
ETHUSDT,1618588800000,0.0010812
ETHUSDT,1618617600000,0.00076639
ETHUSDT,1618646400000,0.0009833
ETHUSDT,1618675200000,0.00063599
ETHUSDT,1618704000000,0.00052118
ETHUSDT,1618732800000,0.00022241
ETHUSDT,1618761600000,0.00044396
ETHUSDT,1618790400000,0.0001
ETHUSDT,1618819200000,0.0001
ETHUSDT,1618848000000,0.0005192
ETHUSDT,1618876800000,0.0001
ETHUSDT,1618905600000,0.00021279
ETHUSDT,1618934400000,0.0001
ETHUSDT,1618963200000,0.0001
ETHUSDT,1618992000000,0.0001
ETHUSDT,1619020800000,0.0001
ETHUSDT,1619049600000,0.00023315
ETHUSDT,1619078400000,0.00011151
ETHUSDT,1619107200000,0.0001
ETHUSDT,1619136000000,0.0003898
ETHUSDT,1619164800000,0.00041263
ETHUSDT,1619193600000,0.0001
ETHUSDT,1619222400000,0.00010335
ETHUSDT,1619251200000,0.00030056
ETHUSDT,1619280000000,0.0001
ETHUSDT,1619308800000,0.0001
ETHUSDT,1619337600000,0.0001
ETHUSDT,1619366400000,0.0001
ETHUSDT,1619395200000,0.0001
ETHUSDT,1619424000000,0.0001
ETHUSDT,1619452800000,0.0001
ETHUSDT,1619481600000,0.0001
ETHUSDT,1619510400000,0.0001
ETHUSDT,1619539200000,0.00040663
ETHUSDT,1619568000000,0.00034144
ETHUSDT,1619596800000,0.00019211
ETHUSDT,1619625600000,0.0001
ETHUSDT,1619654400000,0.0001
ETHUSDT,1619683200000,0.0001
ETHUSDT,1619712000000,0.0001
ETHUSDT,1619740800000,0.00014665
ETHUSDT,1619769600000,0.00011668
ETHUSDT,1619798400000,0.00051157
ETHUSDT,1619827200000,0.0001
ETHUSDT,1619856000000,0.00035155
ETHUSDT,1619884800000,0.00012262
ETHUSDT,1619913600000,0.00023451
ETHUSDT,1619942400000,0.00039722
ETHUSDT,1619971200000,0.0001
ETHUSDT,1620000000000,0.0001
ETHUSDT,1620028800000,0.0001
ETHUSDT,1620057600000,0.00061627
ETHUSDT,1620086400000,0.00031687
ETHUSDT,1620115200000,0.00070707
ETHUSDT,1620144000000,0.00071637
ETHUSDT,1620172800000,0.00038408
ETHUSDT,1620201600000,0.00078274
ETHUSDT,1620230400000,0.00087977
ETHUSDT,1620259200000,0.00068239
ETHUSDT,1620288000000,0.00066648
ETHUSDT,1620316800000,0.00110886
ETHUSDT,1620345600000,0.00026032
ETHUSDT,1620374400000,0.00049147
ETHUSDT,1620403200000,0.00038025
ETHUSDT,1620432000000,0.00047199
ETHUSDT,1620460800000,0.00070136
ETHUSDT,1620489600000,0.00030149
ETHUSDT,1620518400000,0.00058991
ETHUSDT,1620547200000,0.00041522
ETHUSDT,1620576000000,0.00054148
ETHUSDT,1620604800000,0.00068787
ETHUSDT,1620633600000,0.0006638
ETHUSDT,1620662400000,0.00075749
ETHUSDT,1620691200000,0.00041169
ETHUSDT,1620720000000,0.00043204
ETHUSDT,1620748800000,0.00029649
ETHUSDT,1620777600000,0.0001
ETHUSDT,1620806400000,0.00047462
ETHUSDT,1620835200000,0.00054381
ETHUSDT,1620864000000,0.00040983
ETHUSDT,1620892800000,0.00014687
ETHUSDT,1620921600000,0.0001
ETHUSDT,1620950400000,0.0001
ETHUSDT,1620979200000,0.0001
ETHUSDT,1621008000000,0.0001
ETHUSDT,1621036800000,0.00038785
ETHUSDT,1621065600000,0.00052101
ETHUSDT,1621094400000,0.00046056
ETHUSDT,1621123200000,0.00030702
ETHUSDT,1621152000000,0.00013134
ETHUSDT,1621180800000,0.00018829
ETHUSDT,1621209600000,0.00015608
ETHUSDT,1621238400000,0.000335
ETHUSDT,1621267200000,0.0007001
ETHUSDT,1621296000000,0.00018459
ETHUSDT,1621324800000,0.0001
ETHUSDT,1621353600000,0.0006146
ETHUSDT,1621382400000,0.0001
ETHUSDT,1621411200000,0.00053311
ETHUSDT,1621440000000,-0.00356332
ETHUSDT,1621468800000,0.00011828
ETHUSDT,1621497600000,0.0001
ETHUSDT,1621526400000,0.0001
ETHUSDT,1621555200000,0.0001
ETHUSDT,1621584000000,0.0001
ETHUSDT,1621612800000,0.0001
ETHUSDT,1621641600000,0.0001
ETHUSDT,1621670400000,0.0001
ETHUSDT,1621699200000,0.0001
ETHUSDT,1621728000000,0.0001
ETHUSDT,1621756800000,0.0001
ETHUSDT,1621785600000,0.0001
ETHUSDT,1621814400000,0.0001
ETHUSDT,1621843200000,0.0001
ETHUSDT,1621872000000,0.0001
ETHUSDT,1621900800000,0.0001
ETHUSDT,1621929600000,0.0001
ETHUSDT,1621958400000,0.0001
ETHUSDT,1621987200000,0.0001
ETHUSDT,1622016000000,0.0001
ETHUSDT,1622044800000,0.0001
ETHUSDT,1622073600000,0.0001
ETHUSDT,1622102400000,0.0001
ETHUSDT,1622131200000,0.0001
ETHUSDT,1622160000000,0.0001
ETHUSDT,1622188800000,0.0001
ETHUSDT,1622217600000,0.0001
ETHUSDT,1622246400000,0.0001
ETHUSDT,1622275200000,0.0001
ETHUSDT,1622304000000,0.0001
ETHUSDT,1622332800000,0.0001
ETHUSDT,1622361600000,0.0001
ETHUSDT,1622390400000,0.0001
ETHUSDT,1622419200000,0.0001
ETHUSDT,1622448000000,0.0001
ETHUSDT,1622476800000,0.0001
ETHUSDT,1622505600000,0.0001
ETHUSDT,1622534400000,0.0001
ETHUSDT,1622563200000,0.0001
ETHUSDT,1622592000000,0.0001
ETHUSDT,1622620800000,0.0001
ETHUSDT,1622649600000,0.0001
ETHUSDT,1622678400000,0.0001
ETHUSDT,1622707200000,0.0001
ETHUSDT,1622736000000,0.0001
ETHUSDT,1622764800000,0.0001
ETHUSDT,1622793600000,0.0001
ETHUSDT,1622822400000,0.0001
ETHUSDT,1622851200000,0.0001
ETHUSDT,1622880000000,0.0001
ETHUSDT,1622908800000,0.0001
ETHUSDT,1622937600000,0.0001
ETHUSDT,1622966400000,0.0001
ETHUSDT,1622995200000,0.0001
ETHUSDT,1623024000000,0.0001
ETHUSDT,1623052800000,0.0001
ETHUSDT,1623081600000,0.0001
ETHUSDT,1623110400000,0.0001
ETHUSDT,1623139200000,0.0001
ETHUSDT,1623168000000,0.0001
ETHUSDT,1623196800000,0.0001
ETHUSDT,1623225600000,0.0001
ETHUSDT,1623254400000,0.0001
ETHUSDT,1623283200000,0.0001
ETHUSDT,1623312000000,0.0001
ETHUSDT,1623340800000,0.0001
ETHUSDT,1623369600000,0.0001
ETHUSDT,1623398400000,0.0001
ETHUSDT,1623427200000,8.683e-05
ETHUSDT,1623456000000,0.0001
ETHUSDT,1623484800000,0.0001
ETHUSDT,1623513600000,0.0001
ETHUSDT,1623542400000,0.0001
ETHUSDT,1623571200000,0.0001
ETHUSDT,1623600000000,0.0001
ETHUSDT,1623628800000,0.0001
ETHUSDT,1623657600000,0.0001
ETHUSDT,1623686400000,3.785e-05
ETHUSDT,1623715200000,0.0001
ETHUSDT,1623744000000,0.0001
ETHUSDT,1623772800000,0.0001
ETHUSDT,1623801600000,0.0001
ETHUSDT,1623830400000,0.0001
ETHUSDT,1623859200000,0.0001
ETHUSDT,1623888000000,0.0001
ETHUSDT,1623916800000,0.0001
ETHUSDT,1623945600000,0.0001
ETHUSDT,1623974400000,-5.78e-06
ETHUSDT,1624003200000,9.549e-05
ETHUSDT,1624032000000,0.0001
ETHUSDT,1624060800000,-0.00018201
ETHUSDT,1624089600000,-1.78e-06
ETHUSDT,1624118400000,0.0001
ETHUSDT,1624147200000,4.657e-05
ETHUSDT,1624176000000,7.41e-06
ETHUSDT,1624204800000,-0.00024432
ETHUSDT,1624233600000,4.439e-05
ETHUSDT,1624262400000,-7.382e-05
ETHUSDT,1624291200000,-7.303e-05
ETHUSDT,1624320000000,0.0001
ETHUSDT,1624348800000,4.434e-05
ETHUSDT,1624377600000,-7.59e-06
ETHUSDT,1624406400000,4.046e-05
ETHUSDT,1624435200000,-9.115e-05
ETHUSDT,1624464000000,-6.683e-05
ETHUSDT,1624492800000,-4.432e-05
ETHUSDT,1624521600000,0.0001
ETHUSDT,1624550400000,0.0001
ETHUSDT,1624579200000,0.0001
ETHUSDT,1624608000000,0.0001
ETHUSDT,1624636800000,7.207e-05
ETHUSDT,1624665600000,4.234e-05
ETHUSDT,1624694400000,-5.794e-05
ETHUSDT,1624723200000,-0.00014961
ETHUSDT,1624752000000,-6.018e-05
ETHUSDT,1624780800000,-0.00027281
ETHUSDT,1624809600000,-0.00013791
ETHUSDT,1624838400000,-4.311e-05
ETHUSDT,1624867200000,0.0001
ETHUSDT,1624896000000,-2.358e-05
ETHUSDT,1624924800000,8.669e-05
ETHUSDT,1624953600000,6.012e-05
ETHUSDT,1624982400000,-0.00011947
ETHUSDT,1625011200000,0.0001
ETHUSDT,1625040000000,0.0001
ETHUSDT,1625068800000,0.0001
ETHUSDT,1625097600000,0.0001
ETHUSDT,1625126400000,0.0001
ETHUSDT,1625155200000,4.853e-05
ETHUSDT,1625184000000,-9.5e-07
ETHUSDT,1625212800000,-2.734e-05
ETHUSDT,1625241600000,-0.00014398
ETHUSDT,1625270400000,7.139e-05
ETHUSDT,1625299200000,2.925e-05
ETHUSDT,1625328000000,-3.943e-05
ETHUSDT,1625356800000,0.0001
ETHUSDT,1625385600000,0.0001
ETHUSDT,1625414400000,0.0001
ETHUSDT,1625443200000,2.596e-05
ETHUSDT,1625472000000,0.0001
ETHUSDT,1625500800000,7.226e-05
ETHUSDT,1625529600000,2.925e-05
ETHUSDT,1625558400000,-3.935e-05
ETHUSDT,1625587200000,9.559e-05
ETHUSDT,1625616000000,3.679e-05
ETHUSDT,1625644800000,9.363e-05
ETHUSDT,1625673600000,0.0001
ETHUSDT,1625702400000,-1.075e-05
ETHUSDT,1625731200000,8.639e-05
ETHUSDT,1625760000000,0.0001
ETHUSDT,1625788800000,0.0001
ETHUSDT,1625817600000,2.471e-05
ETHUSDT,1625846400000,0.0001
ETHUSDT,1625875200000,0.0001
ETHUSDT,1625904000000,0.0001
ETHUSDT,1625932800000,0.0001
ETHUSDT,1625961600000,0.0001
ETHUSDT,1625990400000,0.0001
ETHUSDT,1626019200000,0.0001
ETHUSDT,1626048000000,0.0001
ETHUSDT,1626076800000,0.0001
ETHUSDT,1626105600000,0.0001
ETHUSDT,1626134400000,0.0001
ETHUSDT,1626163200000,-1.436e-05
ETHUSDT,1626192000000,0.0001
ETHUSDT,1626220800000,0.0001
ETHUSDT,1626249600000,0.0001
ETHUSDT,1626278400000,-1.55e-05
ETHUSDT,1626307200000,5.808e-05
ETHUSDT,1626336000000,0.0001
ETHUSDT,1626364800000,9.847e-05
ETHUSDT,1626393600000,0.0001
ETHUSDT,1626422400000,0.0001
ETHUSDT,1626451200000,6.785e-05
ETHUSDT,1626480000000,0.0001
ETHUSDT,1626508800000,0.0001
ETHUSDT,1626537600000,5.313e-05
ETHUSDT,1626566400000,0.0001
ETHUSDT,1626595200000,0.0001
ETHUSDT,1626624000000,0.0001
ETHUSDT,1626652800000,1.98e-06
ETHUSDT,1626681600000,6.91e-06
ETHUSDT,1626710400000,3.1e-06
ETHUSDT,1626739200000,-2.156e-05
ETHUSDT,1626768000000,-0.00041611
ETHUSDT,1626796800000,-5.126e-05
ETHUSDT,1626825600000,1.65e-06
ETHUSDT,1626854400000,-0.00025489
ETHUSDT,1626883200000,-0.00028858
ETHUSDT,1626912000000,0.0001
ETHUSDT,1626940800000,0.0001
ETHUSDT,1626969600000,0.0001
ETHUSDT,1626998400000,8.643e-05
ETHUSDT,1627027200000,0.0001
ETHUSDT,1627056000000,0.0001
ETHUSDT,1627084800000,0.0001
ETHUSDT,1627113600000,0.0001
ETHUSDT,1627142400000,-2.614e-05
ETHUSDT,1627171200000,-1.521e-05
ETHUSDT,1627200000000,4.969e-05
ETHUSDT,1627228800000,0.0001
ETHUSDT,1627257600000,0.0001
ETHUSDT,1627286400000,0.0001
ETHUSDT,1627315200000,0.0001
ETHUSDT,1627344000000,0.0001
ETHUSDT,1627372800000,0.0001
ETHUSDT,1627401600000,0.0001
ETHUSDT,1627430400000,0.0001
ETHUSDT,1627459200000,0.0001
ETHUSDT,1627488000000,5.618e-05
ETHUSDT,1627516800000,5.723e-05
ETHUSDT,1627545600000,0.0001
ETHUSDT,1627574400000,0.0001
ETHUSDT,1627603200000,0.0001
ETHUSDT,1627632000000,0.0001
ETHUSDT,1627660800000,0.0001
ETHUSDT,1627689600000,0.0001
ETHUSDT,1627718400000,0.0001
ETHUSDT,1627747200000,0.0001
ETHUSDT,1627776000000,0.0001
ETHUSDT,1627804800000,0.0001
ETHUSDT,1627833600000,0.0001
ETHUSDT,1627862400000,0.0001
ETHUSDT,1627891200000,0.0001
ETHUSDT,1627920000000,0.0001
ETHUSDT,1627948800000,0.0001
ETHUSDT,1627977600000,0.0001
ETHUSDT,1628006400000,7.59e-06
ETHUSDT,1628035200000,2.73e-06
ETHUSDT,1628064000000,0.0001
ETHUSDT,1628092800000,9.39e-05
ETHUSDT,1628121600000,0.0001
ETHUSDT,1628150400000,0.0001
ETHUSDT,1628179200000,0.0001
ETHUSDT,1628208000000,0.0001
ETHUSDT,1628236800000,0.0001
ETHUSDT,1628265600000,0.0001
ETHUSDT,1628294400000,0.0001
ETHUSDT,1628323200000,0.0001
ETHUSDT,1628352000000,0.00018202
ETHUSDT,1628380800000,0.00013627
ETHUSDT,1628409600000,0.0001
ETHUSDT,1628438400000,0.0001
ETHUSDT,1628467200000,0.00014093
ETHUSDT,1628496000000,0.00021302
ETHUSDT,1628524800000,0.0001
ETHUSDT,1628553600000,0.00045734
ETHUSDT,1628582400000,0.0001
ETHUSDT,1628611200000,0.0001
ETHUSDT,1628640000000,0.00043227
ETHUSDT,1628668800000,0.00025633
ETHUSDT,1628697600000,0.0001
ETHUSDT,1628726400000,0.0001
ETHUSDT,1628755200000,0.0001371
ETHUSDT,1628784000000,0.00018477
ETHUSDT,1628812800000,0.0001
ETHUSDT,1628841600000,0.0001
ETHUSDT,1628870400000,0.00042196
ETHUSDT,1628899200000,0.0001
ETHUSDT,1628928000000,0.00025028
ETHUSDT,1628956800000,0.00051663
ETHUSDT,1628985600000,0.00037689
ETHUSDT,1629014400000,0.00015074
ETHUSDT,1629043200000,0.0001
ETHUSDT,1629072000000,0.00025793
ETHUSDT,1629100800000,0.0001
ETHUSDT,1629129600000,0.0001
ETHUSDT,1629158400000,0.0001
ETHUSDT,1629187200000,0.0001
ETHUSDT,1629216000000,0.0001
ETHUSDT,1629244800000,0.0001
ETHUSDT,1629273600000,0.0001
ETHUSDT,1629302400000,0.0001
ETHUSDT,1629331200000,0.0001
ETHUSDT,1629360000000,0.0001
ETHUSDT,1629388800000,0.0001
ETHUSDT,1629417600000,0.00023469
ETHUSDT,1629446400000,0.00015342
ETHUSDT,1629475200000,0.00036239
ETHUSDT,1629504000000,0.0001
ETHUSDT,1629532800000,0.0001
ETHUSDT,1629561600000,0.00036746
ETHUSDT,1629590400000,0.0002266
ETHUSDT,1629619200000,0.00018006
ETHUSDT,1629648000000,0.0001
ETHUSDT,1629676800000,0.0001
ETHUSDT,1629705600000,0.00113675
ETHUSDT,1629734400000,0.00035008
ETHUSDT,1629763200000,0.00032752
ETHUSDT,1629792000000,0.00030158
ETHUSDT,1629820800000,0.00056014
ETHUSDT,1629849600000,0.00019472
ETHUSDT,1629878400000,0.00016989
ETHUSDT,1629907200000,0.0001
ETHUSDT,1629936000000,0.0001
ETHUSDT,1629964800000,0.0001
ETHUSDT,1629993600000,0.0001
ETHUSDT,1630022400000,0.0001
ETHUSDT,1630051200000,0.0001
ETHUSDT,1630080000000,0.0001
ETHUSDT,1630108800000,0.0001
ETHUSDT,1630137600000,0.00014426
ETHUSDT,1630166400000,0.00011073
ETHUSDT,1630195200000,0.00016779
ETHUSDT,1630224000000,0.0001
ETHUSDT,1630252800000,0.0001
ETHUSDT,1630281600000,0.0001
ETHUSDT,1630310400000,0.0001
ETHUSDT,1630339200000,0.0001
ETHUSDT,1630368000000,0.0001
ETHUSDT,1630396800000,0.0001
ETHUSDT,1630425600000,0.00020707
ETHUSDT,1630454400000,0.0001
ETHUSDT,1630483200000,0.0001
ETHUSDT,1630512000000,0.0001
ETHUSDT,1630540800000,0.00025742
ETHUSDT,1630569600000,0.00079808
ETHUSDT,1630598400000,0.0002889
ETHUSDT,1630627200000,0.00027417
ETHUSDT,1630656000000,0.00037778
ETHUSDT,1630684800000,0.00065309
ETHUSDT,1630713600000,0.00076883
ETHUSDT,1630742400000,0.0007142
ETHUSDT,1630771200000,0.0007567
ETHUSDT,1630800000000,0.00070354
ETHUSDT,1630828800000,0.00058378
ETHUSDT,1630857600000,0.00080725
ETHUSDT,1630886400000,0.00085353
ETHUSDT,1630915200000,0.00041269
ETHUSDT,1630944000000,0.00044698
ETHUSDT,1630972800000,0.00058234
ETHUSDT,1631001600000,0.00066382
ETHUSDT,1631030400000,0.0001
ETHUSDT,1631059200000,0.0001
ETHUSDT,1631088000000,0.0001
ETHUSDT,1631116800000,0.0001
ETHUSDT,1631145600000,0.0001
ETHUSDT,1631174400000,0.0001
ETHUSDT,1631203200000,0.0001
ETHUSDT,1631232000000,0.0001
ETHUSDT,1631260800000,0.0001
ETHUSDT,1631289600000,0.0001
ETHUSDT,1631318400000,0.0001
ETHUSDT,1631347200000,0.0001
ETHUSDT,1631376000000,0.0001
ETHUSDT,1631404800000,0.0001
ETHUSDT,1631433600000,0.0001
ETHUSDT,1631462400000,0.0001
ETHUSDT,1631491200000,0.0001
ETHUSDT,1631520000000,0.0001
ETHUSDT,1631548800000,0.0001
ETHUSDT,1631577600000,0.0001
ETHUSDT,1631606400000,0.0001
ETHUSDT,1631635200000,0.0001
ETHUSDT,1631664000000,0.0001
ETHUSDT,1631692800000,0.0001
ETHUSDT,1631721600000,0.0001
ETHUSDT,1631750400000,0.0001
ETHUSDT,1631779200000,0.0001
ETHUSDT,1631808000000,0.0001
ETHUSDT,1631836800000,0.0001
ETHUSDT,1631865600000,0.0001
ETHUSDT,1631894400000,0.0001
ETHUSDT,1631923200000,0.0001
ETHUSDT,1631952000000,0.0001
ETHUSDT,1631980800000,0.0001
ETHUSDT,1632009600000,0.0001
ETHUSDT,1632038400000,0.0001
ETHUSDT,1632067200000,0.0001
ETHUSDT,1632096000000,0.0001
ETHUSDT,1632124800000,0.0001
ETHUSDT,1632153600000,0.0001
ETHUSDT,1632182400000,0.0001
ETHUSDT,1632211200000,0.0001
ETHUSDT,1632240000000,0.0001
ETHUSDT,1632268800000,0.0001
ETHUSDT,1632297600000,0.0001
ETHUSDT,1632326400000,0.0001
ETHUSDT,1632355200000,0.0001
ETHUSDT,1632384000000,0.0001
ETHUSDT,1632412800000,0.0001
ETHUSDT,1632441600000,5.5e-07
ETHUSDT,1632470400000,8.75e-06
ETHUSDT,1632499200000,-0.0001122
ETHUSDT,1632528000000,-7.48e-06
ETHUSDT,1632556800000,-1.988e-05
ETHUSDT,1632585600000,3.479e-05
ETHUSDT,1632614400000,0.0001
ETHUSDT,1632643200000,2.634e-05
ETHUSDT,1632672000000,2.827e-05
ETHUSDT,1632700800000,0.0001
ETHUSDT,1632729600000,0.0001
ETHUSDT,1632758400000,0.0001
ETHUSDT,1632787200000,-8.56e-06
ETHUSDT,1632816000000,2.806e-05
ETHUSDT,1632844800000,1.524e-05
ETHUSDT,1632873600000,-8.501e-05
ETHUSDT,1632902400000,-2.112e-05
ETHUSDT,1632931200000,0.0001
ETHUSDT,1632960000000,-0.00012951
ETHUSDT,1632988800000,0.0001
ETHUSDT,1633017600000,0.0001
ETHUSDT,1633046400000,4.598e-05
ETHUSDT,1633075200000,2.073e-05
ETHUSDT,1633104000000,0.0001
ETHUSDT,1633132800000,0.0001
ETHUSDT,1633161600000,0.0001
ETHUSDT,1633190400000,0.0001
ETHUSDT,1633219200000,0.0001
ETHUSDT,1633248000000,0.0001
ETHUSDT,1633276800000,0.0001
ETHUSDT,1633305600000,0.0001
ETHUSDT,1633334400000,0.0001
ETHUSDT,1633363200000,0.0001
ETHUSDT,1633392000000,0.0001
ETHUSDT,1633420800000,0.0001
ETHUSDT,1633449600000,0.0001
ETHUSDT,1633478400000,0.0001
ETHUSDT,1633507200000,0.0001
ETHUSDT,1633536000000,0.00014323
ETHUSDT,1633564800000,0.00031991
ETHUSDT,1633593600000,0.00019601
ETHUSDT,1633622400000,0.00024648
ETHUSDT,1633651200000,0.00018942
ETHUSDT,1633680000000,0.0001
ETHUSDT,1633708800000,0.00026363
ETHUSDT,1633737600000,0.0001
ETHUSDT,1633766400000,0.0001
ETHUSDT,1633795200000,0.0001
ETHUSDT,1633824000000,0.0001
ETHUSDT,1633852800000,0.0001
ETHUSDT,1633881600000,0.0001
ETHUSDT,1633910400000,0.0001
ETHUSDT,1633939200000,0.0001
ETHUSDT,1633968000000,0.0003307
ETHUSDT,1633996800000,0.0001
ETHUSDT,1634025600000,0.0001
ETHUSDT,1634054400000,0.0001
ETHUSDT,1634083200000,0.0001
ETHUSDT,1634112000000,0.0001
ETHUSDT,1634140800000,0.0001
ETHUSDT,1634169600000,0.00018908
ETHUSDT,1634198400000,0.00028381
ETHUSDT,1634227200000,0.00032142
ETHUSDT,1634256000000,0.00041315
ETHUSDT,1634284800000,0.00039194
ETHUSDT,1634313600000,0.00023043
ETHUSDT,1634342400000,0.00031365
ETHUSDT,1634371200000,0.00024049
ETHUSDT,1634400000000,0.00052591
ETHUSDT,1634428800000,0.00033305
ETHUSDT,1634457600000,0.00037505
ETHUSDT,1634486400000,0.00053706
ETHUSDT,1634515200000,0.00023924
ETHUSDT,1634544000000,0.0003827
ETHUSDT,1634572800000,0.0001968
ETHUSDT,1634601600000,0.00036846
ETHUSDT,1634630400000,0.00035703
ETHUSDT,1634659200000,0.00020322
ETHUSDT,1634688000000,0.00030103
ETHUSDT,1634716800000,0.00022709
ETHUSDT,1634745600000,0.00072515
ETHUSDT,1634774400000,0.00050619
ETHUSDT,1634803200000,0.00051537
ETHUSDT,1634832000000,0.00080402
ETHUSDT,1634860800000,0.00035282
ETHUSDT,1634889600000,0.00034276
ETHUSDT,1634918400000,0.00032256
ETHUSDT,1634947200000,0.00023902
ETHUSDT,1634976000000,0.00015138
ETHUSDT,1635004800000,0.00024606
ETHUSDT,1635033600000,0.00018961
ETHUSDT,1635062400000,0.00046408
ETHUSDT,1635091200000,0.00039289
ETHUSDT,1635120000000,0.00019298
ETHUSDT,1635148800000,0.00047527
ETHUSDT,1635177600000,0.00048823
ETHUSDT,1635206400000,0.00039142
ETHUSDT,1635235200000,0.00037012
ETHUSDT,1635264000000,0.00043832
ETHUSDT,1635292800000,0.00030844
ETHUSDT,1635321600000,0.00059665
ETHUSDT,1635350400000,0.00012399
ETHUSDT,1635379200000,0.00019556
ETHUSDT,1635408000000,0.0001
ETHUSDT,1635436800000,0.0001
ETHUSDT,1635465600000,0.00025971
ETHUSDT,1635494400000,0.00040402
ETHUSDT,1635523200000,0.00037311
ETHUSDT,1635552000000,0.00013087
ETHUSDT,1635580800000,0.00046654
ETHUSDT,1635609600000,0.00024213
ETHUSDT,1635638400000,0.00013682
ETHUSDT,1635667200000,0.0001
ETHUSDT,1635696000000,0.00021779
ETHUSDT,1635724800000,0.00024088
ETHUSDT,1635753600000,0.00013798
ETHUSDT,1635782400000,0.00026687
ETHUSDT,1635811200000,0.00020736
ETHUSDT,1635840000000,0.00045079
ETHUSDT,1635868800000,0.00052167
ETHUSDT,1635897600000,0.0001
ETHUSDT,1635926400000,0.00044614
ETHUSDT,1635955200000,0.00025564
ETHUSDT,1635984000000,0.00047967
ETHUSDT,1636012800000,0.0003137
ETHUSDT,1636041600000,0.00028111
ETHUSDT,1636070400000,0.0002238
ETHUSDT,1636099200000,0.00014351
ETHUSDT,1636128000000,0.00033389
ETHUSDT,1636156800000,0.00040376
ETHUSDT,1636185600000,0.00043015
ETHUSDT,1636214400000,0.0001
ETHUSDT,1636243200000,0.00023166
ETHUSDT,1636272000000,0.00018519
ETHUSDT,1636300800000,0.00032259
ETHUSDT,1636329600000,0.00021005
ETHUSDT,1636358400000,0.00028714
ETHUSDT,1636387200000,0.00023
ETHUSDT,1636416000000,0.0001
ETHUSDT,1636444800000,0.0001
ETHUSDT,1636473600000,0.0001
ETHUSDT,1636502400000,0.00021036
ETHUSDT,1636531200000,0.00020446
ETHUSDT,1636560000000,0.00027928
ETHUSDT,1636588800000,0.0001722
ETHUSDT,1636617600000,0.00015754
ETHUSDT,1636646400000,0.0001
ETHUSDT,1636675200000,0.0001
ETHUSDT,1636704000000,0.0001
ETHUSDT,1636732800000,0.0001
ETHUSDT,1636761600000,0.0001
ETHUSDT,1636790400000,0.0001
ETHUSDT,1636819200000,0.0001
ETHUSDT,1636848000000,0.0001
ETHUSDT,1636876800000,0.0001
ETHUSDT,1636905600000,0.0001
ETHUSDT,1636934400000,0.00023003
ETHUSDT,1636963200000,0.0002453
ETHUSDT,1636992000000,0.0001
ETHUSDT,1637020800000,0.00015753
ETHUSDT,1637049600000,0.0001
ETHUSDT,1637078400000,0.0001
ETHUSDT,1637107200000,0.0001
ETHUSDT,1637136000000,0.0001
ETHUSDT,1637164800000,0.0001
ETHUSDT,1637193600000,0.0001
ETHUSDT,1637222400000,0.0001
ETHUSDT,1637251200000,0.0001
ETHUSDT,1637280000000,0.0001
ETHUSDT,1637308800000,0.0001
ETHUSDT,1637337600000,0.0001
ETHUSDT,1637366400000,0.0001
ETHUSDT,1637395200000,0.0001
ETHUSDT,1637424000000,0.0001
ETHUSDT,1637452800000,0.0001
ETHUSDT,1637481600000,0.0001
ETHUSDT,1637510400000,0.0001
ETHUSDT,1637539200000,0.0001
ETHUSDT,1637568000000,0.0001
ETHUSDT,1637596800000,0.0001
ETHUSDT,1637625600000,0.0001
ETHUSDT,1637654400000,0.0001
ETHUSDT,1637683200000,0.0001
ETHUSDT,1637712000000,0.0001
ETHUSDT,1637740800000,0.0001
ETHUSDT,1637769600000,0.0001
ETHUSDT,1637798400000,0.0001
ETHUSDT,1637827200000,0.0001
ETHUSDT,1637856000000,0.00035137
ETHUSDT,1637884800000,0.00026113
ETHUSDT,1637913600000,0.00027132
ETHUSDT,1637942400000,0.0001
ETHUSDT,1637971200000,0.0001
ETHUSDT,1638000000000,0.0001
ETHUSDT,1638028800000,0.0001
ETHUSDT,1638057600000,0.0001
ETHUSDT,1638086400000,0.0001
ETHUSDT,1638115200000,0.0001
ETHUSDT,1638144000000,0.0001
ETHUSDT,1638172800000,0.0001
ETHUSDT,1638201600000,0.0001
ETHUSDT,1638230400000,0.0001
ETHUSDT,1638259200000,0.0001
ETHUSDT,1638288000000,0.00019202
ETHUSDT,1638316800000,0.0001625
ETHUSDT,1638345600000,0.0001
ETHUSDT,1638374400000,0.0001
ETHUSDT,1638403200000,0.0001
ETHUSDT,1638432000000,0.0001
ETHUSDT,1638460800000,0.0001
ETHUSDT,1638489600000,0.00012562
ETHUSDT,1638518400000,0.0001
ETHUSDT,1638547200000,0.0001
ETHUSDT,1638576000000,0.0001
ETHUSDT,1638604800000,6.583e-05
ETHUSDT,1638633600000,0.0001
ETHUSDT,1638662400000,0.0001
ETHUSDT,1638691200000,0.0001
ETHUSDT,1638720000000,0.0001
ETHUSDT,1638748800000,0.0001
ETHUSDT,1638777600000,0.0001
ETHUSDT,1638806400000,0.0001
ETHUSDT,1638835200000,0.0001
ETHUSDT,1638864000000,7.06e-05
ETHUSDT,1638892800000,0.0001
ETHUSDT,1638921600000,0.0001
ETHUSDT,1638950400000,0.0001
ETHUSDT,1638979200000,0.0001
ETHUSDT,1639008000000,0.0001
ETHUSDT,1639036800000,0.0001
ETHUSDT,1639065600000,0.0001
ETHUSDT,1639094400000,0.0001
ETHUSDT,1639123200000,0.0001
ETHUSDT,1639152000000,-1.037e-05
ETHUSDT,1639180800000,0.0001
ETHUSDT,1639209600000,0.0001
ETHUSDT,1639238400000,8.719e-05
ETHUSDT,1639267200000,0.0001
ETHUSDT,1639296000000,0.0001
ETHUSDT,1639324800000,0.0001
ETHUSDT,1639353600000,0.0001
ETHUSDT,1639382400000,-5.974e-05
ETHUSDT,1639411200000,4.163e-05
ETHUSDT,1639440000000,-5.267e-05
ETHUSDT,1639468800000,0.0001
ETHUSDT,1639497600000,0.0001
ETHUSDT,1639526400000,0.0001
ETHUSDT,1639555200000,0.0001
ETHUSDT,1639584000000,0.0001
ETHUSDT,1639612800000,0.0001
ETHUSDT,1639641600000,0.0001
ETHUSDT,1639670400000,3.234e-05
ETHUSDT,1639699200000,0.0001
ETHUSDT,1639728000000,0.0001
ETHUSDT,1639756800000,0.0001
ETHUSDT,1639785600000,0.0001
ETHUSDT,1639814400000,5.422e-05
ETHUSDT,1639843200000,0.0001
ETHUSDT,1639872000000,4.353e-05
ETHUSDT,1639900800000,0.0001
ETHUSDT,1639929600000,0.0001
ETHUSDT,1639958400000,0.0001
ETHUSDT,1639987200000,0.0001
ETHUSDT,1640016000000,0.0001
ETHUSDT,1640044800000,0.0001
ETHUSDT,1640073600000,0.0001
ETHUSDT,1640102400000,0.0001
ETHUSDT,1640131200000,0.0001
ETHUSDT,1640160000000,0.0001
ETHUSDT,1640188800000,0.0001
ETHUSDT,1640217600000,0.0001
ETHUSDT,1640246400000,0.0001
ETHUSDT,1640275200000,3.383e-05
ETHUSDT,1640304000000,0.0001
ETHUSDT,1640332800000,0.0001
ETHUSDT,1640361600000,0.0001
ETHUSDT,1640390400000,0.0001
ETHUSDT,1640419200000,0.0001
ETHUSDT,1640448000000,0.0001
ETHUSDT,1640476800000,0.0001
ETHUSDT,1640505600000,0.0001
ETHUSDT,1640534400000,0.0001
ETHUSDT,1640563200000,0.0001
ETHUSDT,1640592000000,0.0001
ETHUSDT,1640620800000,0.0001
ETHUSDT,1640649600000,0.0001
ETHUSDT,1640678400000,2.254e-05
ETHUSDT,1640707200000,4.226e-05
ETHUSDT,1640736000000,8.064e-05
ETHUSDT,1640764800000,0.0001
ETHUSDT,1640793600000,6.859e-05
ETHUSDT,1640822400000,9.232e-05
ETHUSDT,1640851200000,-7.64e-06
ETHUSDT,1640880000000,0.0001
ETHUSDT,1640908800000,6.849e-05
ETHUSDT,1640937600000,9.72e-06
ETHUSDT,1640966400000,0.0001
ETHUSDT,1640995200000,0.0001
ETHUSDT,1641024000000,0.0001
ETHUSDT,1641052800000,0.0001
ETHUSDT,1641081600000,3.876e-05
ETHUSDT,1641110400000,2.263e-05
ETHUSDT,1641139200000,6.714e-05
ETHUSDT,1641168000000,6.973e-05
ETHUSDT,1641196800000,5.084e-05
ETHUSDT,1641225600000,7.394e-05
ETHUSDT,1641254400000,0.0001
ETHUSDT,1641283200000,0.0001
ETHUSDT,1641312000000,0.0001
ETHUSDT,1641340800000,0.0001
ETHUSDT,1641369600000,0.0001
ETHUSDT,1641398400000,0.0001
ETHUSDT,1641427200000,5.376e-05
ETHUSDT,1641456000000,0.0001
ETHUSDT,1641484800000,4.332e-05
ETHUSDT,1641513600000,1.935e-05
ETHUSDT,1641542400000,0.0001
ETHUSDT,1641571200000,0.0001
ETHUSDT,1641600000000,0.0001
ETHUSDT,1641628800000,0.0001
ETHUSDT,1641657600000,0.0001
ETHUSDT,1641686400000,0.0001
ETHUSDT,1641715200000,-7.234e-05
ETHUSDT,1641744000000,5.47e-05
ETHUSDT,1641772800000,-0.00014593
ETHUSDT,1641801600000,-6.361e-05
ETHUSDT,1641830400000,1.599e-05
ETHUSDT,1641859200000,0.0001
ETHUSDT,1641888000000,6.198e-05
ETHUSDT,1641916800000,2.718e-05
ETHUSDT,1641945600000,-6.878e-05
ETHUSDT,1641974400000,8.036e-05
ETHUSDT,1642003200000,-0.00019812
ETHUSDT,1642032000000,-2.315e-05
ETHUSDT,1642060800000,0.0001
ETHUSDT,1642089600000,-1.444e-05
ETHUSDT,1642118400000,0.0001
ETHUSDT,1642147200000,0.0001
ETHUSDT,1642176000000,-1.294e-05
ETHUSDT,1642204800000,9.632e-05
ETHUSDT,1642233600000,0.0001
ETHUSDT,1642262400000,0.0001
ETHUSDT,1642291200000,2.224e-05
ETHUSDT,1642320000000,9.785e-05
ETHUSDT,1642348800000,8.585e-05
ETHUSDT,1642377600000,2.683e-05
ETHUSDT,1642406400000,4.25e-05
ETHUSDT,1642435200000,-5.944e-05
ETHUSDT,1642464000000,7.549e-05
ETHUSDT,1642492800000,3.626e-05
ETHUSDT,1642521600000,0.0001
ETHUSDT,1642550400000,0.0001
ETHUSDT,1642579200000,-1.72e-05
ETHUSDT,1642608000000,0.0001
ETHUSDT,1642636800000,0.0001
ETHUSDT,1642665600000,0.0001
ETHUSDT,1642694400000,0.0001
ETHUSDT,1642723200000,-8.05e-06
ETHUSDT,1642752000000,-5.915e-05
ETHUSDT,1642780800000,8.447e-05
ETHUSDT,1642809600000,7.145e-05
ETHUSDT,1642838400000,0.0001
ETHUSDT,1642867200000,9.327e-05
ETHUSDT,1642896000000,0.0001
ETHUSDT,1642924800000,-5.208e-05
ETHUSDT,1642953600000,-0.0001332
ETHUSDT,1642982400000,0.0001
ETHUSDT,1643011200000,-0.00011775
ETHUSDT,1643040000000,0.0001
ETHUSDT,1643068800000,1.695e-05
ETHUSDT,1643097600000,5.831e-05
ETHUSDT,1643126400000,-7.88e-05
ETHUSDT,1643155200000,-4.048e-05
ETHUSDT,1643184000000,-7.941e-05
ETHUSDT,1643212800000,-0.00020069
ETHUSDT,1643241600000,-8.756e-05
ETHUSDT,1643270400000,2.801e-05
ETHUSDT,1643299200000,-0.00014218
ETHUSDT,1643328000000,-8.132e-05
ETHUSDT,1643356800000,-2.97e-06
ETHUSDT,1643385600000,-8.379e-05
ETHUSDT,1643414400000,-8.5e-06
ETHUSDT,1643443200000,0.0001
ETHUSDT,1643472000000,-9.97e-06
ETHUSDT,1643500800000,2.848e-05
ETHUSDT,1643529600000,-6.536e-05
ETHUSDT,1643558400000,2.989e-05
ETHUSDT,1643587200000,5.139e-05
ETHUSDT,1643616000000,-0.00010687
ETHUSDT,1643644800000,-1.151e-05
ETHUSDT,1643673600000,0.0001
ETHUSDT,1643702400000,-0.00010276
ETHUSDT,1643731200000,-0.00020797
ETHUSDT,1643760000000,-6.256e-05
ETHUSDT,1643788800000,-1.7e-07
ETHUSDT,1643817600000,4.07e-06
ETHUSDT,1643846400000,-0.00038034
ETHUSDT,1643875200000,-5.85e-05
ETHUSDT,1643904000000,-7.881e-05
ETHUSDT,1643932800000,0.0001
ETHUSDT,1643961600000,8.786e-05
ETHUSDT,1643990400000,0.0001
ETHUSDT,1644019200000,0.0001
ETHUSDT,1644048000000,7.456e-05
ETHUSDT,1644076800000,4.351e-05
ETHUSDT,1644105600000,0.0001
ETHUSDT,1644134400000,0.0001
ETHUSDT,1644163200000,0.0001
ETHUSDT,1644192000000,-7.25e-06
ETHUSDT,1644220800000,8.15e-05
ETHUSDT,1644249600000,1.491e-05
ETHUSDT,1644278400000,0.0001
ETHUSDT,1644307200000,1.62e-05
ETHUSDT,1644336000000,7.718e-05
ETHUSDT,1644364800000,0.0001
ETHUSDT,1644393600000,-1.62e-06
ETHUSDT,1644422400000,7.116e-05
ETHUSDT,1644451200000,-2.777e-05
ETHUSDT,1644480000000,-3.259e-05
ETHUSDT,1644508800000,1.908e-05
ETHUSDT,1644537600000,-0.00011327
ETHUSDT,1644566400000,0.0001
ETHUSDT,1644595200000,-4.783e-05
ETHUSDT,1644624000000,0.0001
ETHUSDT,1644652800000,0.0001
ETHUSDT,1644681600000,0.0001
ETHUSDT,1644710400000,1.665e-05
ETHUSDT,1644739200000,6.235e-05
ETHUSDT,1644768000000,-2.875e-05
ETHUSDT,1644796800000,9.155e-05
ETHUSDT,1644825600000,6.358e-05
ETHUSDT,1644854400000,0.0001
ETHUSDT,1644883200000,7.379e-05
ETHUSDT,1644912000000,4.572e-05
ETHUSDT,1644940800000,-5.099e-05
ETHUSDT,1644969600000,0.0001
ETHUSDT,1644998400000,0.0001
ETHUSDT,1645027200000,0.0001
ETHUSDT,1645056000000,0.0001
ETHUSDT,1645084800000,1.611e-05
ETHUSDT,1645113600000,4.771e-05
ETHUSDT,1645142400000,-3.865e-05
ETHUSDT,1645171200000,-9.187e-05
ETHUSDT,1645200000000,3.508e-05
ETHUSDT,1645228800000,0.0001
ETHUSDT,1645257600000,7.039e-05
ETHUSDT,1645286400000,4.883e-05
ETHUSDT,1645315200000,-3.349e-05
ETHUSDT,1645344000000,5.414e-05
ETHUSDT,1645372800000,3.264e-05
ETHUSDT,1645401600000,7.012e-05
ETHUSDT,1645430400000,-0.00014003
ETHUSDT,1645459200000,7.007e-05
ETHUSDT,1645488000000,8.65e-06
ETHUSDT,1645516800000,-3.63e-05
ETHUSDT,1645545600000,5.962e-05
ETHUSDT,1645574400000,9.188e-05
ETHUSDT,1645603200000,-3.926e-05
ETHUSDT,1645632000000,-3.644e-05
ETHUSDT,1645660800000,-1.113e-05
ETHUSDT,1645689600000,-3.56e-05
ETHUSDT,1645718400000,-6.14e-05
ETHUSDT,1645747200000,0.0001
ETHUSDT,1645776000000,0.0001
ETHUSDT,1645804800000,0.0001
ETHUSDT,1645833600000,0.0001
ETHUSDT,1645862400000,0.0001
ETHUSDT,1645891200000,0.0001
ETHUSDT,1645920000000,0.0001
ETHUSDT,1645948800000,5.07e-06
ETHUSDT,1645977600000,0.0001
ETHUSDT,1646006400000,-0.00015064
ETHUSDT,1646035200000,-9.02e-05
ETHUSDT,1646064000000,5.573e-05
ETHUSDT,1646092800000,0.0001
ETHUSDT,1646121600000,0.0001
ETHUSDT,1646150400000,0.0001
ETHUSDT,1646179200000,0.0001
ETHUSDT,1646208000000,0.0001
ETHUSDT,1646236800000,0.0001
ETHUSDT,1646265600000,0.0001
ETHUSDT,1646294400000,0.0001
ETHUSDT,1646323200000,0.0001
ETHUSDT,1646352000000,0.0001
ETHUSDT,1646380800000,0.0001
ETHUSDT,1646409600000,0.0001
ETHUSDT,1646438400000,5.192e-05
ETHUSDT,1646467200000,1.52e-05
ETHUSDT,1646496000000,3.064e-05
ETHUSDT,1646524800000,-8.875e-05
ETHUSDT,1646553600000,5.669e-05
ETHUSDT,1646582400000,7.5e-05
ETHUSDT,1646611200000,3.909e-05
ETHUSDT,1646640000000,-1e-05
ETHUSDT,1646668800000,8.669e-05
ETHUSDT,1646697600000,-0.00010024
ETHUSDT,1646726400000,0.0001
ETHUSDT,1646755200000,0.0001
ETHUSDT,1646784000000,6.224e-05
ETHUSDT,1646812800000,0.0001
ETHUSDT,1646841600000,0.0001
ETHUSDT,1646870400000,0.0001
ETHUSDT,1646899200000,5.56e-05
ETHUSDT,1646928000000,-3.951e-05
ETHUSDT,1646956800000,2.542e-05
ETHUSDT,1646985600000,-5.91e-05
ETHUSDT,1647014400000,8.211e-05
ETHUSDT,1647043200000,0.0001
ETHUSDT,1647072000000,5.025e-05
ETHUSDT,1647100800000,6.255e-05
ETHUSDT,1647129600000,2.116e-05
ETHUSDT,1647158400000,0.0001
ETHUSDT,1647187200000,-2.698e-05
ETHUSDT,1647216000000,-0.00010352
ETHUSDT,1647244800000,0.0001
ETHUSDT,1647273600000,0.0001
ETHUSDT,1647302400000,0.0001
ETHUSDT,1647331200000,-3.21e-06
ETHUSDT,1647360000000,-4.856e-05
ETHUSDT,1647388800000,0.0001
ETHUSDT,1647417600000,9.131e-05
ETHUSDT,1647446400000,5.316e-05
ETHUSDT,1647475200000,0.0001
ETHUSDT,1647504000000,0.0001
ETHUSDT,1647532800000,0.0001
ETHUSDT,1647561600000,0.0001
ETHUSDT,1647590400000,4.709e-05
ETHUSDT,1647619200000,5.917e-05
ETHUSDT,1647648000000,0.0001
ETHUSDT,1647676800000,0.0001
ETHUSDT,1647705600000,0.0001
ETHUSDT,1647734400000,0.0001
ETHUSDT,1647763200000,0.0001
ETHUSDT,1647792000000,0.0001
ETHUSDT,1647820800000,0.0001
ETHUSDT,1647849600000,0.0001
ETHUSDT,1647878400000,0.0001
ETHUSDT,1647907200000,0.0001
ETHUSDT,1647936000000,0.0001
ETHUSDT,1647964800000,0.0001
ETHUSDT,1647993600000,0.0001
ETHUSDT,1648022400000,8.504e-05
ETHUSDT,1648051200000,-3.582e-05
ETHUSDT,1648080000000,-1.813e-05
ETHUSDT,1648108800000,0.0001
ETHUSDT,1648137600000,0.0001
ETHUSDT,1648166400000,0.0001
ETHUSDT,1648195200000,0.0001
ETHUSDT,1648224000000,0.0001
ETHUSDT,1648252800000,0.0001
ETHUSDT,1648281600000,4.979e-05
ETHUSDT,1648310400000,0.0001
ETHUSDT,1648339200000,7.576e-05
ETHUSDT,1648368000000,7.27e-06
ETHUSDT,1648396800000,-1.708e-05
ETHUSDT,1648425600000,0.0001
ETHUSDT,1648454400000,0.0001
ETHUSDT,1648483200000,0.0001
ETHUSDT,1648512000000,0.0001
ETHUSDT,1648540800000,0.0001
ETHUSDT,1648569600000,8.269e-05
ETHUSDT,1648598400000,0.0001
ETHUSDT,1648627200000,0.0001
ETHUSDT,1648656000000,0.0001
ETHUSDT,1648684800000,0.0001
ETHUSDT,1648713600000,0.0001
ETHUSDT,1648742400000,0.0001
ETHUSDT,1648771200000,0.0001
ETHUSDT,1648800000000,0.0001
ETHUSDT,1648828800000,0.0001
ETHUSDT,1648857600000,0.0001
ETHUSDT,1648886400000,0.0001
ETHUSDT,1648915200000,0.0001
ETHUSDT,1648944000000,0.0001
ETHUSDT,1648972800000,0.0001
ETHUSDT,1649001600000,0.0001
ETHUSDT,1649030400000,0.0001
ETHUSDT,1649059200000,2.896e-05
ETHUSDT,1649088000000,0.0001
ETHUSDT,1649116800000,0.0001
ETHUSDT,1649145600000,0.0001
ETHUSDT,1649174400000,7.974e-05
ETHUSDT,1649203200000,9.47e-05
ETHUSDT,1649232000000,-0.00014471
ETHUSDT,1649260800000,6.028e-05
ETHUSDT,1649289600000,8.854e-05
ETHUSDT,1649318400000,-9.945e-05
ETHUSDT,1649347200000,4.585e-05
ETHUSDT,1649376000000,-9.963e-05
ETHUSDT,1649404800000,-3.214e-05
ETHUSDT,1649433600000,0.0001
ETHUSDT,1649462400000,0.0001
ETHUSDT,1649491200000,0.0001
ETHUSDT,1649520000000,0.0001
ETHUSDT,1649548800000,0.0001
ETHUSDT,1649577600000,0.0001
ETHUSDT,1649606400000,5.98e-05
ETHUSDT,1649635200000,4.676e-05
ETHUSDT,1649664000000,0.0001
ETHUSDT,1649692800000,0.0001
ETHUSDT,1649721600000,-3.306e-05
ETHUSDT,1649750400000,-4.036e-05
ETHUSDT,1649779200000,-0.00016064
ETHUSDT,1649808000000,-2.262e-05
ETHUSDT,1649836800000,-0.00016876
ETHUSDT,1649865600000,3.222e-05
ETHUSDT,1649894400000,-2.2e-05
ETHUSDT,1649923200000,5.593e-05
ETHUSDT,1649952000000,-3.051e-05
ETHUSDT,1649980800000,-0.00012221
ETHUSDT,1650009600000,-3.677e-05
ETHUSDT,1650038400000,-3.34e-06
ETHUSDT,1650067200000,-2.9e-05
ETHUSDT,1650096000000,-0.00012314
ETHUSDT,1650124800000,-3.323e-05
ETHUSDT,1650153600000,2.48e-05
ETHUSDT,1650182400000,-6.458e-05
ETHUSDT,1650211200000,2.937e-05
ETHUSDT,1650240000000,-5.257e-05
ETHUSDT,1650268800000,-4.41e-05
ETHUSDT,1650297600000,-0.00013169
ETHUSDT,1650326400000,8.478e-05
ETHUSDT,1650355200000,3.976e-05
ETHUSDT,1650384000000,2.251e-05
ETHUSDT,1650412800000,0.0001
ETHUSDT,1650441600000,6.595e-05
ETHUSDT,1650470400000,-1.05e-06
ETHUSDT,1650499200000,-9.577e-05
ETHUSDT,1650528000000,-0.00012991
ETHUSDT,1650556800000,-9.56e-06
ETHUSDT,1650585600000,-0.00011914
ETHUSDT,1650614400000,-0.00017158
ETHUSDT,1650643200000,-2.649e-05
ETHUSDT,1650672000000,3.778e-05
ETHUSDT,1650700800000,-0.00010115
ETHUSDT,1650729600000,-8.574e-05
ETHUSDT,1650758400000,-9.091e-05
ETHUSDT,1650787200000,-5.652e-05
ETHUSDT,1650816000000,3.41e-06
ETHUSDT,1650844800000,3.21e-06
ETHUSDT,1650873600000,-8.588e-05
ETHUSDT,1650902400000,-0.00024996
ETHUSDT,1650931200000,0.0001
ETHUSDT,1650960000000,0.0001
ETHUSDT,1650988800000,4.991e-05
ETHUSDT,1651017600000,-0.00014242
ETHUSDT,1651046400000,-0.0002569
ETHUSDT,1651075200000,2.591e-05
ETHUSDT,1651104000000,-1.675e-05
ETHUSDT,1651132800000,-5.776e-05
ETHUSDT,1651161600000,0.0001
ETHUSDT,1651190400000,0.0001
ETHUSDT,1651219200000,0.0001
ETHUSDT,1651248000000,4.578e-05
ETHUSDT,1651276800000,-8.896e-05
ETHUSDT,1651305600000,-5.202e-05
ETHUSDT,1651334400000,-5.736e-05
ETHUSDT,1651363200000,-7.153e-05
ETHUSDT,1651392000000,-0.00016213
ETHUSDT,1651420800000,-4.432e-05
ETHUSDT,1651449600000,4.92e-05
ETHUSDT,1651478400000,-7.704e-05
ETHUSDT,1651507200000,-2.36e-06
ETHUSDT,1651536000000,8.762e-05
ETHUSDT,1651564800000,6.446e-05
ETHUSDT,1651593600000,8.725e-05
ETHUSDT,1651622400000,9.221e-05
ETHUSDT,1651651200000,0.0001
ETHUSDT,1651680000000,0.0001
ETHUSDT,1651708800000,0.0001
ETHUSDT,1651737600000,0.0001
ETHUSDT,1651766400000,0.0001
ETHUSDT,1651795200000,-5.032e-05
ETHUSDT,1651824000000,-4.64e-05
ETHUSDT,1651852800000,-2.46e-06
ETHUSDT,1651881600000,5.836e-05
ETHUSDT,1651910400000,0.0001
ETHUSDT,1651939200000,7.282e-05
ETHUSDT,1651968000000,9.867e-05
ETHUSDT,1651996800000,0.0001
ETHUSDT,1652025600000,0.0001
ETHUSDT,1652054400000,0.0001
ETHUSDT,1652083200000,9.424e-05
ETHUSDT,1652112000000,9.769e-05
ETHUSDT,1652140800000,9.833e-05
ETHUSDT,1652169600000,6.098e-05
ETHUSDT,1652198400000,0.0001
ETHUSDT,1652227200000,7.598e-05
ETHUSDT,1652256000000,0.0001
ETHUSDT,1652284800000,7.639e-05
ETHUSDT,1652313600000,-0.00018602
ETHUSDT,1652342400000,-0.00079682
ETHUSDT,1652371200000,-0.00028645
ETHUSDT,1652400000000,-9.107e-05
ETHUSDT,1652428800000,-0.00016008
ETHUSDT,1652457600000,-2.742e-05
ETHUSDT,1652486400000,5.029e-05
ETHUSDT,1652515200000,9.124e-05
ETHUSDT,1652544000000,6.884e-05
ETHUSDT,1652572800000,0.0001
ETHUSDT,1652601600000,7.136e-05
ETHUSDT,1652630400000,7.168e-05
ETHUSDT,1652659200000,0.0001
ETHUSDT,1652688000000,0.0001
ETHUSDT,1652716800000,-3.34e-06
ETHUSDT,1652745600000,1.965e-05
ETHUSDT,1652774400000,-0.00010278
ETHUSDT,1652803200000,8.48e-06
ETHUSDT,1652832000000,7.107e-05
ETHUSDT,1652860800000,-1.537e-05
ETHUSDT,1652889600000,-7.218e-05
ETHUSDT,1652918400000,-5.373e-05
ETHUSDT,1652947200000,4.9e-06
ETHUSDT,1652976000000,3.757e-05
ETHUSDT,1653004800000,0.0001
ETHUSDT,1653033600000,0.0001
ETHUSDT,1653062400000,6.647e-05
ETHUSDT,1653091200000,9.991e-05
ETHUSDT,1653120000000,-2.669e-05
ETHUSDT,1653148800000,-3.6e-06
ETHUSDT,1653177600000,4.308e-05
ETHUSDT,1653206400000,5.296e-05
ETHUSDT,1653235200000,0.0001
ETHUSDT,1653264000000,0.0001
ETHUSDT,1653292800000,0.0001
ETHUSDT,1653321600000,0.0001
ETHUSDT,1653350400000,-7.86e-05
ETHUSDT,1653379200000,-4.871e-05
ETHUSDT,1653408000000,-4.04e-05
ETHUSDT,1653436800000,1.228e-05
ETHUSDT,1653465600000,0.0001
ETHUSDT,1653494400000,6.424e-05
ETHUSDT,1653523200000,0.0001
ETHUSDT,1653552000000,3.287e-05
ETHUSDT,1653580800000,-0.00014343
ETHUSDT,1653609600000,0.0001
ETHUSDT,1653638400000,-1.53e-06
ETHUSDT,1653667200000,5.35e-05
ETHUSDT,1653696000000,0.0001
ETHUSDT,1653724800000,6.376e-05
ETHUSDT,1653753600000,3.132e-05
ETHUSDT,1653782400000,0.0001
ETHUSDT,1653811200000,1.764e-05
ETHUSDT,1653840000000,1.83e-05
ETHUSDT,1653868800000,6.492e-05
ETHUSDT,1653897600000,1.622e-05
ETHUSDT,1653926400000,0.0001
ETHUSDT,1653955200000,7.761e-05
ETHUSDT,1653984000000,0.0001
ETHUSDT,1654012800000,0.0001
ETHUSDT,1654041600000,0.0001
ETHUSDT,1654070400000,0.0001
ETHUSDT,1654099200000,0.0001
ETHUSDT,1654128000000,-8.505e-05
ETHUSDT,1654156800000,4.628e-05
ETHUSDT,1654185600000,3.599e-05
ETHUSDT,1654214400000,5.262e-05
ETHUSDT,1654243200000,0.0001
ETHUSDT,1654272000000,2.737e-05
ETHUSDT,1654300800000,0.0001
ETHUSDT,1654329600000,0.0001
ETHUSDT,1654358400000,3e-05
ETHUSDT,1654387200000,3.407e-05
ETHUSDT,1654416000000,5.246e-05
ETHUSDT,1654444800000,5.865e-05
ETHUSDT,1654473600000,0.0001
ETHUSDT,1654502400000,9.597e-05
ETHUSDT,1654531200000,0.0001
ETHUSDT,1654560000000,0.0001
ETHUSDT,1654588800000,-3.071e-05
ETHUSDT,1654617600000,1.156e-05
ETHUSDT,1654646400000,0.0001
ETHUSDT,1654675200000,7.041e-05
ETHUSDT,1654704000000,0.0001
ETHUSDT,1654732800000,0.0001
ETHUSDT,1654761600000,5.421e-05
ETHUSDT,1654790400000,0.0001
ETHUSDT,1654819200000,0.0001
ETHUSDT,1654848000000,0.0001
ETHUSDT,1654876800000,-0.00010846
ETHUSDT,1654905600000,-0.00013495
ETHUSDT,1654934400000,-0.00018605
ETHUSDT,1654963200000,-9.29e-05
ETHUSDT,1654992000000,-6.025e-05
ETHUSDT,1655020800000,-9.914e-05
ETHUSDT,1655049600000,-6.827e-05
ETHUSDT,1655078400000,1.579e-05
ETHUSDT,1655107200000,-2.19e-06
ETHUSDT,1655136000000,-5.144e-05
ETHUSDT,1655164800000,-4.066e-05
ETHUSDT,1655193600000,-5.061e-05
ETHUSDT,1655222400000,-2.999e-05
ETHUSDT,1655251200000,-5.37e-05
ETHUSDT,1655280000000,-0.0001643
ETHUSDT,1655308800000,-9.52e-06
ETHUSDT,1655337600000,-1.444e-05
ETHUSDT,1655366400000,6.616e-05
ETHUSDT,1655395200000,-0.00010424
ETHUSDT,1655424000000,-0.00012406
ETHUSDT,1655452800000,-5.634e-05
ETHUSDT,1655481600000,-0.00014982
ETHUSDT,1655510400000,-7.277e-05
ETHUSDT,1655539200000,-0.00029164
ETHUSDT,1655568000000,-7.606e-05
ETHUSDT,1655596800000,-0.00018722
ETHUSDT,1655625600000,-0.0001769
ETHUSDT,1655654400000,0.0001
ETHUSDT,1655683200000,0.0001
ETHUSDT,1655712000000,-2.176e-05
ETHUSDT,1655740800000,8.444e-05
ETHUSDT,1655769600000,6.015e-05
ETHUSDT,1655798400000,4.698e-05
ETHUSDT,1655827200000,5.33e-05
ETHUSDT,1655856000000,-4.89e-05
ETHUSDT,1655884800000,-2.551e-05
ETHUSDT,1655913600000,-8.679e-05
ETHUSDT,1655942400000,-4.408e-05
ETHUSDT,1655971200000,-6.496e-05
ETHUSDT,1656000000000,-0.00010151
ETHUSDT,1656028800000,4.046e-05
ETHUSDT,1656057600000,8.003e-05
ETHUSDT,1656086400000,0.0001
ETHUSDT,1656115200000,-3.928e-05
ETHUSDT,1656144000000,3.156e-05
ETHUSDT,1656172800000,6.42e-06
ETHUSDT,1656201600000,0.0001
ETHUSDT,1656230400000,2.837e-05
ETHUSDT,1656259200000,-8.522e-05
ETHUSDT,1656288000000,-0.00010252
ETHUSDT,1656316800000,-4.323e-05
ETHUSDT,1656345600000,-3.606e-05
ETHUSDT,1656374400000,9.02e-06
ETHUSDT,1656403200000,-2.707e-05
ETHUSDT,1656432000000,6.622e-05
ETHUSDT,1656460800000,3.172e-05
ETHUSDT,1656489600000,1.728e-05
ETHUSDT,1656518400000,1.147e-05
ETHUSDT,1656547200000,3.467e-05
ETHUSDT,1656576000000,-6.766e-05
ETHUSDT,1656604800000,-0.00021692
ETHUSDT,1656633600000,-0.00013323
ETHUSDT,1656662400000,4.122e-05
ETHUSDT,1656691200000,-9.037e-05
ETHUSDT,1656720000000,-4.5e-06
ETHUSDT,1656748800000,-4.376e-05
ETHUSDT,1656777600000,-4.429e-05
ETHUSDT,1656806400000,8.102e-05
ETHUSDT,1656835200000,2.344e-05
ETHUSDT,1656864000000,-9.636e-05
ETHUSDT,1656892800000,8.487e-05
ETHUSDT,1656921600000,-0.00014236
ETHUSDT,1656950400000,6.349e-05
ETHUSDT,1656979200000,8.23e-06
ETHUSDT,1657008000000,1.762e-05
ETHUSDT,1657036800000,4.28e-05
ETHUSDT,1657065600000,0.0001
ETHUSDT,1657094400000,0.0001
ETHUSDT,1657123200000,4.373e-05
ETHUSDT,1657152000000,0.0001
ETHUSDT,1657180800000,0.0001
ETHUSDT,1657209600000,6.891e-05
ETHUSDT,1657238400000,0.0001
ETHUSDT,1657267200000,0.0001
ETHUSDT,1657296000000,5.505e-05
ETHUSDT,1657324800000,5.118e-05
ETHUSDT,1657353600000,2.685e-05
ETHUSDT,1657382400000,3.206e-05
ETHUSDT,1657411200000,4.544e-05
ETHUSDT,1657440000000,0.0001
ETHUSDT,1657468800000,6.604e-05
ETHUSDT,1657497600000,1.102e-05
ETHUSDT,1657526400000,4.204e-05
ETHUSDT,1657555200000,5.881e-05
ETHUSDT,1657584000000,6.653e-05
ETHUSDT,1657612800000,-2.208e-05
ETHUSDT,1657641600000,-0.00010622
ETHUSDT,1657670400000,-0.00017917
ETHUSDT,1657699200000,-0.00019746
ETHUSDT,1657728000000,-0.00012686
ETHUSDT,1657756800000,-0.00012921
ETHUSDT,1657785600000,1.264e-05
ETHUSDT,1657814400000,-5.017e-05
ETHUSDT,1657843200000,0.0001
ETHUSDT,1657872000000,4.667e-05
ETHUSDT,1657900800000,-4.53e-06
ETHUSDT,1657929600000,5.458e-05
ETHUSDT,1657958400000,7.053e-05
ETHUSDT,1657987200000,3.638e-05
ETHUSDT,1658016000000,0.0001
ETHUSDT,1658044800000,8e-08
ETHUSDT,1658073600000,-6.39e-06
ETHUSDT,1658102400000,-2.025e-05
ETHUSDT,1658131200000,-8.57e-06
ETHUSDT,1658160000000,7.25e-05
ETHUSDT,1658188800000,0.0001
ETHUSDT,1658217600000,0.0001
ETHUSDT,1658246400000,4.242e-05
ETHUSDT,1658275200000,5.437e-05
ETHUSDT,1658304000000,-4.179e-05
ETHUSDT,1658332800000,2.871e-05
ETHUSDT,1658361600000,0.0001
ETHUSDT,1658390400000,0.0001
ETHUSDT,1658419200000,0.0001
ETHUSDT,1658448000000,0.0001
ETHUSDT,1658476800000,0.0001
ETHUSDT,1658505600000,9.317e-05
ETHUSDT,1658534400000,5.463e-05
ETHUSDT,1658563200000,6.541e-05
ETHUSDT,1658592000000,0.0001
ETHUSDT,1658620800000,0.0001
ETHUSDT,1658649600000,0.0001
ETHUSDT,1658678400000,0.0001
ETHUSDT,1658707200000,0.0001
ETHUSDT,1658736000000,-1.134e-05
ETHUSDT,1658764800000,7.434e-05
ETHUSDT,1658793600000,6.69e-05
ETHUSDT,1658822400000,7.151e-05
ETHUSDT,1658851200000,0.0001
ETHUSDT,1658880000000,7.41e-06
ETHUSDT,1658908800000,8.204e-05
ETHUSDT,1658937600000,3.325e-05
ETHUSDT,1658966400000,0.0001
ETHUSDT,1658995200000,0.0001
ETHUSDT,1659024000000,0.0001
ETHUSDT,1659052800000,0.0001
ETHUSDT,1659081600000,0.0001
ETHUSDT,1659110400000,0.0001
ETHUSDT,1659139200000,0.0001
ETHUSDT,1659168000000,0.0001
ETHUSDT,1659196800000,5.049e-05
ETHUSDT,1659225600000,4.431e-05
ETHUSDT,1659254400000,0.0001
ETHUSDT,1659283200000,5.528e-05
ETHUSDT,1659312000000,9.823e-05
ETHUSDT,1659340800000,0.0001
ETHUSDT,1659369600000,6.285e-05
ETHUSDT,1659398400000,0.0001
ETHUSDT,1659427200000,1.617e-05
ETHUSDT,1659456000000,1.593e-05
ETHUSDT,1659484800000,6.888e-05
ETHUSDT,1659513600000,3.68e-06
ETHUSDT,1659542400000,-3.047e-05
ETHUSDT,1659571200000,1.183e-05
ETHUSDT,1659600000000,7.702e-05
ETHUSDT,1659628800000,7.119e-05
ETHUSDT,1659657600000,7.649e-05
ETHUSDT,1659686400000,0.0001
ETHUSDT,1659715200000,0.0001
ETHUSDT,1659744000000,0.0001
ETHUSDT,1659772800000,0.0001
ETHUSDT,1659801600000,0.0001
ETHUSDT,1659830400000,0.0001
ETHUSDT,1659859200000,-2.278e-05
ETHUSDT,1659888000000,2.801e-05
ETHUSDT,1659916800000,-1.33e-05
ETHUSDT,1659945600000,2.805e-05
ETHUSDT,1659974400000,0.0001
ETHUSDT,1660003200000,5.993e-05
ETHUSDT,1660032000000,-3.21e-06
ETHUSDT,1660060800000,-0.00014349
ETHUSDT,1660089600000,-0.00010375
ETHUSDT,1660118400000,-3.238e-05
ETHUSDT,1660147200000,0.0001
ETHUSDT,1660176000000,0.0001
ETHUSDT,1660204800000,4.392e-05
ETHUSDT,1660233600000,1.783e-05
ETHUSDT,1660262400000,2.566e-05
ETHUSDT,1660291200000,5.216e-05
ETHUSDT,1660320000000,8.336e-05
ETHUSDT,1660348800000,7.636e-05
ETHUSDT,1660377600000,4.086e-05
ETHUSDT,1660406400000,2.735e-05
ETHUSDT,1660435200000,3.144e-05
ETHUSDT,1660464000000,8.292e-05
ETHUSDT,1660492800000,2.19e-06
ETHUSDT,1660521600000,-6.757e-05
ETHUSDT,1660550400000,3.991e-05
ETHUSDT,1660579200000,-4.854e-05
ETHUSDT,1660608000000,-6.945e-05
ETHUSDT,1660636800000,3.333e-05
ETHUSDT,1660665600000,3.842e-05
ETHUSDT,1660694400000,5.927e-05
ETHUSDT,1660723200000,6.626e-05
ETHUSDT,1660752000000,4.034e-05
ETHUSDT,1660780800000,2.314e-05
ETHUSDT,1660809600000,9.463e-05
ETHUSDT,1660838400000,3.449e-05
ETHUSDT,1660867200000,5.275e-05
ETHUSDT,1660896000000,0.0001
ETHUSDT,1660924800000,1.435e-05
ETHUSDT,1660953600000,4.557e-05
ETHUSDT,1660982400000,-3.743e-05
ETHUSDT,1661011200000,9.91e-06
ETHUSDT,1661040000000,-1.408e-05
ETHUSDT,1661068800000,1.912e-05
ETHUSDT,1661097600000,-5.859e-05
ETHUSDT,1661126400000,-5.605e-05
ETHUSDT,1661155200000,6.886e-05
ETHUSDT,1661184000000,7.481e-05
ETHUSDT,1661212800000,6.559e-05
ETHUSDT,1661241600000,-1.8e-05
ETHUSDT,1661270400000,-9.315e-05
ETHUSDT,1661299200000,-8.879e-05
ETHUSDT,1661328000000,-2.313e-05
ETHUSDT,1661356800000,5.38e-06
ETHUSDT,1661385600000,-9.281e-05
ETHUSDT,1661414400000,-1.814e-05
ETHUSDT,1661443200000,2.635e-05
ETHUSDT,1661472000000,4.613e-05
ETHUSDT,1661500800000,2.49e-05
ETHUSDT,1661529600000,8.902e-05
ETHUSDT,1661558400000,-0.0002075
ETHUSDT,1661587200000,-7.754e-05
ETHUSDT,1661616000000,-0.000272
ETHUSDT,1661644800000,-0.0002537
ETHUSDT,1661673600000,-0.0002688
ETHUSDT,1661702400000,1.893e-05
ETHUSDT,1661731200000,-0.00024797
ETHUSDT,1661760000000,-0.00017053
ETHUSDT,1661788800000,-6.657e-05
ETHUSDT,1661817600000,-9.478e-05
ETHUSDT,1661846400000,-6.689e-05
ETHUSDT,1661875200000,-5.782e-05
ETHUSDT,1661904000000,-0.00011151
ETHUSDT,1661932800000,-2.5e-07
ETHUSDT,1661961600000,7.105e-05
ETHUSDT,1661990400000,-1.273e-05
ETHUSDT,1662019200000,9.18e-06
ETHUSDT,1662048000000,-7.998e-05
ETHUSDT,1662076800000,5.469e-05
ETHUSDT,1662105600000,3.291e-05
ETHUSDT,1662134400000,-1.84e-05
ETHUSDT,1662163200000,-0.00012553
ETHUSDT,1662192000000,-0.00010187
ETHUSDT,1662220800000,-9.441e-05
ETHUSDT,1662249600000,1.789e-05
ETHUSDT,1662278400000,-4.425e-05
ETHUSDT,1662307200000,-9.236e-05
ETHUSDT,1662336000000,8.77e-06
ETHUSDT,1662364800000,-0.00010286
ETHUSDT,1662393600000,-5.01e-05
ETHUSDT,1662422400000,-0.00016568
ETHUSDT,1662451200000,-0.00013291
ETHUSDT,1662480000000,-2.352e-05
ETHUSDT,1662508800000,-0.0001677
ETHUSDT,1662537600000,-0.00027449
ETHUSDT,1662566400000,-0.00018414
ETHUSDT,1662595200000,1.215e-05
ETHUSDT,1662624000000,-1.24e-05
ETHUSDT,1662652800000,-6.039e-05
ETHUSDT,1662681600000,-8.28e-05
ETHUSDT,1662710400000,-3.837e-05
ETHUSDT,1662739200000,-0.00012468
ETHUSDT,1662768000000,-7.115e-05
ETHUSDT,1662796800000,-0.00020439
ETHUSDT,1662825600000,-0.00014116
ETHUSDT,1662854400000,-0.00011556
ETHUSDT,1662883200000,-0.00016606
ETHUSDT,1662912000000,-0.00031696
ETHUSDT,1662940800000,-0.00034442
ETHUSDT,1662969600000,-0.0002761
ETHUSDT,1662998400000,-0.00038902
ETHUSDT,1663027200000,-0.00028397
ETHUSDT,1663056000000,-0.00047985
ETHUSDT,1663084800000,-0.0004662
ETHUSDT,1663113600000,-0.00111142
ETHUSDT,1663142400000,-0.00182506
ETHUSDT,1663171200000,-0.00172134
ETHUSDT,1663200000000,-0.00301937
ETHUSDT,1663228800000,-0.00216987
ETHUSDT,1663257600000,-0.00010393
ETHUSDT,1663286400000,-7.76e-06
ETHUSDT,1663315200000,-2.35e-06
ETHUSDT,1663344000000,0.0001
ETHUSDT,1663372800000,7.4e-05
ETHUSDT,1663401600000,7.913e-05
ETHUSDT,1663430400000,4.111e-05
ETHUSDT,1663459200000,8.41e-06
ETHUSDT,1663488000000,8.234e-05
ETHUSDT,1663516800000,6.342e-05
ETHUSDT,1663545600000,-0.00010281
ETHUSDT,1663574400000,-4.91e-06
ETHUSDT,1663603200000,-9.737e-05
ETHUSDT,1663632000000,-0.00010865
ETHUSDT,1663660800000,-0.00012011
ETHUSDT,1663689600000,2.77e-06
ETHUSDT,1663718400000,-3.849e-05
ETHUSDT,1663747200000,-2.285e-05
ETHUSDT,1663776000000,-7.656e-05
ETHUSDT,1663804800000,-0.00024234
ETHUSDT,1663833600000,-0.00023437
ETHUSDT,1663862400000,-0.00013047
ETHUSDT,1663891200000,-1.456e-05
ETHUSDT,1663920000000,-4.759e-05
ETHUSDT,1663948800000,-5.042e-05
ETHUSDT,1663977600000,1.491e-05
ETHUSDT,1664006400000,4.468e-05
ETHUSDT,1664035200000,-8.115e-05
ETHUSDT,1664064000000,1.22e-06
ETHUSDT,1664092800000,-4.292e-05
ETHUSDT,1664121600000,4.49e-06
ETHUSDT,1664150400000,4.23e-06
ETHUSDT,1664179200000,0.0001
ETHUSDT,1664208000000,-1.379e-05
ETHUSDT,1664236800000,2.194e-05
ETHUSDT,1664265600000,1.777e-05
ETHUSDT,1664294400000,1.303e-05
ETHUSDT,1664323200000,-1.018e-05
ETHUSDT,1664352000000,-2.348e-05
ETHUSDT,1664380800000,-7.573e-05
ETHUSDT,1664409600000,6.004e-05
ETHUSDT,1664438400000,0.0001
ETHUSDT,1664467200000,2.149e-05
ETHUSDT,1664496000000,1.17e-05
ETHUSDT,1664524800000,7.176e-05
ETHUSDT,1664553600000,0.0001
ETHUSDT,1664582400000,8.185e-05
ETHUSDT,1664611200000,6.857e-05
ETHUSDT,1664640000000,5.117e-05
ETHUSDT,1664668800000,1.239e-05
ETHUSDT,1664697600000,4.395e-05
ETHUSDT,1664726400000,-2.183e-05
ETHUSDT,1664755200000,-2.23e-05
ETHUSDT,1664784000000,2.229e-05
ETHUSDT,1664812800000,-9.98e-06
ETHUSDT,1664841600000,7.858e-05
ETHUSDT,1664870400000,0.0001
ETHUSDT,1664899200000,3.575e-05
ETHUSDT,1664928000000,1.819e-05
ETHUSDT,1664956800000,3.45e-06
ETHUSDT,1664985600000,-3.017e-05
ETHUSDT,1665014400000,2.418e-05
ETHUSDT,1665043200000,5.188e-05
ETHUSDT,1665072000000,-1.15e-05
ETHUSDT,1665100800000,2.157e-05
ETHUSDT,1665129600000,3.248e-05
ETHUSDT,1665158400000,3.9e-06
ETHUSDT,1665187200000,5.904e-05
ETHUSDT,1665216000000,6.993e-05
ETHUSDT,1665244800000,8.939e-05
ETHUSDT,1665273600000,3.902e-05
ETHUSDT,1665302400000,1.819e-05
ETHUSDT,1665331200000,-5.165e-05
ETHUSDT,1665360000000,4.749e-05
ETHUSDT,1665388800000,2.784e-05
ETHUSDT,1665417600000,2.352e-05
ETHUSDT,1665446400000,7.133e-05
ETHUSDT,1665475200000,3.552e-05
ETHUSDT,1665504000000,4.405e-05
ETHUSDT,1665532800000,8.85e-05
ETHUSDT,1665561600000,-1.598e-05
ETHUSDT,1665590400000,7.18e-06
ETHUSDT,1665619200000,-0.00018211
ETHUSDT,1665648000000,8.18e-05
ETHUSDT,1665676800000,-0.00010154
ETHUSDT,1665705600000,2e-06
ETHUSDT,1665734400000,0.0001
ETHUSDT,1665763200000,0.0001
ETHUSDT,1665792000000,5.95e-05
ETHUSDT,1665820800000,-5.48e-06
ETHUSDT,1665849600000,-8.01e-06
ETHUSDT,1665878400000,2.73e-06
ETHUSDT,1665907200000,-1.934e-05
ETHUSDT,1665936000000,1.261e-05
ETHUSDT,1665964800000,7.5e-06
ETHUSDT,1665993600000,3.595e-05
ETHUSDT,1666022400000,5.61e-05
ETHUSDT,1666051200000,6.43e-05
ETHUSDT,1666080000000,5.818e-05
ETHUSDT,1666108800000,8.2e-05
ETHUSDT,1666137600000,6.911e-05
ETHUSDT,1666166400000,0.0001
ETHUSDT,1666195200000,3.885e-05
ETHUSDT,1666224000000,1.115e-05
ETHUSDT,1666252800000,6.032e-05
ETHUSDT,1666281600000,-5.194e-05
ETHUSDT,1666310400000,0.0001
ETHUSDT,1666339200000,1.939e-05
ETHUSDT,1666368000000,2.595e-05
ETHUSDT,1666396800000,2.568e-05
ETHUSDT,1666425600000,-7.96e-06
ETHUSDT,1666454400000,-3.726e-05
ETHUSDT,1666483200000,1.025e-05
ETHUSDT,1666512000000,2.352e-05
ETHUSDT,1666540800000,0.0001
ETHUSDT,1666569600000,9.274e-05
ETHUSDT,1666598400000,0.0001
ETHUSDT,1666627200000,-2.685e-05
ETHUSDT,1666656000000,-5.643e-05
ETHUSDT,1666684800000,3.537e-05
ETHUSDT,1666713600000,1.973e-05
ETHUSDT,1666742400000,0.0001
ETHUSDT,1666771200000,-2.452e-05
ETHUSDT,1666800000000,0.0001
ETHUSDT,1666828800000,8.299e-05
ETHUSDT,1666857600000,5.005e-05
ETHUSDT,1666886400000,-3.37e-05
ETHUSDT,1666915200000,2.272e-05
ETHUSDT,1666944000000,4.042e-05
ETHUSDT,1666972800000,1.87e-05
ETHUSDT,1667001600000,6.207e-05
ETHUSDT,1667030400000,8.203e-05
ETHUSDT,1667059200000,0.0001
ETHUSDT,1667088000000,7.735e-05
ETHUSDT,1667116800000,9.296e-05
ETHUSDT,1667145600000,0.0001
ETHUSDT,1667174400000,6.308e-05
ETHUSDT,1667203200000,0.0001
ETHUSDT,1667232000000,-2.88e-06
ETHUSDT,1667260800000,7.95e-06
ETHUSDT,1667289600000,-5.701e-05
ETHUSDT,1667318400000,1.321e-05
ETHUSDT,1667347200000,7.678e-05
ETHUSDT,1667376000000,2.913e-05
ETHUSDT,1667404800000,5.813e-05
ETHUSDT,1667433600000,-8.892e-05
ETHUSDT,1667462400000,-7.732e-05
ETHUSDT,1667491200000,2.55e-06
ETHUSDT,1667520000000,1.398e-05
ETHUSDT,1667548800000,9.293e-05
ETHUSDT,1667577600000,0.0001
ETHUSDT,1667606400000,9.19e-05
ETHUSDT,1667635200000,1.474e-05
ETHUSDT,1667664000000,5.826e-05
ETHUSDT,1667692800000,8.014e-05
ETHUSDT,1667721600000,0.0001
ETHUSDT,1667750400000,4.026e-05
ETHUSDT,1667779200000,2.594e-05
ETHUSDT,1667808000000,-2.72e-06
ETHUSDT,1667836800000,0.0001
ETHUSDT,1667865600000,-5.728e-05
ETHUSDT,1667894400000,-0.00011539
ETHUSDT,1667923200000,7.883e-05
ETHUSDT,1667952000000,-0.00038496
ETHUSDT,1667980800000,-0.00012169
ETHUSDT,1668009600000,-0.00054682
ETHUSDT,1668038400000,-0.00060149
ETHUSDT,1668067200000,-0.000543
ETHUSDT,1668096000000,-0.00015464
ETHUSDT,1668124800000,-0.00016788
ETHUSDT,1668153600000,-0.00013634
ETHUSDT,1668182400000,2.873e-05
ETHUSDT,1668211200000,9.985e-05
ETHUSDT,1668240000000,4.863e-05
ETHUSDT,1668268800000,9.984e-05
ETHUSDT,1668297600000,-9.28e-06
ETHUSDT,1668326400000,-8.449e-05
ETHUSDT,1668355200000,-1.748e-05
ETHUSDT,1668384000000,2.81e-05
ETHUSDT,1668412800000,2.254e-05
ETHUSDT,1668441600000,5.237e-05
ETHUSDT,1668470400000,-8.644e-05
ETHUSDT,1668499200000,4.951e-05
ETHUSDT,1668528000000,-4.197e-05
ETHUSDT,1668556800000,-9.137e-05
ETHUSDT,1668585600000,1.19e-06
ETHUSDT,1668614400000,-4.556e-05
ETHUSDT,1668643200000,-9.394e-05
ETHUSDT,1668672000000,2.558e-05
ETHUSDT,1668700800000,-0.00010849
ETHUSDT,1668729600000,-8.46e-05
ETHUSDT,1668758400000,-6.951e-05
ETHUSDT,1668787200000,-5.327e-05
ETHUSDT,1668816000000,6.481e-05
ETHUSDT,1668844800000,4.413e-05
ETHUSDT,1668873600000,5.99e-05
ETHUSDT,1668902400000,3.77e-06
ETHUSDT,1668931200000,5.73e-05
ETHUSDT,1668960000000,-2.008e-05
ETHUSDT,1668988800000,-0.00020459
ETHUSDT,1669017600000,-2.17e-05
ETHUSDT,1669046400000,4.666e-05
ETHUSDT,1669075200000,-6.623e-05
ETHUSDT,1669104000000,-2.821e-05
ETHUSDT,1669132800000,6.368e-05
ETHUSDT,1669161600000,6.088e-05
ETHUSDT,1669190400000,-4.079e-05
ETHUSDT,1669219200000,-9.414e-05
ETHUSDT,1669248000000,4.96e-05
ETHUSDT,1669276800000,-6.135e-05
ETHUSDT,1669305600000,3.796e-05
ETHUSDT,1669334400000,5.572e-05
ETHUSDT,1669363200000,5.499e-05
ETHUSDT,1669392000000,-3.074e-05
ETHUSDT,1669420800000,-4.472e-05
ETHUSDT,1669449600000,-5.666e-05
ETHUSDT,1669478400000,-6.554e-05
ETHUSDT,1669507200000,-4.687e-05
ETHUSDT,1669536000000,-0.00011497
ETHUSDT,1669564800000,3.854e-05
ETHUSDT,1669593600000,3.42e-06
ETHUSDT,1669622400000,-2.557e-05
ETHUSDT,1669651200000,-0.00012317
ETHUSDT,1669680000000,3.832e-05
ETHUSDT,1669708800000,2.946e-05
ETHUSDT,1669737600000,0.0001
ETHUSDT,1669766400000,9.218e-05
ETHUSDT,1669795200000,0.0001
ETHUSDT,1669824000000,0.0001
ETHUSDT,1669852800000,-1.967e-05
ETHUSDT,1669881600000,3.623e-05
ETHUSDT,1669910400000,0.0001
ETHUSDT,1669939200000,0.0001
ETHUSDT,1669968000000,-2.44e-06
ETHUSDT,1669996800000,4.87e-05
ETHUSDT,1670025600000,-4.81e-06
ETHUSDT,1670054400000,-2.779e-05
ETHUSDT,1670083200000,-2.251e-05
ETHUSDT,1670112000000,-4.991e-05
ETHUSDT,1670140800000,-1.49e-06
ETHUSDT,1670169600000,3.593e-05
ETHUSDT,1670198400000,5.566e-05
ETHUSDT,1670227200000,-2.459e-05
ETHUSDT,1670256000000,5.578e-05
ETHUSDT,1670284800000,4.181e-05
ETHUSDT,1670313600000,1.389e-05
ETHUSDT,1670342400000,4.364e-05
ETHUSDT,1670371200000,8.029e-05
ETHUSDT,1670400000000,5.95e-06
ETHUSDT,1670428800000,-2.33e-06
ETHUSDT,1670457600000,6.3e-07
ETHUSDT,1670486400000,1.744e-05
ETHUSDT,1670515200000,-9.2e-07
ETHUSDT,1670544000000,0.0001
ETHUSDT,1670572800000,6.855e-05
ETHUSDT,1670601600000,4.9e-05
ETHUSDT,1670630400000,-1.674e-05
ETHUSDT,1670659200000,6.407e-05
ETHUSDT,1670688000000,6.841e-05
ETHUSDT,1670716800000,-2.288e-05
ETHUSDT,1670745600000,1.946e-05
ETHUSDT,1670774400000,1.359e-05
ETHUSDT,1670803200000,3.843e-05
ETHUSDT,1670832000000,-2.359e-05
ETHUSDT,1670860800000,-2.692e-05
ETHUSDT,1670889600000,8.949e-05
ETHUSDT,1670918400000,0.0001
ETHUSDT,1670947200000,0.0001
ETHUSDT,1670976000000,0.0001
ETHUSDT,1671004800000,0.0001
ETHUSDT,1671033600000,0.0001
ETHUSDT,1671062400000,0.0001
ETHUSDT,1671091200000,0.0001
ETHUSDT,1671120000000,0.0001
ETHUSDT,1671148800000,0.0001
ETHUSDT,1671177600000,0.0001
ETHUSDT,1671206400000,-3.78e-05
ETHUSDT,1671235200000,8.697e-05
ETHUSDT,1671264000000,-6.429e-05
ETHUSDT,1671292800000,3.413e-05
ETHUSDT,1671321600000,5.955e-05
ETHUSDT,1671350400000,7.9e-05
ETHUSDT,1671379200000,4.105e-05
ETHUSDT,1671408000000,-3.395e-05
ETHUSDT,1671436800000,5.7e-06
ETHUSDT,1671465600000,-6.01e-06
ETHUSDT,1671494400000,8.479e-05
ETHUSDT,1671523200000,4.111e-05
ETHUSDT,1671552000000,9.832e-05
ETHUSDT,1671580800000,4.626e-05
ETHUSDT,1671609600000,8.575e-05
ETHUSDT,1671638400000,6.565e-05
ETHUSDT,1671667200000,8.923e-05
ETHUSDT,1671696000000,9.813e-05
ETHUSDT,1671724800000,7.887e-05
ETHUSDT,1671753600000,7.468e-05
ETHUSDT,1671782400000,0.0001
ETHUSDT,1671811200000,-7.28e-06
ETHUSDT,1671840000000,6.767e-05
ETHUSDT,1671868800000,0.0001
ETHUSDT,1671897600000,5.27e-06
ETHUSDT,1671926400000,-3.84e-06
ETHUSDT,1671955200000,4.1e-07
ETHUSDT,1671984000000,1.343e-05
ETHUSDT,1672012800000,6.962e-05
ETHUSDT,1672041600000,1.023e-05
ETHUSDT,1672070400000,2.594e-05
ETHUSDT,1672099200000,0.0001
ETHUSDT,1672128000000,2.226e-05
ETHUSDT,1672156800000,7.546e-05
ETHUSDT,1672185600000,0.0001
ETHUSDT,1672214400000,6.253e-05
ETHUSDT,1672243200000,-2.352e-05
ETHUSDT,1672272000000,0.0001
ETHUSDT,1672300800000,5.835e-05
ETHUSDT,1672329600000,0.0001
ETHUSDT,1672358400000,0.0001
ETHUSDT,1672387200000,0.0001
ETHUSDT,1672416000000,0.0001
ETHUSDT,1672444800000,0.0001
ETHUSDT,1672473600000,0.0001
ETHUSDT,1672502400000,0.0001
ETHUSDT,1672531200000,0.0001
ETHUSDT,1672560000000,0.0001
ETHUSDT,1672588800000,0.0001
ETHUSDT,1672617600000,0.0001
ETHUSDT,1672646400000,8.878e-05
ETHUSDT,1672675200000,7.464e-05
ETHUSDT,1672704000000,8.9e-06
ETHUSDT,1672732800000,5.228e-05
ETHUSDT,1672761600000,2.948e-05
ETHUSDT,1672790400000,7.609e-05
ETHUSDT,1672819200000,0.0001
ETHUSDT,1672848000000,0.0001
ETHUSDT,1672876800000,0.0001
ETHUSDT,1672905600000,0.0001
ETHUSDT,1672934400000,0.0001
ETHUSDT,1672963200000,0.0001
ETHUSDT,1672992000000,0.0001
ETHUSDT,1673020800000,0.0001
ETHUSDT,1673049600000,5.444e-05
ETHUSDT,1673078400000,4.199e-05
ETHUSDT,1673107200000,7.19e-05
ETHUSDT,1673136000000,2.131e-05
ETHUSDT,1673164800000,8.826e-05
ETHUSDT,1673193600000,8.657e-05
ETHUSDT,1673222400000,4.312e-05
ETHUSDT,1673251200000,7.617e-05
ETHUSDT,1673280000000,0.0001
ETHUSDT,1673308800000,0.0001
ETHUSDT,1673337600000,0.0001
ETHUSDT,1673366400000,0.0001
ETHUSDT,1673395200000,0.0001
ETHUSDT,1673424000000,0.0001
ETHUSDT,1673452800000,2.778e-05
ETHUSDT,1673481600000,0.0001
ETHUSDT,1673510400000,0.0001
ETHUSDT,1673539200000,0.0001
ETHUSDT,1673568000000,0.0001
ETHUSDT,1673596800000,0.0001
ETHUSDT,1673625600000,0.0001
ETHUSDT,1673654400000,0.0001
ETHUSDT,1673683200000,0.00061643
ETHUSDT,1673712000000,0.00045951
ETHUSDT,1673740800000,0.00012412
ETHUSDT,1673769600000,0.00030426
ETHUSDT,1673798400000,0.00018878
ETHUSDT,1673827200000,0.00014183
ETHUSDT,1673856000000,0.0001
ETHUSDT,1673884800000,0.0001
ETHUSDT,1673913600000,0.0001
ETHUSDT,1673942400000,0.0001
ETHUSDT,1673971200000,0.0001
ETHUSDT,1674000000000,0.0001
ETHUSDT,1674028800000,0.0001
ETHUSDT,1674057600000,0.0001
ETHUSDT,1674086400000,0.0001
ETHUSDT,1674115200000,0.0001
ETHUSDT,1674144000000,0.0001
ETHUSDT,1674172800000,0.0001
ETHUSDT,1674201600000,0.0001
ETHUSDT,1674230400000,0.0001
ETHUSDT,1674259200000,0.0001
ETHUSDT,1674288000000,0.0001
ETHUSDT,1674316800000,0.0001
ETHUSDT,1674345600000,0.0001
ETHUSDT,1674374400000,0.0001
ETHUSDT,1674403200000,0.0001
ETHUSDT,1674432000000,0.00010356
ETHUSDT,1674460800000,0.0001
ETHUSDT,1674489600000,0.0001
ETHUSDT,1674518400000,0.0001
ETHUSDT,1674547200000,0.0001
ETHUSDT,1674576000000,0.0001
ETHUSDT,1674604800000,0.0001
ETHUSDT,1674633600000,0.0001
ETHUSDT,1674662400000,0.0001
ETHUSDT,1674691200000,0.0001
ETHUSDT,1674720000000,0.0001
ETHUSDT,1674748800000,0.0001
ETHUSDT,1674777600000,0.0001
ETHUSDT,1674806400000,0.0001
ETHUSDT,1674835200000,0.0001
ETHUSDT,1674864000000,0.0001
ETHUSDT,1674892800000,0.0001
ETHUSDT,1674921600000,0.0001
ETHUSDT,1674950400000,0.0001
ETHUSDT,1674979200000,0.0001
ETHUSDT,1675008000000,0.0001
ETHUSDT,1675036800000,0.0001
ETHUSDT,1675065600000,0.0001
ETHUSDT,1675094400000,0.0001
ETHUSDT,1675123200000,0.0001
ETHUSDT,1675152000000,0.0001
ETHUSDT,1675180800000,0.0001
ETHUSDT,1675209600000,0.0001
ETHUSDT,1675238400000,0.0001
ETHUSDT,1675267200000,0.0001
ETHUSDT,1675296000000,0.0001
ETHUSDT,1675324800000,0.0001
ETHUSDT,1675353600000,0.0001
ETHUSDT,1675382400000,0.0001
ETHUSDT,1675411200000,0.0001
ETHUSDT,1675440000000,0.0001
ETHUSDT,1675468800000,0.0001
ETHUSDT,1675497600000,0.0001
ETHUSDT,1675526400000,0.0001
ETHUSDT,1675555200000,0.0001
ETHUSDT,1675584000000,0.0001
ETHUSDT,1675612800000,0.0001
ETHUSDT,1675641600000,0.0001
ETHUSDT,1675670400000,0.0001
ETHUSDT,1675699200000,0.0001
ETHUSDT,1675728000000,0.0001
ETHUSDT,1675756800000,0.0001
ETHUSDT,1675785600000,0.0001
ETHUSDT,1675814400000,0.0001
ETHUSDT,1675843200000,0.0001
ETHUSDT,1675872000000,0.0001
ETHUSDT,1675900800000,0.0001
ETHUSDT,1675929600000,0.0001
ETHUSDT,1675958400000,0.0001
ETHUSDT,1675987200000,0.0001
ETHUSDT,1676016000000,6.828e-05
ETHUSDT,1676044800000,0.0001
ETHUSDT,1676073600000,6.47e-05
ETHUSDT,1676102400000,3.345e-05
ETHUSDT,1676131200000,-2.491e-05
ETHUSDT,1676160000000,8.869e-05
ETHUSDT,1676188800000,3.225e-05
ETHUSDT,1676217600000,4.579e-05
ETHUSDT,1676246400000,2.555e-05
ETHUSDT,1676275200000,5.994e-05
ETHUSDT,1676304000000,0.0001
ETHUSDT,1676332800000,-4.54e-06
ETHUSDT,1676361600000,4.405e-05
ETHUSDT,1676390400000,5.311e-05
ETHUSDT,1676419200000,2.91e-05
ETHUSDT,1676448000000,2.81e-05
ETHUSDT,1676476800000,5.715e-05
ETHUSDT,1676505600000,0.0001
ETHUSDT,1676534400000,0.0001
ETHUSDT,1676563200000,0.00014101
ETHUSDT,1676592000000,0.0001
ETHUSDT,1676620800000,0.0001
ETHUSDT,1676649600000,0.0001
ETHUSDT,1676678400000,0.0001
ETHUSDT,1676707200000,0.0001
ETHUSDT,1676736000000,0.0001
ETHUSDT,1676764800000,0.0001
ETHUSDT,1676793600000,0.0001
ETHUSDT,1676822400000,0.0001
ETHUSDT,1676851200000,0.0001
ETHUSDT,1676880000000,0.0001
ETHUSDT,1676908800000,0.0001
ETHUSDT,1676937600000,0.0001
ETHUSDT,1676966400000,0.0001
ETHUSDT,1676995200000,0.0001
ETHUSDT,1677024000000,0.0001
ETHUSDT,1677052800000,0.0001
ETHUSDT,1677081600000,0.0001
ETHUSDT,1677110400000,7.072e-05
ETHUSDT,1677139200000,9.829e-05
ETHUSDT,1677168000000,4.374e-05
ETHUSDT,1677196800000,3.804e-05
ETHUSDT,1677225600000,6.414e-05
ETHUSDT,1677254400000,8.38e-05
ETHUSDT,1677283200000,7.921e-05
ETHUSDT,1677312000000,9.641e-05
ETHUSDT,1677340800000,5.498e-05
ETHUSDT,1677369600000,1.266e-05
ETHUSDT,1677398400000,4.684e-05
ETHUSDT,1677427200000,1.098e-05
ETHUSDT,1677456000000,0.0001
ETHUSDT,1677484800000,8.633e-05
ETHUSDT,1677513600000,6.025e-05
ETHUSDT,1677542400000,3.555e-05
ETHUSDT,1677571200000,3.626e-05
ETHUSDT,1677600000000,8.565e-05
ETHUSDT,1677628800000,3.42e-06
ETHUSDT,1677657600000,0.0001
ETHUSDT,1677686400000,0.0001
ETHUSDT,1677715200000,0.0001
ETHUSDT,1677744000000,0.0001
ETHUSDT,1677772800000,7.746e-05
ETHUSDT,1677801600000,3.967e-05
ETHUSDT,1677830400000,-9.17e-06
ETHUSDT,1677859200000,2.284e-05
ETHUSDT,1677888000000,8.491e-05
ETHUSDT,1677916800000,1.26e-06
ETHUSDT,1677945600000,2.121e-05
ETHUSDT,1677974400000,5.372e-05
ETHUSDT,1678003200000,3.555e-05
ETHUSDT,1678032000000,4.841e-05
ETHUSDT,1678060800000,4.583e-05
ETHUSDT,1678089600000,7.122e-05
ETHUSDT,1678118400000,3.604e-05
ETHUSDT,1678147200000,5.296e-05
ETHUSDT,1678176000000,7.563e-05
ETHUSDT,1678204800000,1.011e-05
ETHUSDT,1678233600000,8.208e-05
ETHUSDT,1678262400000,6.665e-05
ETHUSDT,1678291200000,8.786e-05
ETHUSDT,1678320000000,9.084e-05
ETHUSDT,1678348800000,7.599e-05
ETHUSDT,1678377600000,3.643e-05
ETHUSDT,1678406400000,-8.306e-05
ETHUSDT,1678435200000,-9.7e-07
ETHUSDT,1678464000000,-5.12e-06
ETHUSDT,1678492800000,2.796e-05
ETHUSDT,1678521600000,-5.766e-05
ETHUSDT,1678550400000,4.677e-05
ETHUSDT,1678579200000,-1.066e-05
ETHUSDT,1678608000000,8.67e-05
ETHUSDT,1678636800000,-4.286e-05
ETHUSDT,1678665600000,0.0001
ETHUSDT,1678694400000,0.0001
ETHUSDT,1678723200000,0.0001
ETHUSDT,1678752000000,0.0001
ETHUSDT,1678780800000,0.0001
ETHUSDT,1678809600000,0.0001
ETHUSDT,1678838400000,0.00031728
ETHUSDT,1678867200000,0.00018366
ETHUSDT,1678896000000,0.0001
ETHUSDT,1678924800000,0.0001
ETHUSDT,1678953600000,0.0001
ETHUSDT,1678982400000,0.0001
ETHUSDT,1679011200000,5.964e-05
ETHUSDT,1679040000000,5.941e-05
ETHUSDT,1679068800000,0.0001
ETHUSDT,1679097600000,0.0001
ETHUSDT,1679126400000,0.0001
ETHUSDT,1679155200000,0.0001
ETHUSDT,1679184000000,0.0001
ETHUSDT,1679212800000,0.0001
ETHUSDT,1679241600000,0.0001
ETHUSDT,1679270400000,0.0001
ETHUSDT,1679299200000,0.0001
ETHUSDT,1679328000000,8.194e-05
ETHUSDT,1679356800000,7.106e-05
ETHUSDT,1679385600000,4.611e-05
ETHUSDT,1679414400000,8.99e-05
ETHUSDT,1679443200000,5.146e-05
ETHUSDT,1679472000000,1.267e-05
ETHUSDT,1679500800000,5.54e-05
ETHUSDT,1679529600000,1.123e-05
ETHUSDT,1679558400000,6.86e-05
ETHUSDT,1679587200000,0.0001
ETHUSDT,1679616000000,0.0001
ETHUSDT,1679644800000,0.0001
ETHUSDT,1679673600000,0.0001
ETHUSDT,1679702400000,1.992e-05
ETHUSDT,1679731200000,1.46e-05
ETHUSDT,1679760000000,-7.95e-06
ETHUSDT,1679788800000,8.29e-06
ETHUSDT,1679817600000,9.97e-06
ETHUSDT,1679846400000,4.383e-05
ETHUSDT,1679875200000,1.635e-05
ETHUSDT,1679904000000,-3.85e-06
ETHUSDT,1679932800000,-1.71e-06
ETHUSDT,1679961600000,-1.478e-05
ETHUSDT,1679990400000,3.473e-05
ETHUSDT,1680019200000,6.578e-05
ETHUSDT,1680048000000,0.0001
ETHUSDT,1680076800000,7.584e-05
ETHUSDT,1680105600000,0.0001
ETHUSDT,1680134400000,5.756e-05
ETHUSDT,1680163200000,2.86e-06
ETHUSDT,1680192000000,5.025e-05
ETHUSDT,1680220800000,7.203e-05
ETHUSDT,1680249600000,6.982e-05
ETHUSDT,1680278400000,0.0001
ETHUSDT,1680307200000,0.0001
ETHUSDT,1680336000000,0.0001
ETHUSDT,1680364800000,6.306e-05
ETHUSDT,1680393600000,3.987e-05
ETHUSDT,1680422400000,5.018e-05
ETHUSDT,1680451200000,3.503e-05
ETHUSDT,1680480000000,-2.938e-05
ETHUSDT,1680508800000,-1.96e-05
ETHUSDT,1680537600000,-4.71e-06
ETHUSDT,1680566400000,6.36e-05
ETHUSDT,1680595200000,3.238e-05
ETHUSDT,1680624000000,0.0001
ETHUSDT,1680652800000,6.853e-05
ETHUSDT,1680681600000,0.0001
ETHUSDT,1680710400000,0.0001
ETHUSDT,1680739200000,5.011e-05
ETHUSDT,1680768000000,6.251e-05
ETHUSDT,1680796800000,2.17e-06
ETHUSDT,1680825600000,2.088e-05
ETHUSDT,1680854400000,7.093e-05
ETHUSDT,1680883200000,3.638e-05
ETHUSDT,1680912000000,3.725e-05
ETHUSDT,1680940800000,1.046e-05
ETHUSDT,1680969600000,2.21e-05
ETHUSDT,1680998400000,8.21e-06
ETHUSDT,1681027200000,-1.908e-05
ETHUSDT,1681056000000,3.067e-05
ETHUSDT,1681084800000,3.359e-05
ETHUSDT,1681113600000,-4.969e-05
ETHUSDT,1681142400000,2.062e-05
ETHUSDT,1681171200000,2.648e-05
ETHUSDT,1681200000000,8.648e-05
ETHUSDT,1681228800000,6.716e-05
ETHUSDT,1681257600000,1.041e-05
ETHUSDT,1681286400000,1.29e-05
ETHUSDT,1681315200000,3.624e-05
ETHUSDT,1681344000000,0.0001
ETHUSDT,1681372800000,0.0001
ETHUSDT,1681401600000,0.0001
ETHUSDT,1681430400000,0.0001
ETHUSDT,1681459200000,0.0001
ETHUSDT,1681488000000,0.0001
ETHUSDT,1681516800000,0.0001
ETHUSDT,1681545600000,0.0001
ETHUSDT,1681574400000,0.0001
ETHUSDT,1681603200000,0.0001
ETHUSDT,1681632000000,0.0001
ETHUSDT,1681660800000,0.0001
ETHUSDT,1681689600000,0.0001
ETHUSDT,1681718400000,0.0001
ETHUSDT,1681747200000,0.0001
ETHUSDT,1681776000000,0.0001
ETHUSDT,1681804800000,0.0001
ETHUSDT,1681833600000,0.0001
ETHUSDT,1681862400000,0.0001
ETHUSDT,1681891200000,0.0001
ETHUSDT,1681920000000,-1.015e-05
ETHUSDT,1681948800000,6.419e-05
ETHUSDT,1681977600000,3.2e-07
ETHUSDT,1682006400000,2.269e-05
ETHUSDT,1682035200000,8.62e-05
ETHUSDT,1682064000000,6.903e-05
ETHUSDT,1682092800000,8.488e-05
ETHUSDT,1682121600000,5.467e-05
ETHUSDT,1682150400000,-5.62e-06
ETHUSDT,1682179200000,2.848e-05
ETHUSDT,1682208000000,-6.991e-05
ETHUSDT,1682236800000,1.032e-05
ETHUSDT,1682265600000,4.969e-05
ETHUSDT,1682294400000,9.041e-05
ETHUSDT,1682323200000,1.238e-05
ETHUSDT,1682352000000,5.112e-05
ETHUSDT,1682380800000,8.411e-05
ETHUSDT,1682409600000,8.034e-05
ETHUSDT,1682438400000,6.892e-05
ETHUSDT,1682467200000,3.84e-05
ETHUSDT,1682496000000,1.253e-05
ETHUSDT,1682524800000,8.7e-05
ETHUSDT,1682553600000,-2.203e-05
ETHUSDT,1682582400000,5.85e-05
ETHUSDT,1682611200000,3.408e-05
ETHUSDT,1682640000000,8.67e-05
ETHUSDT,1682668800000,8.037e-05
ETHUSDT,1682697600000,8.463e-05
ETHUSDT,1682726400000,4.382e-05
ETHUSDT,1682755200000,7.125e-05
ETHUSDT,1682784000000,5.044e-05
ETHUSDT,1682812800000,6.303e-05
ETHUSDT,1682841600000,-2.13e-06
ETHUSDT,1682870400000,8.291e-05
ETHUSDT,1682899200000,-2.629e-05
ETHUSDT,1682928000000,2.338e-05
ETHUSDT,1682956800000,8.46e-06
ETHUSDT,1682985600000,9.917e-05
ETHUSDT,1683014400000,2.555e-05
ETHUSDT,1683043200000,8.146e-05
ETHUSDT,1683072000000,9.799e-05
ETHUSDT,1683100800000,6.273e-05
ETHUSDT,1683129600000,0.0001
ETHUSDT,1683158400000,0.0001
ETHUSDT,1683187200000,0.0001
ETHUSDT,1683216000000,9.9e-05
ETHUSDT,1683244800000,3.555e-05
ETHUSDT,1683273600000,5.68e-05
ETHUSDT,1683302400000,0.0001
ETHUSDT,1683331200000,0.0001
ETHUSDT,1683360000000,0.0001
ETHUSDT,1683388800000,6.94e-06
ETHUSDT,1683417600000,1.519e-05
ETHUSDT,1683446400000,2.257e-05
ETHUSDT,1683475200000,4.724e-05
ETHUSDT,1683504000000,5.356e-05
ETHUSDT,1683532800000,1.131e-05
ETHUSDT,1683561600000,3.803e-05
ETHUSDT,1683590400000,9.627e-05
ETHUSDT,1683619200000,0.0001
ETHUSDT,1683648000000,5.218e-05
ETHUSDT,1683676800000,2.199e-05
ETHUSDT,1683705600000,6.916e-05
ETHUSDT,1683734400000,4.334e-05
ETHUSDT,1683763200000,-3.99e-06
ETHUSDT,1683792000000,2.198e-05
ETHUSDT,1683820800000,5.429e-05
ETHUSDT,1683849600000,1.83e-05
ETHUSDT,1683878400000,4.54e-06
ETHUSDT,1683907200000,-9.17e-06
ETHUSDT,1683936000000,2.858e-05
ETHUSDT,1683964800000,2.366e-05
ETHUSDT,1683993600000,8.57e-06
ETHUSDT,1684022400000,-4.8e-06
ETHUSDT,1684051200000,5.487e-05
ETHUSDT,1684080000000,3.797e-05
ETHUSDT,1684108800000,-1.849e-05
ETHUSDT,1684137600000,-2.95e-06
ETHUSDT,1684166400000,-1.988e-05
ETHUSDT,1684195200000,-1.56e-05
ETHUSDT,1684224000000,1.255e-05
ETHUSDT,1684252800000,6.009e-05
ETHUSDT,1684281600000,8.76e-05
ETHUSDT,1684310400000,-1.53e-05
ETHUSDT,1684339200000,3.984e-05
ETHUSDT,1684368000000,7.696e-05
ETHUSDT,1684396800000,6.739e-05
ETHUSDT,1684425600000,5.135e-05
ETHUSDT,1684454400000,4.796e-05
ETHUSDT,1684483200000,2.782e-05
ETHUSDT,1684512000000,0.0001
ETHUSDT,1684540800000,7.933e-05
ETHUSDT,1684569600000,7.88e-06
ETHUSDT,1684598400000,-1.76e-06
ETHUSDT,1684627200000,4.22e-05
ETHUSDT,1684656000000,-1.59e-06
ETHUSDT,1684684800000,2.497e-05
ETHUSDT,1684713600000,2.428e-05
ETHUSDT,1684742400000,5.518e-05
ETHUSDT,1684771200000,9.003e-05
ETHUSDT,1684800000000,2.79e-05
ETHUSDT,1684828800000,0.0001
ETHUSDT,1684857600000,7.379e-05
ETHUSDT,1684886400000,9.078e-05
ETHUSDT,1684915200000,1.006e-05
ETHUSDT,1684944000000,4.917e-05
ETHUSDT,1684972800000,1.449e-05
ETHUSDT,1685001600000,1.48e-06
ETHUSDT,1685030400000,6.605e-05
ETHUSDT,1685059200000,0.0001
ETHUSDT,1685088000000,6.574e-05
ETHUSDT,1685116800000,3.794e-05
ETHUSDT,1685145600000,6.425e-05
ETHUSDT,1685174400000,4.565e-05
ETHUSDT,1685203200000,-3.23e-05
ETHUSDT,1685232000000,-1.2e-06
ETHUSDT,1685260800000,-1.086e-05
ETHUSDT,1685289600000,2.481e-05
ETHUSDT,1685318400000,0.0001
ETHUSDT,1685347200000,0.0001
ETHUSDT,1685376000000,0.0001
ETHUSDT,1685404800000,0.0001
ETHUSDT,1685433600000,0.0001
ETHUSDT,1685462400000,4.386e-05
ETHUSDT,1685491200000,7.951e-05
ETHUSDT,1685520000000,5.35e-06
ETHUSDT,1685548800000,4.873e-05
ETHUSDT,1685577600000,6.731e-05
ETHUSDT,1685606400000,9.125e-05
ETHUSDT,1685635200000,0.0001
ETHUSDT,1685664000000,4.67e-05
ETHUSDT,1685692800000,0.0001
ETHUSDT,1685721600000,8.252e-05
ETHUSDT,1685750400000,0.0001
ETHUSDT,1685779200000,7.857e-05
ETHUSDT,1685808000000,9.5e-06
ETHUSDT,1685836800000,2.827e-05
ETHUSDT,1685865600000,4.801e-05
ETHUSDT,1685894400000,8.077e-05
ETHUSDT,1685923200000,2.94e-06
ETHUSDT,1685952000000,2.308e-05
ETHUSDT,1685980800000,7.505e-05
ETHUSDT,1686009600000,-4.896e-05
ETHUSDT,1686038400000,1.99e-06
ETHUSDT,1686067200000,8.581e-05
ETHUSDT,1686096000000,0.0001
ETHUSDT,1686124800000,0.0001
ETHUSDT,1686153600000,2.658e-05
ETHUSDT,1686182400000,6.055e-05
ETHUSDT,1686211200000,5.971e-05
ETHUSDT,1686240000000,6.27e-05
ETHUSDT,1686268800000,7.287e-05
ETHUSDT,1686297600000,9.72e-06
ETHUSDT,1686326400000,7.382e-05
ETHUSDT,1686355200000,6.01e-05
ETHUSDT,1686384000000,5.325e-05
ETHUSDT,1686412800000,1.875e-05
ETHUSDT,1686441600000,1.783e-05
ETHUSDT,1686470400000,6.332e-05
ETHUSDT,1686499200000,2.351e-05
ETHUSDT,1686528000000,7.802e-05
ETHUSDT,1686556800000,9.417e-05
ETHUSDT,1686585600000,2.839e-05
ETHUSDT,1686614400000,7.468e-05
ETHUSDT,1686643200000,4.944e-05
ETHUSDT,1686672000000,5.417e-05
ETHUSDT,1686700800000,9.312e-05
ETHUSDT,1686729600000,1.378e-05
ETHUSDT,1686758400000,2.759e-05
ETHUSDT,1686787200000,-7.479e-05
ETHUSDT,1686816000000,-8.236e-05
ETHUSDT,1686844800000,3.041e-05
ETHUSDT,1686873600000,-8.034e-05
ETHUSDT,1686902400000,-5.17e-05
ETHUSDT,1686931200000,-1.294e-05
ETHUSDT,1686960000000,6.711e-05
ETHUSDT,1686988800000,0.0001
ETHUSDT,1687017600000,-1.45e-06
ETHUSDT,1687046400000,-7.19e-06
ETHUSDT,1687075200000,-8.65e-06
ETHUSDT,1687104000000,5.296e-05
ETHUSDT,1687132800000,3.436e-05
ETHUSDT,1687161600000,5.597e-05
ETHUSDT,1687190400000,2.962e-05
ETHUSDT,1687219200000,3.35e-05
ETHUSDT,1687248000000,-2.167e-05
ETHUSDT,1687276800000,2.359e-05
ETHUSDT,1687305600000,0.0001
ETHUSDT,1687334400000,1.018e-05
ETHUSDT,1687363200000,-2.36e-06
ETHUSDT,1687392000000,0.0001
ETHUSDT,1687420800000,0.0001
ETHUSDT,1687449600000,0.0001
ETHUSDT,1687478400000,0.0001
ETHUSDT,1687507200000,0.0001
ETHUSDT,1687536000000,4.288e-05
ETHUSDT,1687564800000,0.0001
ETHUSDT,1687593600000,0.0001
ETHUSDT,1687622400000,3.414e-05
ETHUSDT,1687651200000,0.0001
ETHUSDT,1687680000000,0.0001
ETHUSDT,1687708800000,0.0001
ETHUSDT,1687737600000,0.0001
ETHUSDT,1687766400000,7.153e-05
ETHUSDT,1687795200000,7.038e-05
ETHUSDT,1687824000000,4.477e-05
ETHUSDT,1687852800000,6.237e-05
ETHUSDT,1687881600000,1.184e-05
ETHUSDT,1687910400000,0.0001
ETHUSDT,1687939200000,2.202e-05
ETHUSDT,1687968000000,3.873e-05
ETHUSDT,1687996800000,1.497e-05
ETHUSDT,1688025600000,1.188e-05
ETHUSDT,1688054400000,0.0001
ETHUSDT,1688083200000,3.965e-05
ETHUSDT,1688112000000,0.0001
ETHUSDT,1688140800000,0.0001
ETHUSDT,1688169600000,0.0001
ETHUSDT,1688198400000,0.0001
ETHUSDT,1688227200000,0.0001
ETHUSDT,1688256000000,0.0001
ETHUSDT,1688284800000,0.0001
ETHUSDT,1688313600000,0.0001
ETHUSDT,1688342400000,0.0001
ETHUSDT,1688371200000,0.0001
ETHUSDT,1688400000000,0.0001
ETHUSDT,1688428800000,0.0001
ETHUSDT,1688457600000,0.0001
ETHUSDT,1688486400000,0.0001
ETHUSDT,1688515200000,0.0001
ETHUSDT,1688544000000,0.0001
ETHUSDT,1688572800000,0.0001
ETHUSDT,1688601600000,0.0001
ETHUSDT,1688630400000,0.0001
ETHUSDT,1688659200000,2.778e-05
ETHUSDT,1688688000000,7.449e-05
ETHUSDT,1688716800000,3.362e-05
ETHUSDT,1688745600000,2.585e-05
ETHUSDT,1688774400000,3.796e-05
ETHUSDT,1688803200000,1.339e-05
ETHUSDT,1688832000000,-4.17e-06
ETHUSDT,1688860800000,3.226e-05
ETHUSDT,1688889600000,2.878e-05
ETHUSDT,1688918400000,3.18e-05
ETHUSDT,1688947200000,2.726e-05
ETHUSDT,1688976000000,4.524e-05
ETHUSDT,1689004800000,7.179e-05
ETHUSDT,1689033600000,9.527e-05
ETHUSDT,1689062400000,7.653e-05
ETHUSDT,1689091200000,2.549e-05
ETHUSDT,1689120000000,8.29e-05
ETHUSDT,1689148800000,0.0001
ETHUSDT,1689177600000,7.32e-05
ETHUSDT,1689206400000,-8.22e-06
ETHUSDT,1689235200000,5.591e-05
ETHUSDT,1689264000000,-4.55e-05
ETHUSDT,1689292800000,0.0001
ETHUSDT,1689321600000,0.0001
ETHUSDT,1689350400000,0.0001
ETHUSDT,1689379200000,-1.31e-06
ETHUSDT,1689408000000,8.11e-05
ETHUSDT,1689436800000,8.792e-05
ETHUSDT,1689465600000,5.641e-05
ETHUSDT,1689494400000,4.632e-05
ETHUSDT,1689523200000,4.081e-05
ETHUSDT,1689552000000,2.809e-05
ETHUSDT,1689580800000,2.313e-05
ETHUSDT,1689609600000,3.963e-05
ETHUSDT,1689638400000,6.696e-05
ETHUSDT,1689667200000,8.539e-05
ETHUSDT,1689696000000,7.161e-05
ETHUSDT,1689724800000,6.538e-05
ETHUSDT,1689753600000,0.0001
ETHUSDT,1689782400000,9.161e-05
ETHUSDT,1689811200000,-2.41e-06
ETHUSDT,1689840000000,9.217e-05
ETHUSDT,1689868800000,0.0001
ETHUSDT,1689897600000,1.798e-05
ETHUSDT,1689926400000,4.73e-06
ETHUSDT,1689955200000,7.376e-05
ETHUSDT,1689984000000,5.769e-05
ETHUSDT,1690012800000,-4.15e-06
ETHUSDT,1690041600000,1.649e-05
ETHUSDT,1690070400000,1.578e-05
ETHUSDT,1690099200000,3.411e-05
ETHUSDT,1690128000000,5.404e-05
ETHUSDT,1690156800000,0.0001
ETHUSDT,1690185600000,-8e-07
ETHUSDT,1690214400000,7.167e-05
ETHUSDT,1690243200000,8.389e-05
ETHUSDT,1690272000000,0.0001
ETHUSDT,1690300800000,7.49e-05
ETHUSDT,1690329600000,9.056e-05
ETHUSDT,1690358400000,6.753e-05
ETHUSDT,1690387200000,9.889e-05
ETHUSDT,1690416000000,0.0001
ETHUSDT,1690444800000,8.145e-05
ETHUSDT,1690473600000,3.967e-05
ETHUSDT,1690502400000,4.95e-05
ETHUSDT,1690531200000,5.36e-05
ETHUSDT,1690560000000,9.408e-05
ETHUSDT,1690588800000,0.0001
ETHUSDT,1690617600000,1.485e-05
ETHUSDT,1690646400000,0.0001
ETHUSDT,1690675200000,0.0001
ETHUSDT,1690704000000,1.949e-05
ETHUSDT,1690732800000,3.686e-05
ETHUSDT,1690761600000,4.9e-07
ETHUSDT,1690790400000,1.7e-06
ETHUSDT,1690819200000,4.221e-05
ETHUSDT,1690848000000,8.008e-05
ETHUSDT,1690876800000,3.03e-05
ETHUSDT,1690905600000,0.0001
ETHUSDT,1690934400000,0.0001
ETHUSDT,1690963200000,0.0001
ETHUSDT,1690992000000,0.0001
ETHUSDT,1691020800000,0.0001
ETHUSDT,1691049600000,0.0001
ETHUSDT,1691078400000,0.0001
ETHUSDT,1691107200000,0.0001
ETHUSDT,1691136000000,4.83e-05
ETHUSDT,1691164800000,0.0001
ETHUSDT,1691193600000,6.861e-05
ETHUSDT,1691222400000,9.22e-05
ETHUSDT,1691251200000,0.0001
ETHUSDT,1691280000000,0.0001
ETHUSDT,1691308800000,6.951e-05
ETHUSDT,1691337600000,4.934e-05
ETHUSDT,1691366400000,0.0001
ETHUSDT,1691395200000,9.331e-05
ETHUSDT,1691424000000,0.0001
ETHUSDT,1691452800000,6.695e-05
ETHUSDT,1691481600000,0.0001
ETHUSDT,1691510400000,4.942e-05
ETHUSDT,1691539200000,0.0001
ETHUSDT,1691568000000,1.575e-05
ETHUSDT,1691596800000,6.699e-05
ETHUSDT,1691625600000,8.799e-05
ETHUSDT,1691654400000,9.807e-05
ETHUSDT,1691683200000,8.989e-05
ETHUSDT,1691712000000,3.796e-05
ETHUSDT,1691740800000,7.02e-06
ETHUSDT,1691769600000,4.072e-05
ETHUSDT,1691798400000,6.253e-05
ETHUSDT,1691827200000,4.437e-05
ETHUSDT,1691856000000,6.868e-05
ETHUSDT,1691884800000,5.65e-05
ETHUSDT,1691913600000,3.083e-05
ETHUSDT,1691942400000,9.458e-05
ETHUSDT,1691971200000,0.0001
ETHUSDT,1692000000000,0.0001
ETHUSDT,1692028800000,9.882e-05
ETHUSDT,1692057600000,7.579e-05
ETHUSDT,1692086400000,9.894e-05
ETHUSDT,1692115200000,8.909e-05
ETHUSDT,1692144000000,7.286e-05
ETHUSDT,1692172800000,9.487e-05
ETHUSDT,1692201600000,0.0001
ETHUSDT,1692230400000,0.0001
ETHUSDT,1692259200000,7.426e-05
ETHUSDT,1692288000000,7.146e-05
ETHUSDT,1692316800000,-0.00017498
ETHUSDT,1692345600000,8.602e-05
ETHUSDT,1692374400000,2.951e-05
ETHUSDT,1692403200000,-4.58e-05
ETHUSDT,1692432000000,-7.861e-05
ETHUSDT,1692460800000,-8.349e-05
ETHUSDT,1692489600000,-0.00011445
ETHUSDT,1692518400000,-9.092e-05
ETHUSDT,1692547200000,-1.625e-05
ETHUSDT,1692576000000,-4.01e-05
ETHUSDT,1692604800000,-4.365e-05
ETHUSDT,1692633600000,5.92e-06
ETHUSDT,1692662400000,3.645e-05
ETHUSDT,1692691200000,-6.552e-05
ETHUSDT,1692720000000,-3.757e-05
ETHUSDT,1692748800000,-2.059e-05
ETHUSDT,1692777600000,-1.6e-06
ETHUSDT,1692806400000,3.34e-06
ETHUSDT,1692835200000,2.659e-05
ETHUSDT,1692864000000,-9.57e-06
ETHUSDT,1692892800000,-1.897e-05
ETHUSDT,1692921600000,-2.692e-05
ETHUSDT,1692950400000,-1.529e-05
ETHUSDT,1692979200000,4.98e-06
ETHUSDT,1693008000000,3.56e-05
ETHUSDT,1693036800000,-5.5e-07
ETHUSDT,1693065600000,-6.303e-05
ETHUSDT,1693094400000,3.99e-06
ETHUSDT,1693123200000,1.535e-05
ETHUSDT,1693152000000,2.696e-05
ETHUSDT,1693180800000,-1.76e-06
ETHUSDT,1693209600000,-4.85e-05
ETHUSDT,1693238400000,5.739e-05
ETHUSDT,1693267200000,3.145e-05
ETHUSDT,1693296000000,1.139e-05
ETHUSDT,1693324800000,-0.0001273
ETHUSDT,1693353600000,7.488e-05
ETHUSDT,1693382400000,7.249e-05
ETHUSDT,1693411200000,4.644e-05
ETHUSDT,1693440000000,3.628e-05
ETHUSDT,1693468800000,5.955e-05
ETHUSDT,1693497600000,2.375e-05
ETHUSDT,1693526400000,3.532e-05
ETHUSDT,1693555200000,-1.812e-05
ETHUSDT,1693584000000,2.457e-05
ETHUSDT,1693612800000,8.05e-06
ETHUSDT,1693641600000,-1.621e-05
ETHUSDT,1693670400000,6.05e-06
ETHUSDT,1693699200000,1.39e-05
ETHUSDT,1693728000000,-2.475e-05
ETHUSDT,1693756800000,-6.21e-06
ETHUSDT,1693785600000,-7.5e-07
ETHUSDT,1693814400000,-7.752e-05
ETHUSDT,1693843200000,9.8e-06
ETHUSDT,1693872000000,3.126e-05
ETHUSDT,1693900800000,2.9e-06
ETHUSDT,1693929600000,9.77e-06
ETHUSDT,1693958400000,2.88e-05
ETHUSDT,1693987200000,-3.144e-05
ETHUSDT,1694016000000,5.701e-05
ETHUSDT,1694044800000,4.502e-05
ETHUSDT,1694073600000,7.831e-05
ETHUSDT,1694102400000,4.354e-05
ETHUSDT,1694131200000,5.596e-05
ETHUSDT,1694160000000,2.685e-05
ETHUSDT,1694188800000,2.497e-05
ETHUSDT,1694217600000,5.008e-05
ETHUSDT,1694246400000,2.832e-05
ETHUSDT,1694275200000,4.629e-05
ETHUSDT,1694304000000,3.947e-05
ETHUSDT,1694332800000,1.527e-05
ETHUSDT,1694361600000,7.75e-06
ETHUSDT,1694390400000,4.838e-05
ETHUSDT,1694419200000,5.747e-05
ETHUSDT,1694448000000,-6.25e-06
ETHUSDT,1694476800000,-4.991e-05
ETHUSDT,1694505600000,-2.671e-05
ETHUSDT,1694534400000,-1.44e-06
ETHUSDT,1694563200000,2.004e-05
ETHUSDT,1694592000000,-3.26e-05
ETHUSDT,1694620800000,3.87e-05
ETHUSDT,1694649600000,-3.64e-05
ETHUSDT,1694678400000,3.172e-05
ETHUSDT,1694707200000,-5.6e-06
ETHUSDT,1694736000000,7.26e-06
ETHUSDT,1694764800000,-2.473e-05
ETHUSDT,1694793600000,3.877e-05
ETHUSDT,1694822400000,0.0001
ETHUSDT,1694851200000,9.3e-06
ETHUSDT,1694880000000,2.24e-06
ETHUSDT,1694908800000,2.272e-05
ETHUSDT,1694937600000,-9.41e-06
ETHUSDT,1694966400000,4.182e-05
ETHUSDT,1694995200000,6.22e-06
ETHUSDT,1695024000000,1.365e-05
ETHUSDT,1695052800000,2.976e-05
ETHUSDT,1695081600000,-1.298e-05
ETHUSDT,1695110400000,-1.248e-05
ETHUSDT,1695139200000,1.153e-05
ETHUSDT,1695168000000,4.614e-05
ETHUSDT,1695196800000,2.387e-05
ETHUSDT,1695225600000,2.909e-05
ETHUSDT,1695254400000,3.804e-05
ETHUSDT,1695283200000,7.655e-05
ETHUSDT,1695312000000,-6.38e-06
ETHUSDT,1695340800000,2.241e-05
ETHUSDT,1695369600000,2.865e-05
ETHUSDT,1695398400000,3.523e-05
ETHUSDT,1695427200000,2.817e-05
ETHUSDT,1695456000000,2.963e-05
ETHUSDT,1695484800000,2.321e-05
ETHUSDT,1695513600000,2.991e-05
ETHUSDT,1695542400000,-5.58e-06
ETHUSDT,1695571200000,4.671e-05
ETHUSDT,1695600000000,2.857e-05
ETHUSDT,1695628800000,4.305e-05
ETHUSDT,1695657600000,5.13e-05
ETHUSDT,1695686400000,6.471e-05
ETHUSDT,1695715200000,1.558e-05
ETHUSDT,1695744000000,5.673e-05
ETHUSDT,1695772800000,0.0001
ETHUSDT,1695801600000,6.67e-06
ETHUSDT,1695830400000,4.982e-05
ETHUSDT,1695859200000,8.17e-06
ETHUSDT,1695888000000,4.301e-05
ETHUSDT,1695916800000,2.239e-05
ETHUSDT,1695945600000,-3.93e-06
ETHUSDT,1695974400000,4.429e-05
ETHUSDT,1696003200000,1.2e-07
ETHUSDT,1696032000000,9.07e-06
ETHUSDT,1696060800000,-2.413e-05
ETHUSDT,1696089600000,1.168e-05
ETHUSDT,1696118400000,-1.276e-05
ETHUSDT,1696147200000,8.22e-06
ETHUSDT,1696176000000,3.599e-05
ETHUSDT,1696204800000,0.0001
ETHUSDT,1696233600000,6.308e-05
ETHUSDT,1696262400000,6.372e-05
ETHUSDT,1696291200000,3.9e-07
ETHUSDT,1696320000000,1.728e-05
ETHUSDT,1696348800000,7.087e-05
ETHUSDT,1696377600000,4.62e-05
ETHUSDT,1696406400000,7.38e-06
ETHUSDT,1696435200000,2.618e-05
ETHUSDT,1696464000000,2.065e-05
ETHUSDT,1696492800000,2.685e-05
ETHUSDT,1696521600000,2.072e-05
ETHUSDT,1696550400000,0.0001
ETHUSDT,1696579200000,8.473e-05
ETHUSDT,1696608000000,5.905e-05
ETHUSDT,1696636800000,8.468e-05
ETHUSDT,1696665600000,3.736e-05
ETHUSDT,1696694400000,3.615e-05
ETHUSDT,1696723200000,9.048e-05
ETHUSDT,1696752000000,9.246e-05
ETHUSDT,1696780800000,9.791e-05
ETHUSDT,1696809600000,0.0001
ETHUSDT,1696838400000,6.572e-05
ETHUSDT,1696867200000,3.935e-05
ETHUSDT,1696896000000,6.268e-05
ETHUSDT,1696924800000,8.857e-05
ETHUSDT,1696953600000,5.511e-05
ETHUSDT,1696982400000,2.257e-05
ETHUSDT,1697011200000,5.392e-05
ETHUSDT,1697040000000,4.725e-05
ETHUSDT,1697068800000,4.026e-05
ETHUSDT,1697097600000,2.69e-05
ETHUSDT,1697126400000,7.112e-05
ETHUSDT,1697155200000,3.69e-05
ETHUSDT,1697184000000,3.476e-05
ETHUSDT,1697212800000,2.693e-05
ETHUSDT,1697241600000,1.068e-05
ETHUSDT,1697270400000,3.108e-05
ETHUSDT,1697299200000,6.65e-05
ETHUSDT,1697328000000,7.083e-05
ETHUSDT,1697356800000,5.253e-05
ETHUSDT,1697385600000,2.062e-05
ETHUSDT,1697414400000,5.18e-05
ETHUSDT,1697443200000,4.393e-05
ETHUSDT,1697472000000,8.412e-05
ETHUSDT,1697500800000,1.957e-05
ETHUSDT,1697529600000,2.557e-05
ETHUSDT,1697558400000,6.742e-05
ETHUSDT,1697587200000,5.947e-05
ETHUSDT,1697616000000,1.385e-05
ETHUSDT,1697644800000,6.495e-05
ETHUSDT,1697673600000,4.251e-05
ETHUSDT,1697702400000,2.988e-05
ETHUSDT,1697731200000,5.842e-05
ETHUSDT,1697760000000,3.868e-05
ETHUSDT,1697788800000,5.912e-05
ETHUSDT,1697817600000,7.072e-05
ETHUSDT,1697846400000,4.902e-05
ETHUSDT,1697875200000,1.735e-05
ETHUSDT,1697904000000,3.771e-05
ETHUSDT,1697932800000,7.554e-05
ETHUSDT,1697961600000,2.649e-05
ETHUSDT,1697990400000,6.03e-06
ETHUSDT,1698019200000,9.262e-05
ETHUSDT,1698048000000,1.593e-05
ETHUSDT,1698076800000,1.883e-05
ETHUSDT,1698105600000,0.0001
ETHUSDT,1698134400000,0.0001
ETHUSDT,1698163200000,0.0001
ETHUSDT,1698192000000,0.0001
ETHUSDT,1698220800000,0.0001
ETHUSDT,1698249600000,0.0001
ETHUSDT,1698278400000,0.0001
ETHUSDT,1698307200000,0.0001
ETHUSDT,1698336000000,0.0001
ETHUSDT,1698364800000,0.0001
ETHUSDT,1698393600000,0.0001
ETHUSDT,1698422400000,0.0001
ETHUSDT,1698451200000,0.0001
ETHUSDT,1698480000000,0.0001
ETHUSDT,1698508800000,0.0001
ETHUSDT,1698537600000,0.0001
ETHUSDT,1698566400000,0.0001
ETHUSDT,1698595200000,0.0001
ETHUSDT,1698624000000,0.0001
ETHUSDT,1698652800000,0.0001
ETHUSDT,1698681600000,0.0001
ETHUSDT,1698710400000,0.0001
ETHUSDT,1698739200000,0.0001
ETHUSDT,1698768000000,0.0001
ETHUSDT,1698796800000,0.0001
ETHUSDT,1698825600000,0.0001
ETHUSDT,1698854400000,0.0001
ETHUSDT,1698883200000,0.00026784
ETHUSDT,1698912000000,0.00020558
ETHUSDT,1698940800000,0.0001
ETHUSDT,1698969600000,0.0001
ETHUSDT,1698998400000,0.0001
ETHUSDT,1699027200000,0.0001
ETHUSDT,1699056000000,0.0001
ETHUSDT,1699084800000,0.0001
ETHUSDT,1699113600000,0.0001
ETHUSDT,1699142400000,0.0001
ETHUSDT,1699171200000,0.0001
ETHUSDT,1699200000000,0.0001
ETHUSDT,1699228800000,0.0001
ETHUSDT,1699257600000,0.0001
ETHUSDT,1699286400000,0.0001
ETHUSDT,1699315200000,0.0001
ETHUSDT,1699344000000,0.0001
ETHUSDT,1699372800000,0.0001
ETHUSDT,1699401600000,0.0001
ETHUSDT,1699430400000,0.0001
ETHUSDT,1699459200000,0.0001
ETHUSDT,1699488000000,0.0001
ETHUSDT,1699516800000,0.0001
ETHUSDT,1699545600000,0.00071131
ETHUSDT,1699574400000,0.00027525
ETHUSDT,1699603200000,0.00041432
ETHUSDT,1699632000000,0.00012656
ETHUSDT,1699660800000,0.00013604
ETHUSDT,1699689600000,0.00013371
ETHUSDT,1699718400000,0.00027449
ETHUSDT,1699747200000,0.00016325
ETHUSDT,1699776000000,0.0001
ETHUSDT,1699804800000,0.00024299
ETHUSDT,1699833600000,0.0003299
ETHUSDT,1699862400000,0.00022787
ETHUSDT,1699891200000,0.00022833
ETHUSDT,1699920000000,0.00018828
ETHUSDT,1699948800000,0.00013623
ETHUSDT,1699977600000,0.0001
ETHUSDT,1700006400000,0.0001
ETHUSDT,1700035200000,0.0001
ETHUSDT,1700064000000,0.0001
ETHUSDT,1700092800000,0.0001
ETHUSDT,1700121600000,0.0001
ETHUSDT,1700150400000,0.0001
ETHUSDT,1700179200000,0.0001
ETHUSDT,1700208000000,0.0001
ETHUSDT,1700236800000,0.0001
ETHUSDT,1700265600000,0.0001
ETHUSDT,1700294400000,0.0001
ETHUSDT,1700323200000,0.0001
ETHUSDT,1700352000000,0.0001
ETHUSDT,1700380800000,0.0001
ETHUSDT,1700409600000,0.0001
ETHUSDT,1700438400000,0.0001
ETHUSDT,1700467200000,0.0001
ETHUSDT,1700496000000,0.0001
ETHUSDT,1700524800000,0.0001
ETHUSDT,1700553600000,0.0001
ETHUSDT,1700582400000,0.0001
ETHUSDT,1700611200000,0.0001
ETHUSDT,1700640000000,0.0001
ETHUSDT,1700668800000,0.0001
ETHUSDT,1700697600000,0.0001
ETHUSDT,1700726400000,0.0001
ETHUSDT,1700755200000,0.0001
ETHUSDT,1700784000000,0.0001
ETHUSDT,1700812800000,0.0001
ETHUSDT,1700841600000,0.0001
ETHUSDT,1700870400000,0.0001
ETHUSDT,1700899200000,0.0001
ETHUSDT,1700928000000,0.0001
ETHUSDT,1700956800000,0.0001
ETHUSDT,1700985600000,0.0001
ETHUSDT,1701014400000,0.0001
ETHUSDT,1701043200000,0.0001
ETHUSDT,1701072000000,0.0001
ETHUSDT,1701100800000,0.0001
ETHUSDT,1701129600000,0.0001
ETHUSDT,1701158400000,0.0001
ETHUSDT,1701187200000,0.0001
ETHUSDT,1701216000000,0.0001
ETHUSDT,1701244800000,0.0001
ETHUSDT,1701273600000,0.0001
ETHUSDT,1701302400000,0.0001
ETHUSDT,1701331200000,0.0001
ETHUSDT,1701360000000,0.0001
ETHUSDT,1701388800000,0.0001
ETHUSDT,1701417600000,0.0001
ETHUSDT,1701446400000,0.0001
ETHUSDT,1701475200000,0.0001
ETHUSDT,1701504000000,0.0001
ETHUSDT,1701532800000,0.0001
ETHUSDT,1701561600000,0.0001
ETHUSDT,1701590400000,0.0001
ETHUSDT,1701619200000,0.0001
ETHUSDT,1701648000000,0.0001
ETHUSDT,1701676800000,0.0001
ETHUSDT,1701705600000,0.0001
ETHUSDT,1701734400000,0.0001
ETHUSDT,1701763200000,0.0001
ETHUSDT,1701792000000,0.0001
ETHUSDT,1701820800000,0.0001
ETHUSDT,1701849600000,0.0001
ETHUSDT,1701878400000,0.0001
ETHUSDT,1701907200000,0.0001
ETHUSDT,1701936000000,0.0001
ETHUSDT,1701964800000,0.0001
ETHUSDT,1701993600000,0.00022693
ETHUSDT,1702022400000,0.00012399
ETHUSDT,1702051200000,0.00010417
ETHUSDT,1702080000000,0.00022528
ETHUSDT,1702108800000,0.00031293
ETHUSDT,1702137600000,0.00033485
ETHUSDT,1702166400000,0.00016658
ETHUSDT,1702195200000,0.00015944
ETHUSDT,1702224000000,0.00022842
ETHUSDT,1702252800000,0.00024112
ETHUSDT,1702281600000,0.0001
ETHUSDT,1702310400000,0.0001
ETHUSDT,1702339200000,0.0001
ETHUSDT,1702368000000,0.0001
ETHUSDT,1702396800000,0.0001
ETHUSDT,1702425600000,0.00012813
ETHUSDT,1702454400000,0.00015058
ETHUSDT,1702483200000,0.00010581
ETHUSDT,1702512000000,0.0001
ETHUSDT,1702540800000,0.0001
ETHUSDT,1702569600000,0.0001
ETHUSDT,1702598400000,0.0001
ETHUSDT,1702627200000,0.0001
ETHUSDT,1702656000000,0.00010419
ETHUSDT,1702684800000,0.0001
ETHUSDT,1702713600000,0.0001
ETHUSDT,1702742400000,0.0001
ETHUSDT,1702771200000,0.0001
ETHUSDT,1702800000000,0.0001
ETHUSDT,1702828800000,0.00011402
ETHUSDT,1702857600000,0.00015083
ETHUSDT,1702886400000,0.0001
ETHUSDT,1702915200000,0.0001
ETHUSDT,1702944000000,0.0001
ETHUSDT,1702972800000,0.0001
ETHUSDT,1703001600000,0.0001
ETHUSDT,1703030400000,0.0001
ETHUSDT,1703059200000,0.0001
ETHUSDT,1703088000000,0.00023154
ETHUSDT,1703116800000,0.00026163
ETHUSDT,1703145600000,0.0002655
ETHUSDT,1703174400000,0.00042074
ETHUSDT,1703203200000,0.00044152
ETHUSDT,1703232000000,0.00043341
ETHUSDT,1703260800000,0.00051141
ETHUSDT,1703289600000,0.0001854
ETHUSDT,1703318400000,0.00012586
ETHUSDT,1703347200000,0.00017945
ETHUSDT,1703376000000,0.00013318
ETHUSDT,1703404800000,0.00021857
ETHUSDT,1703433600000,0.00019769
ETHUSDT,1703462400000,0.00013827
ETHUSDT,1703491200000,0.00021479
ETHUSDT,1703520000000,0.0004388
ETHUSDT,1703548800000,0.00050051
ETHUSDT,1703577600000,0.00029501
ETHUSDT,1703606400000,0.00036888
ETHUSDT,1703635200000,0.0003153
ETHUSDT,1703664000000,0.00040955
ETHUSDT,1703692800000,0.00049072
ETHUSDT,1703721600000,0.00027263
ETHUSDT,1703750400000,0.00057135
ETHUSDT,1703779200000,0.00049862
ETHUSDT,1703808000000,0.00044508
ETHUSDT,1703836800000,0.00049499
ETHUSDT,1703865600000,0.00047123
ETHUSDT,1703894400000,0.00027255
ETHUSDT,1703923200000,0.00031443
ETHUSDT,1703952000000,0.00026513
ETHUSDT,1703980800000,0.00021714
ETHUSDT,1704009600000,0.00027824
ETHUSDT,1704038400000,0.00031621
ETHUSDT,1704067200000,0.00027858
ETHUSDT,1704096000000,0.00031096
ETHUSDT,1704124800000,0.00043011
ETHUSDT,1704153600000,0.00053505
ETHUSDT,1704182400000,0.0005124
ETHUSDT,1704211200000,0.00063801
ETHUSDT,1704240000000,0.00028538
ETHUSDT,1704268800000,0.00024384
ETHUSDT,1704297600000,0.0001
ETHUSDT,1704326400000,0.0001
ETHUSDT,1704355200000,0.0001
ETHUSDT,1704384000000,0.0001
ETHUSDT,1704412800000,0.0001
ETHUSDT,1704441600000,0.0001
ETHUSDT,1704470400000,0.0001
ETHUSDT,1704499200000,0.0001
ETHUSDT,1704528000000,0.0001
ETHUSDT,1704556800000,0.0001
ETHUSDT,1704585600000,0.0001
ETHUSDT,1704614400000,0.0001
ETHUSDT,1704643200000,0.0001
ETHUSDT,1704672000000,0.0001
ETHUSDT,1704700800000,0.0001
ETHUSDT,1704729600000,0.0001
ETHUSDT,1704758400000,0.0001
ETHUSDT,1704787200000,0.0001
ETHUSDT,1704816000000,0.0001
ETHUSDT,1704844800000,0.0001
ETHUSDT,1704873600000,0.0001
ETHUSDT,1704902400000,0.0001
ETHUSDT,1704931200000,0.0001
ETHUSDT,1704960000000,0.0001
ETHUSDT,1704988800000,0.0001
ETHUSDT,1705017600000,0.0001
ETHUSDT,1705046400000,0.0001
ETHUSDT,1705075200000,0.0001
ETHUSDT,1705104000000,0.0001
ETHUSDT,1705132800000,0.0001
ETHUSDT,1705161600000,0.0001
ETHUSDT,1705190400000,0.0001
ETHUSDT,1705219200000,0.0001
ETHUSDT,1705248000000,0.0001
ETHUSDT,1705276800000,0.0001
ETHUSDT,1705305600000,0.0001
ETHUSDT,1705334400000,0.0001
ETHUSDT,1705363200000,0.0001
ETHUSDT,1705392000000,0.0001
ETHUSDT,1705420800000,0.0001
ETHUSDT,1705449600000,0.0001
ETHUSDT,1705478400000,0.0001
ETHUSDT,1705507200000,0.0001
ETHUSDT,1705536000000,0.0001
ETHUSDT,1705564800000,0.0001
ETHUSDT,1705593600000,0.0001
ETHUSDT,1705622400000,0.0001
ETHUSDT,1705651200000,0.0001
ETHUSDT,1705680000000,0.0001
ETHUSDT,1705708800000,0.0001
ETHUSDT,1705737600000,0.0001
ETHUSDT,1705766400000,0.0001
ETHUSDT,1705795200000,0.0001
ETHUSDT,1705824000000,0.0001
ETHUSDT,1705852800000,0.0001
ETHUSDT,1705881600000,0.0001
ETHUSDT,1705910400000,0.0001
ETHUSDT,1705939200000,0.0001
ETHUSDT,1705968000000,0.0001
ETHUSDT,1705996800000,0.0001
ETHUSDT,1706025600000,0.0001
ETHUSDT,1706054400000,0.0001
ETHUSDT,1706083200000,0.0001
ETHUSDT,1706112000000,0.0001
ETHUSDT,1706140800000,0.0001
ETHUSDT,1706169600000,0.0001
ETHUSDT,1706198400000,0.0001
ETHUSDT,1706227200000,0.0001
ETHUSDT,1706256000000,0.0001
ETHUSDT,1706284800000,0.0001
ETHUSDT,1706313600000,6.877e-05
ETHUSDT,1706342400000,0.0001
ETHUSDT,1706371200000,0.0001
ETHUSDT,1706400000000,6.557e-05
ETHUSDT,1706428800000,6.135e-05
ETHUSDT,1706457600000,8.266e-05
ETHUSDT,1706486400000,0.0001
ETHUSDT,1706515200000,0.0001
ETHUSDT,1706544000000,0.0001
ETHUSDT,1706572800000,0.0001
ETHUSDT,1706601600000,6.195e-05
ETHUSDT,1706630400000,0.0001
ETHUSDT,1706659200000,0.0001
ETHUSDT,1706688000000,0.0001
ETHUSDT,1706716800000,0.0001
ETHUSDT,1706745600000,5.527e-05
ETHUSDT,1706774400000,7.871e-05
ETHUSDT,1706803200000,0.0001
ETHUSDT,1706832000000,0.0001
ETHUSDT,1706860800000,3.678e-05
ETHUSDT,1706889600000,0.0001
ETHUSDT,1706918400000,8.15e-05
ETHUSDT,1706947200000,0.0001
ETHUSDT,1706976000000,4.476e-05
ETHUSDT,1707004800000,3.18e-05
ETHUSDT,1707033600000,9.094e-05
ETHUSDT,1707062400000,0.0001
ETHUSDT,1707091200000,0.0001
ETHUSDT,1707120000000,0.0001
ETHUSDT,1707148800000,0.0001
ETHUSDT,1707177600000,5.691e-05
ETHUSDT,1707206400000,0.0001
ETHUSDT,1707235200000,0.0001
ETHUSDT,1707264000000,7.659e-05
ETHUSDT,1707292800000,4.883e-05
ETHUSDT,1707321600000,4.309e-05
ETHUSDT,1707350400000,0.0001
ETHUSDT,1707379200000,7.523e-05
ETHUSDT,1707408000000,9.802e-05
ETHUSDT,1707436800000,7.752e-05
ETHUSDT,1707465600000,0.0001
ETHUSDT,1707494400000,0.0001
ETHUSDT,1707523200000,7.838e-05
ETHUSDT,1707552000000,9.615e-05
ETHUSDT,1707580800000,9.995e-05
ETHUSDT,1707609600000,0.0001
ETHUSDT,1707638400000,0.0001
ETHUSDT,1707667200000,4.792e-05
ETHUSDT,1707696000000,5.076e-05
ETHUSDT,1707724800000,9.971e-05
ETHUSDT,1707753600000,0.0001
ETHUSDT,1707782400000,0.0001
ETHUSDT,1707811200000,0.0001
ETHUSDT,1707840000000,0.0001
ETHUSDT,1707868800000,0.0001
ETHUSDT,1707897600000,0.0001
ETHUSDT,1707926400000,0.00013082
ETHUSDT,1707955200000,0.0001
ETHUSDT,1707984000000,0.00012136
ETHUSDT,1708012800000,0.00015412
ETHUSDT,1708041600000,0.00011125
ETHUSDT,1708070400000,0.00011597
ETHUSDT,1708099200000,0.0001
ETHUSDT,1708128000000,0.0001
ETHUSDT,1708156800000,0.0001
ETHUSDT,1708185600000,0.00013519
ETHUSDT,1708214400000,0.0001
ETHUSDT,1708243200000,0.0001114
ETHUSDT,1708272000000,0.0001
ETHUSDT,1708300800000,0.0001
ETHUSDT,1708329600000,0.0001
ETHUSDT,1708358400000,0.0001
ETHUSDT,1708387200000,0.000265
ETHUSDT,1708416000000,0.0001
ETHUSDT,1708444800000,0.00025431
ETHUSDT,1708473600000,0.00020319
ETHUSDT,1708502400000,0.00011802
ETHUSDT,1708531200000,0.0001
ETHUSDT,1708560000000,0.0001
ETHUSDT,1708588800000,0.0001
ETHUSDT,1708617600000,0.0001
ETHUSDT,1708646400000,0.0001
ETHUSDT,1708675200000,0.0001
ETHUSDT,1708704000000,0.0001
ETHUSDT,1708732800000,0.0001
ETHUSDT,1708761600000,0.0001
ETHUSDT,1708790400000,0.0001
ETHUSDT,1708819200000,0.0001
ETHUSDT,1708848000000,0.00025856
ETHUSDT,1708876800000,0.0002111
ETHUSDT,1708905600000,0.00059496
ETHUSDT,1708934400000,0.00018258
ETHUSDT,1708963200000,0.00020172
ETHUSDT,1708992000000,0.00028561
ETHUSDT,1709020800000,0.00066751
ETHUSDT,1709049600000,0.00029666
ETHUSDT,1709078400000,0.00033546
ETHUSDT,1709107200000,0.00032021
ETHUSDT,1709136000000,0.00043581
ETHUSDT,1709164800000,0.00062574
ETHUSDT,1709193600000,0.00073381
ETHUSDT,1709222400000,0.00075727
ETHUSDT,1709251200000,0.0005304
ETHUSDT,1709280000000,0.00039096
ETHUSDT,1709308800000,0.00052446
ETHUSDT,1709337600000,0.00048856
ETHUSDT,1709366400000,0.00057488
ETHUSDT,1709395200000,0.00055344
ETHUSDT,1709424000000,0.00039105
ETHUSDT,1709452800000,0.00038668
ETHUSDT,1709481600000,0.00037021
ETHUSDT,1709510400000,0.00041907
ETHUSDT,1709539200000,0.00028996
ETHUSDT,1709568000000,0.00050061
ETHUSDT,1709596800000,0.00038776
ETHUSDT,1709625600000,0.00101724
ETHUSDT,1709654400000,0.00082409
ETHUSDT,1709683200000,0.0002058
ETHUSDT,1709712000000,0.00038362
ETHUSDT,1709740800000,0.00040511
ETHUSDT,1709769600000,0.00035699
ETHUSDT,1709798400000,0.00039169
ETHUSDT,1709827200000,0.00044218
ETHUSDT,1709856000000,0.00042931
ETHUSDT,1709884800000,0.00057985
ETHUSDT,1709913600000,0.00048823
ETHUSDT,1709942400000,0.00033201
ETHUSDT,1709971200000,0.0003653
ETHUSDT,1710000000000,0.00035498
ETHUSDT,1710028800000,0.00034688
ETHUSDT,1710057600000,0.00049375
ETHUSDT,1710086400000,0.00029818
ETHUSDT,1710115200000,0.00029368
ETHUSDT,1710144000000,0.00067235
ETHUSDT,1710172800000,0.00064296
ETHUSDT,1710201600000,0.00068106
ETHUSDT,1710230400000,0.00037542
ETHUSDT,1710259200000,0.00048306
ETHUSDT,1710288000000,0.00046983
ETHUSDT,1710316800000,0.00060121
ETHUSDT,1710345600000,0.00044242
ETHUSDT,1710374400000,0.00040995
ETHUSDT,1710403200000,0.00050365
ETHUSDT,1710432000000,0.00035217
ETHUSDT,1710460800000,0.00040271
ETHUSDT,1710489600000,0.00023171
ETHUSDT,1710518400000,0.00033557
ETHUSDT,1710547200000,0.00018856
ETHUSDT,1710576000000,0.0002749
ETHUSDT,1710604800000,0.00028914
ETHUSDT,1710633600000,0.00013396
ETHUSDT,1710662400000,0.00011824
ETHUSDT,1710691200000,0.00030376
ETHUSDT,1710720000000,0.00017304
ETHUSDT,1710748800000,0.00026393
ETHUSDT,1710777600000,0.00029608
ETHUSDT,1710806400000,0.00028148
ETHUSDT,1710835200000,0.00023311
ETHUSDT,1710864000000,0.00013469
ETHUSDT,1710892800000,0.00016096
ETHUSDT,1710921600000,0.0001
ETHUSDT,1710950400000,0.0001
ETHUSDT,1710979200000,0.00019507
ETHUSDT,1711008000000,0.00013771
ETHUSDT,1711036800000,0.00017743
ETHUSDT,1711065600000,0.00022775
ETHUSDT,1711094400000,0.00023317
ETHUSDT,1711123200000,0.00016092
ETHUSDT,1711152000000,0.00010552
ETHUSDT,1711180800000,0.00012459
ETHUSDT,1711209600000,0.00013906
ETHUSDT,1711238400000,0.00012767
ETHUSDT,1711267200000,0.00017907
ETHUSDT,1711296000000,0.00017171
ETHUSDT,1711324800000,0.00020242
ETHUSDT,1711353600000,0.00011009
ETHUSDT,1711382400000,0.00022958
ETHUSDT,1711411200000,0.00039028
ETHUSDT,1711440000000,0.00018
ETHUSDT,1711468800000,0.00026242
ETHUSDT,1711497600000,0.00024667
ETHUSDT,1711526400000,0.00021635
ETHUSDT,1711555200000,0.00035332
ETHUSDT,1711584000000,0.00038952
ETHUSDT,1711612800000,0.00035672
ETHUSDT,1711641600000,0.00036879
ETHUSDT,1711670400000,0.00034117
ETHUSDT,1711699200000,0.00030332
ETHUSDT,1711728000000,0.00037327
ETHUSDT,1711756800000,0.00024188
ETHUSDT,1711785600000,0.00024854
ETHUSDT,1711814400000,0.00045204
ETHUSDT,1711843200000,0.00026461
ETHUSDT,1711872000000,0.00065366
ETHUSDT,1711900800000,0.00058292
ETHUSDT,1711929600000,0.00060909
ETHUSDT,1711958400000,0.00035798
ETHUSDT,1711987200000,0.00019362
ETHUSDT,1712016000000,0.00015034
ETHUSDT,1712044800000,0.0001
ETHUSDT,1712073600000,0.00012642
ETHUSDT,1712102400000,0.0001
ETHUSDT,1712131200000,0.0001
ETHUSDT,1712160000000,0.0001
ETHUSDT,1712188800000,0.0001
ETHUSDT,1712217600000,0.0001
ETHUSDT,1712246400000,0.0001
ETHUSDT,1712275200000,0.0001
ETHUSDT,1712304000000,0.0001
ETHUSDT,1712332800000,0.0001
ETHUSDT,1712361600000,0.00016732
ETHUSDT,1712390400000,0.0001
ETHUSDT,1712419200000,0.0001
ETHUSDT,1712448000000,0.0001
ETHUSDT,1712476800000,0.0001
ETHUSDT,1712505600000,0.0001
ETHUSDT,1712534400000,0.0001
ETHUSDT,1712563200000,0.0001
ETHUSDT,1712592000000,0.00031896
ETHUSDT,1712620800000,0.00024848
ETHUSDT,1712649600000,0.00010159
ETHUSDT,1712678400000,0.00015222
ETHUSDT,1712707200000,0.00018733
ETHUSDT,1712736000000,0.00015363
ETHUSDT,1712764800000,0.00013253
ETHUSDT,1712793600000,0.0001
ETHUSDT,1712822400000,0.00015483
ETHUSDT,1712851200000,0.0001
ETHUSDT,1712880000000,0.0001
ETHUSDT,1712908800000,0.0001
ETHUSDT,1712937600000,0.0001
ETHUSDT,1712966400000,0.0001
ETHUSDT,1712995200000,0.0001
ETHUSDT,1713024000000,0.0001
ETHUSDT,1713052800000,0.0001
ETHUSDT,1713081600000,0.0001
ETHUSDT,1713110400000,0.0001
ETHUSDT,1713139200000,0.0001
ETHUSDT,1713168000000,5.422e-05
ETHUSDT,1713196800000,8.871e-05
ETHUSDT,1713225600000,7.898e-05
ETHUSDT,1713254400000,8.536e-05
ETHUSDT,1713283200000,5.787e-05
ETHUSDT,1713312000000,9.805e-05
ETHUSDT,1713340800000,5.11e-06
ETHUSDT,1713369600000,4.92e-06
ETHUSDT,1713398400000,3.509e-05
ETHUSDT,1713427200000,2.246e-05
ETHUSDT,1713456000000,6.353e-05
ETHUSDT,1713484800000,3.973e-05
ETHUSDT,1713513600000,8.503e-05
ETHUSDT,1713542400000,5.417e-05
ETHUSDT,1713571200000,0.0001
ETHUSDT,1713600000000,2.386e-05
ETHUSDT,1713628800000,5.114e-05
ETHUSDT,1713657600000,5.559e-05
ETHUSDT,1713686400000,-6.27e-06
ETHUSDT,1713715200000,4.395e-05
ETHUSDT,1713744000000,3.417e-05
ETHUSDT,1713772800000,4.908e-05
ETHUSDT,1713801600000,-1.974e-05
ETHUSDT,1713830400000,6.74e-06
ETHUSDT,1713859200000,1.147e-05
ETHUSDT,1713888000000,6.979e-05
ETHUSDT,1713916800000,4.713e-05
ETHUSDT,1713945600000,1.937e-05
ETHUSDT,1713974400000,4.804e-05
ETHUSDT,1714003200000,4.66e-06
ETHUSDT,1714032000000,1.706e-05
ETHUSDT,1714060800000,0.0001
ETHUSDT,1714089600000,1.631e-05
ETHUSDT,1714118400000,3.847e-05
ETHUSDT,1714147200000,4.582e-05
ETHUSDT,1714176000000,0.0001
ETHUSDT,1714204800000,7.026e-05
ETHUSDT,1714233600000,2.355e-05
ETHUSDT,1714262400000,9.322e-05
ETHUSDT,1714291200000,8.3e-05
ETHUSDT,1714320000000,8.272e-05
ETHUSDT,1714348800000,8.816e-05
ETHUSDT,1714377600000,0.0001
ETHUSDT,1714406400000,5.981e-05
ETHUSDT,1714435200000,7.518e-05
ETHUSDT,1714464000000,7.389e-05
ETHUSDT,1714492800000,3.887e-05
ETHUSDT,1714521600000,1.865e-05
ETHUSDT,1714550400000,4.89e-05
ETHUSDT,1714579200000,7.347e-05
ETHUSDT,1714608000000,-8.6e-07
ETHUSDT,1714636800000,9.579e-05
ETHUSDT,1714665600000,7.757e-05
ETHUSDT,1714694400000,4.044e-05
ETHUSDT,1714723200000,2.157e-05
ETHUSDT,1714752000000,3.457e-05
ETHUSDT,1714780800000,4.29e-05
ETHUSDT,1714809600000,8.465e-05
ETHUSDT,1714838400000,7.001e-05
ETHUSDT,1714867200000,8.848e-05
ETHUSDT,1714896000000,9.394e-05
ETHUSDT,1714924800000,5.578e-05
ETHUSDT,1714953600000,5.569e-05
ETHUSDT,1714982400000,0.0001
ETHUSDT,1715011200000,9.025e-05
ETHUSDT,1715040000000,7.342e-05
ETHUSDT,1715068800000,4.028e-05
ETHUSDT,1715097600000,6.978e-05
ETHUSDT,1715126400000,7.764e-05
ETHUSDT,1715155200000,7.236e-05
ETHUSDT,1715184000000,0.0001
ETHUSDT,1715212800000,0.0001
ETHUSDT,1715241600000,0.0001
ETHUSDT,1715270400000,0.0001
ETHUSDT,1715299200000,9.04e-05
ETHUSDT,1715328000000,0.0001
ETHUSDT,1715356800000,5.137e-05
ETHUSDT,1715385600000,7.578e-05
ETHUSDT,1715414400000,6.69e-05
ETHUSDT,1715443200000,8.517e-05
ETHUSDT,1715472000000,8.01e-05
ETHUSDT,1715500800000,7.264e-05
ETHUSDT,1715529600000,6.269e-05
ETHUSDT,1715558400000,5.829e-05
ETHUSDT,1715587200000,0.0001
ETHUSDT,1715616000000,0.0001
ETHUSDT,1715644800000,0.0001
ETHUSDT,1715673600000,8.14e-05
ETHUSDT,1715702400000,9.124e-05
ETHUSDT,1715731200000,0.0001
ETHUSDT,1715760000000,8.171e-05
ETHUSDT,1715788800000,9.162e-05
ETHUSDT,1715817600000,0.0001
ETHUSDT,1715846400000,6.453e-05
ETHUSDT,1715875200000,5.401e-05
ETHUSDT,1715904000000,5.324e-05
ETHUSDT,1715932800000,8.531e-05
ETHUSDT,1715961600000,4.333e-05
ETHUSDT,1715990400000,7.513e-05
ETHUSDT,1716019200000,3.431e-05
ETHUSDT,1716048000000,7.815e-05
ETHUSDT,1716076800000,7.388e-05
ETHUSDT,1716105600000,3.451e-05
ETHUSDT,1716134400000,8.825e-05
ETHUSDT,1716163200000,9.672e-05
ETHUSDT,1716192000000,1.916e-05
ETHUSDT,1716220800000,4.643e-05
ETHUSDT,1716249600000,0.0001
ETHUSDT,1716278400000,0.00019404
ETHUSDT,1716307200000,0.0001
ETHUSDT,1716336000000,0.00012452
ETHUSDT,1716364800000,0.00015189
ETHUSDT,1716393600000,0.0001
ETHUSDT,1716422400000,0.0001
ETHUSDT,1716451200000,0.0001
ETHUSDT,1716480000000,0.0001
ETHUSDT,1716508800000,0.0001
ETHUSDT,1716537600000,0.0001
ETHUSDT,1716566400000,0.0001
ETHUSDT,1716595200000,0.0001
ETHUSDT,1716624000000,0.0001
ETHUSDT,1716652800000,0.0001
ETHUSDT,1716681600000,0.0001
ETHUSDT,1716710400000,0.0001
ETHUSDT,1716739200000,0.0001
ETHUSDT,1716768000000,0.0001
ETHUSDT,1716796800000,0.0001
ETHUSDT,1716825600000,0.0001
ETHUSDT,1716854400000,0.0001
ETHUSDT,1716883200000,0.0001
ETHUSDT,1716912000000,0.0001219
ETHUSDT,1716940800000,0.00017485
ETHUSDT,1716969600000,0.0001
ETHUSDT,1716998400000,0.000177
ETHUSDT,1717027200000,0.00025357
ETHUSDT,1717056000000,0.00014202
ETHUSDT,1717084800000,0.00018706
ETHUSDT,1717113600000,0.0001
ETHUSDT,1717142400000,0.00010793
ETHUSDT,1717171200000,0.00012319
ETHUSDT,1717200000000,0.00017131
ETHUSDT,1717228800000,0.00013009
ETHUSDT,1717257600000,0.00011557
ETHUSDT,1717286400000,0.00015695
ETHUSDT,1717315200000,0.0001
ETHUSDT,1717344000000,0.0001
ETHUSDT,1717372800000,0.00012702
ETHUSDT,1717401600000,0.00015803
ETHUSDT,1717430400000,0.00012815
ETHUSDT,1717459200000,0.0001
ETHUSDT,1717488000000,0.0001
ETHUSDT,1717516800000,0.000108
ETHUSDT,1717545600000,0.00016969
ETHUSDT,1717574400000,0.0001
ETHUSDT,1717603200000,0.00010659
ETHUSDT,1717632000000,0.00019461
ETHUSDT,1717660800000,0.00020328
ETHUSDT,1717689600000,0.00014989
ETHUSDT,1717718400000,0.00016105
ETHUSDT,1717747200000,0.00013228
ETHUSDT,1717776000000,0.00017029
ETHUSDT,1717804800000,0.0001
ETHUSDT,1717833600000,0.0001
ETHUSDT,1717862400000,0.0001
ETHUSDT,1717891200000,0.0001
ETHUSDT,1717920000000,0.0001
ETHUSDT,1717948800000,0.0001
ETHUSDT,1717977600000,0.0001
ETHUSDT,1718006400000,0.0001
ETHUSDT,1718035200000,0.0001
ETHUSDT,1718064000000,0.0001
ETHUSDT,1718092800000,0.0001
ETHUSDT,1718121600000,0.0001
ETHUSDT,1718150400000,0.0001
ETHUSDT,1718179200000,0.0001
ETHUSDT,1718208000000,0.0001
ETHUSDT,1718236800000,0.0001
ETHUSDT,1718265600000,0.0001
ETHUSDT,1718294400000,0.0001
ETHUSDT,1718323200000,0.0001
ETHUSDT,1718352000000,0.0001
ETHUSDT,1718380800000,0.0001
ETHUSDT,1718409600000,0.0001
ETHUSDT,1718438400000,0.0001
ETHUSDT,1718467200000,0.0001
ETHUSDT,1718496000000,0.0001
ETHUSDT,1718524800000,0.0001
ETHUSDT,1718553600000,0.0001
ETHUSDT,1718582400000,0.0001
ETHUSDT,1718611200000,0.0001
ETHUSDT,1718640000000,9.137e-05
ETHUSDT,1718668800000,6.649e-05
ETHUSDT,1718697600000,7.836e-05
ETHUSDT,1718726400000,6.211e-05
ETHUSDT,1718755200000,0.0001
ETHUSDT,1718784000000,0.0001
ETHUSDT,1718812800000,6.122e-05
ETHUSDT,1718841600000,0.0001
ETHUSDT,1718870400000,6.409e-05
ETHUSDT,1718899200000,3.148e-05
ETHUSDT,1718928000000,7.46e-06
ETHUSDT,1718956800000,2.103e-05
ETHUSDT,1718985600000,0.0001
ETHUSDT,1719014400000,4.564e-05
ETHUSDT,1719043200000,5.837e-05
ETHUSDT,1719072000000,3.914e-05
ETHUSDT,1719100800000,6.71e-05
ETHUSDT,1719129600000,4.594e-05
ETHUSDT,1719158400000,3.591e-05
ETHUSDT,1719187200000,7.672e-05
ETHUSDT,1719216000000,0.0001
ETHUSDT,1719244800000,7.41e-05
ETHUSDT,1719273600000,0.0001
ETHUSDT,1719302400000,0.0001
ETHUSDT,1719331200000,0.0001
ETHUSDT,1719360000000,0.0001
ETHUSDT,1719388800000,0.0001
ETHUSDT,1719417600000,0.0001
ETHUSDT,1719446400000,0.0001
ETHUSDT,1719475200000,0.0001
ETHUSDT,1719504000000,0.0001
ETHUSDT,1719532800000,0.0001
ETHUSDT,1719561600000,0.0001
ETHUSDT,1719590400000,0.0001
ETHUSDT,1719619200000,0.0001
ETHUSDT,1719648000000,0.0001
ETHUSDT,1719676800000,0.0001
ETHUSDT,1719705600000,0.0001
ETHUSDT,1719734400000,0.0001
ETHUSDT,1719763200000,0.0001
ETHUSDT,1719792000000,0.0001
ETHUSDT,1719820800000,0.0001
ETHUSDT,1719849600000,0.0001
ETHUSDT,1719878400000,0.0001
ETHUSDT,1719907200000,0.0001
ETHUSDT,1719936000000,0.0001
ETHUSDT,1719964800000,0.0001
ETHUSDT,1719993600000,0.0001
ETHUSDT,1720022400000,0.0001
ETHUSDT,1720051200000,0.0001
ETHUSDT,1720080000000,0.0001
ETHUSDT,1720108800000,0.0001
ETHUSDT,1720137600000,0.0001
ETHUSDT,1720166400000,9.55e-05
ETHUSDT,1720195200000,4.923e-05
ETHUSDT,1720224000000,9.007e-05
ETHUSDT,1720252800000,6.597e-05
ETHUSDT,1720281600000,5.847e-05
ETHUSDT,1720310400000,3.941e-05
ETHUSDT,1720339200000,8.938e-05
ETHUSDT,1720368000000,5.389e-05
ETHUSDT,1720396800000,0.0001
ETHUSDT,1720425600000,3.423e-05
ETHUSDT,1720454400000,9.357e-05
ETHUSDT,1720483200000,5.681e-05
ETHUSDT,1720512000000,1.078e-05
ETHUSDT,1720540800000,7.754e-05
ETHUSDT,1720569600000,3.746e-05
ETHUSDT,1720598400000,1.713e-05
ETHUSDT,1720627200000,0.0001
ETHUSDT,1720656000000,4.282e-05
ETHUSDT,1720684800000,8.656e-05
ETHUSDT,1720713600000,5.603e-05
ETHUSDT,1720742400000,0.0001
ETHUSDT,1720771200000,4.73e-05
ETHUSDT,1720800000000,7.154e-05
ETHUSDT,1720828800000,0.0001
ETHUSDT,1720857600000,0.0001
ETHUSDT,1720886400000,7.584e-05
ETHUSDT,1720915200000,0.0001
ETHUSDT,1720944000000,6.352e-05
ETHUSDT,1720972800000,3.194e-05
ETHUSDT,1721001600000,9.653e-05
ETHUSDT,1721030400000,4.043e-05
ETHUSDT,1721059200000,4.69e-05
ETHUSDT,1721088000000,2.643e-05
ETHUSDT,1721116800000,9.799e-05
ETHUSDT,1721145600000,6.395e-05
ETHUSDT,1721174400000,5.824e-05
ETHUSDT,1721203200000,8.064e-05
ETHUSDT,1721232000000,6.113e-05
ETHUSDT,1721260800000,0.0001
ETHUSDT,1721289600000,6.727e-05
ETHUSDT,1721318400000,3.237e-05
ETHUSDT,1721347200000,4.387e-05
ETHUSDT,1721376000000,8.153e-05
ETHUSDT,1721404800000,0.0001
ETHUSDT,1721433600000,5.271e-05
ETHUSDT,1721462400000,8.573e-05
ETHUSDT,1721491200000,2.468e-05
ETHUSDT,1721520000000,0.0001
ETHUSDT,1721548800000,1.524e-05
ETHUSDT,1721577600000,6.721e-05
ETHUSDT,1721606400000,9.867e-05
ETHUSDT,1721635200000,7.749e-05
ETHUSDT,1721664000000,2.82e-05
ETHUSDT,1721692800000,7.792e-05
ETHUSDT,1721721600000,0.0001
ETHUSDT,1721750400000,9.013e-05
ETHUSDT,1721779200000,7.865e-05
ETHUSDT,1721808000000,8.396e-05
ETHUSDT,1721836800000,6.706e-05
ETHUSDT,1721865600000,9.46e-05
ETHUSDT,1721894400000,2.04e-06
ETHUSDT,1721923200000,3.72e-05
ETHUSDT,1721952000000,3.903e-05
ETHUSDT,1721980800000,4.196e-05
ETHUSDT,1722009600000,4.001e-05
ETHUSDT,1722038400000,3.05e-05
ETHUSDT,1722067200000,7.422e-05
ETHUSDT,1722096000000,1.78e-05
ETHUSDT,1722124800000,0.0001
ETHUSDT,1722153600000,0.0001
ETHUSDT,1722182400000,0.0001
ETHUSDT,1722211200000,8.174e-05
ETHUSDT,1722240000000,0.0001
ETHUSDT,1722268800000,0.0001
ETHUSDT,1722297600000,0.0001
ETHUSDT,1722326400000,0.0001
ETHUSDT,1722355200000,0.0001
ETHUSDT,1722384000000,0.0001
ETHUSDT,1722412800000,0.0001
ETHUSDT,1722441600000,0.0001
ETHUSDT,1722470400000,0.0001
ETHUSDT,1722499200000,5.973e-05
ETHUSDT,1722528000000,0.0001
ETHUSDT,1722556800000,7.641e-05
ETHUSDT,1722585600000,7.771e-05
ETHUSDT,1722614400000,3.785e-05
ETHUSDT,1722643200000,8.493e-05
ETHUSDT,1722672000000,2.92e-05
ETHUSDT,1722700800000,4.82e-05
ETHUSDT,1722729600000,4.181e-05
ETHUSDT,1722758400000,1.635e-05
ETHUSDT,1722787200000,6.815e-05
ETHUSDT,1722816000000,-1.7e-05
ETHUSDT,1722844800000,-4.58e-06
ETHUSDT,1722873600000,-5.766e-05
ETHUSDT,1722902400000,-2.276e-05
ETHUSDT,1722931200000,-0.00010667
ETHUSDT,1722960000000,-1.11e-05
ETHUSDT,1722988800000,-4.25e-05
ETHUSDT,1723017600000,-6.16e-06
ETHUSDT,1723046400000,-4.478e-05
ETHUSDT,1723075200000,-4.377e-05
ETHUSDT,1723104000000,-1.083e-05
ETHUSDT,1723132800000,-3.437e-05
ETHUSDT,1723161600000,1.139e-05
ETHUSDT,1723190400000,4.212e-05
ETHUSDT,1723219200000,-2.753e-05
ETHUSDT,1723248000000,-4.249e-05
ETHUSDT,1723276800000,3.504e-05
ETHUSDT,1723305600000,1.614e-05
ETHUSDT,1723334400000,-8.82e-06
ETHUSDT,1723363200000,9.73e-06
ETHUSDT,1723392000000,3.46e-06
ETHUSDT,1723420800000,1.047e-05
ETHUSDT,1723449600000,6.766e-05
ETHUSDT,1723478400000,6.424e-05
ETHUSDT,1723507200000,7.892e-05
ETHUSDT,1723536000000,-6.036e-05
ETHUSDT,1723564800000,-4.532e-05
ETHUSDT,1723593600000,5.55e-06
ETHUSDT,1723622400000,3.166e-05
ETHUSDT,1723651200000,-3.462e-05
ETHUSDT,1723680000000,5.044e-05
ETHUSDT,1723708800000,7.775e-05
ETHUSDT,1723737600000,6.62e-06
ETHUSDT,1723766400000,-1.182e-05
ETHUSDT,1723795200000,2.105e-05
ETHUSDT,1723824000000,3.363e-05
ETHUSDT,1723852800000,2.448e-05
ETHUSDT,1723881600000,-2.485e-05
ETHUSDT,1723910400000,-3.471e-05
ETHUSDT,1723939200000,7.82e-06
ETHUSDT,1723968000000,-4.706e-05
ETHUSDT,1723996800000,-1.42e-06
ETHUSDT,1724025600000,-3.66e-05
ETHUSDT,1724054400000,8.59e-06
ETHUSDT,1724083200000,-1.53e-05
ETHUSDT,1724112000000,9.69e-06
ETHUSDT,1724140800000,1.977e-05
ETHUSDT,1724169600000,-2.726e-05
ETHUSDT,1724198400000,1.33e-05
ETHUSDT,1724227200000,2.306e-05
ETHUSDT,1724256000000,4.139e-05
ETHUSDT,1724284800000,-9.46e-06
ETHUSDT,1724313600000,3.544e-05
ETHUSDT,1724342400000,2.01e-05
ETHUSDT,1724371200000,6.601e-05
ETHUSDT,1724400000000,6.071e-05
ETHUSDT,1724428800000,-1.72e-06
ETHUSDT,1724457600000,-1.504e-05
ETHUSDT,1724486400000,9.7e-06
ETHUSDT,1724515200000,5.81e-06
ETHUSDT,1724544000000,-3.389e-05
ETHUSDT,1724572800000,3.311e-05
ETHUSDT,1724601600000,2.579e-05
ETHUSDT,1724630400000,2.145e-05
ETHUSDT,1724659200000,5.677e-05
ETHUSDT,1724688000000,6.339e-05
ETHUSDT,1724716800000,9.438e-05
ETHUSDT,1724745600000,5.093e-05
ETHUSDT,1724774400000,7.429e-05
ETHUSDT,1724803200000,-6.098e-05
ETHUSDT,1724832000000,-7.62e-06
ETHUSDT,1724860800000,1.459e-05
ETHUSDT,1724889600000,1.16e-05
ETHUSDT,1724918400000,2.12e-06
ETHUSDT,1724947200000,-4.09e-06
ETHUSDT,1724976000000,5.49e-05
ETHUSDT,1725004800000,3.483e-05
ETHUSDT,1725033600000,1.032e-05
ETHUSDT,1725062400000,7.976e-05
ETHUSDT,1725091200000,7.237e-05
ETHUSDT,1725120000000,7.811e-05
ETHUSDT,1725148800000,4.499e-05
ETHUSDT,1725177600000,5.272e-05
ETHUSDT,1725206400000,4.183e-05
ETHUSDT,1725235200000,-2.406e-05
ETHUSDT,1725264000000,3.904e-05
ETHUSDT,1725292800000,7.064e-05
ETHUSDT,1725321600000,5.67e-05
ETHUSDT,1725350400000,4.883e-05
ETHUSDT,1725379200000,5.216e-05
ETHUSDT,1725408000000,8.054e-05
ETHUSDT,1725436800000,-1.109e-05
ETHUSDT,1725465600000,5.833e-05
ETHUSDT,1725494400000,4.539e-05
ETHUSDT,1725523200000,2.41e-05
ETHUSDT,1725552000000,3.166e-05
ETHUSDT,1725580800000,3.662e-05
ETHUSDT,1725609600000,4.871e-05
ETHUSDT,1725638400000,4.007e-05
ETHUSDT,1725667200000,2.41e-06
ETHUSDT,1725696000000,-5.37e-06
ETHUSDT,1725724800000,2.652e-05
ETHUSDT,1725753600000,5.363e-05
ETHUSDT,1725782400000,3.089e-05
ETHUSDT,1725811200000,1.827e-05
ETHUSDT,1725840000000,7.67e-06
ETHUSDT,1725868800000,3.085e-05
ETHUSDT,1725897600000,-1.156e-05
ETHUSDT,1725926400000,1.082e-05
ETHUSDT,1725955200000,-3.453e-05
ETHUSDT,1725984000000,2.28e-06
ETHUSDT,1726012800000,2.484e-05
ETHUSDT,1726041600000,1.804e-05
ETHUSDT,1726070400000,-1.796e-05
ETHUSDT,1726099200000,2.592e-05
ETHUSDT,1726128000000,2.496e-05
ETHUSDT,1726156800000,1.134e-05
ETHUSDT,1726185600000,4.291e-05
ETHUSDT,1726214400000,5.003e-05
ETHUSDT,1726243200000,5.073e-05
ETHUSDT,1726272000000,8.45e-06
ETHUSDT,1726300800000,-4.15e-06
ETHUSDT,1726329600000,1.35e-06
ETHUSDT,1726358400000,-2.67e-06
ETHUSDT,1726387200000,1.355e-05
ETHUSDT,1726416000000,2.131e-05
ETHUSDT,1726444800000,3.228e-05
ETHUSDT,1726473600000,-6.942e-05
ETHUSDT,1726502400000,-1.149e-05
ETHUSDT,1726531200000,7.742e-05
ETHUSDT,1726560000000,2.423e-05
ETHUSDT,1726588800000,5.73e-05
ETHUSDT,1726617600000,4.792e-05
ETHUSDT,1726646400000,3.074e-05
ETHUSDT,1726675200000,2.329e-05
ETHUSDT,1726704000000,7.727e-05
ETHUSDT,1726732800000,8.266e-05
ETHUSDT,1726761600000,2.391e-05
ETHUSDT,1726790400000,0.0001
ETHUSDT,1726819200000,9.734e-05
ETHUSDT,1726848000000,0.0001
ETHUSDT,1726876800000,6.668e-05
ETHUSDT,1726905600000,6.665e-05
ETHUSDT,1726934400000,4.536e-05
ETHUSDT,1726963200000,4.896e-05
ETHUSDT,1726992000000,5.198e-05
ETHUSDT,1727020800000,0.0001
ETHUSDT,1727049600000,2.548e-05
ETHUSDT,1727078400000,6.821e-05
ETHUSDT,1727107200000,6.476e-05
ETHUSDT,1727136000000,3.85e-05
ETHUSDT,1727164800000,4.791e-05
ETHUSDT,1727193600000,4.739e-05
ETHUSDT,1727222400000,2.445e-05
ETHUSDT,1727251200000,5.722e-05
ETHUSDT,1727280000000,3.538e-05
ETHUSDT,1727308800000,7.493e-05
ETHUSDT,1727337600000,8.119e-05
ETHUSDT,1727366400000,0.0001
ETHUSDT,1727395200000,9.625e-05
ETHUSDT,1727424000000,7.694e-05
ETHUSDT,1727452800000,6.276e-05
ETHUSDT,1727481600000,0.0001
ETHUSDT,1727510400000,6.231e-05
ETHUSDT,1727539200000,7.162e-05
ETHUSDT,1727568000000,3.315e-05
ETHUSDT,1727596800000,6.785e-05
ETHUSDT,1727625600000,8.854e-05
ETHUSDT,1727654400000,6.161e-05
ETHUSDT,1727683200000,8.62e-05
ETHUSDT,1727712000000,0.0001
ETHUSDT,1727740800000,0.0001
ETHUSDT,1727769600000,0.0001
ETHUSDT,1727798400000,8.397e-05
ETHUSDT,1727827200000,0.0001
ETHUSDT,1727856000000,6.859e-05
ETHUSDT,1727884800000,0.0001
ETHUSDT,1727913600000,2.418e-05
ETHUSDT,1727942400000,4.124e-05
ETHUSDT,1727971200000,4.621e-05
ETHUSDT,1728000000000,5.138e-05
ETHUSDT,1728028800000,3.739e-05
ETHUSDT,1728057600000,3.9e-05
ETHUSDT,1728086400000,0.0001
ETHUSDT,1728115200000,7.909e-05
ETHUSDT,1728144000000,5.458e-05
ETHUSDT,1728172800000,9.056e-05
ETHUSDT,1728201600000,5.234e-05
ETHUSDT,1728230400000,3.309e-05
ETHUSDT,1728259200000,3.36e-05
ETHUSDT,1728288000000,9.258e-05
ETHUSDT,1728316800000,2.612e-05
ETHUSDT,1728345600000,6.592e-05
ETHUSDT,1728374400000,0.0001
ETHUSDT,1728403200000,8.377e-05
ETHUSDT,1728432000000,0.0001
ETHUSDT,1728460800000,3.64e-05
ETHUSDT,1728489600000,0.0001
ETHUSDT,1728518400000,6.663e-05
ETHUSDT,1728547200000,0.0001
ETHUSDT,1728576000000,0.0001
ETHUSDT,1728604800000,0.0001
ETHUSDT,1728633600000,9.474e-05
ETHUSDT,1728662400000,5.977e-05
ETHUSDT,1728691200000,4.445e-05
ETHUSDT,1728720000000,0.0001
ETHUSDT,1728748800000,7.35e-05
ETHUSDT,1728777600000,7.928e-05
ETHUSDT,1728806400000,3.958e-05
ETHUSDT,1728835200000,1.763e-05
ETHUSDT,1728864000000,6.559e-05
ETHUSDT,1728892800000,0.0001
ETHUSDT,1728921600000,0.0001
ETHUSDT,1728950400000,0.0001
ETHUSDT,1728979200000,0.0001
ETHUSDT,1729008000000,0.0001
ETHUSDT,1729036800000,0.0001
ETHUSDT,1729065600000,0.0001
ETHUSDT,1729094400000,0.0001
ETHUSDT,1729123200000,0.0001
ETHUSDT,1729152000000,0.0001
ETHUSDT,1729180800000,0.0001
ETHUSDT,1729209600000,0.0001
ETHUSDT,1729238400000,0.0001
ETHUSDT,1729267200000,0.0001
ETHUSDT,1729296000000,0.0001
ETHUSDT,1729324800000,0.0001
ETHUSDT,1729353600000,0.0001
ETHUSDT,1729382400000,0.0001
ETHUSDT,1729411200000,0.0001
ETHUSDT,1729440000000,0.0001
ETHUSDT,1729468800000,0.0001
ETHUSDT,1729497600000,0.0001
ETHUSDT,1729526400000,0.0001
ETHUSDT,1729555200000,0.0001
ETHUSDT,1729584000000,0.0001
ETHUSDT,1729612800000,0.0001
ETHUSDT,1729641600000,0.0001
ETHUSDT,1729670400000,0.0001
ETHUSDT,1729699200000,0.0001
ETHUSDT,1729728000000,0.0001
ETHUSDT,1729756800000,0.0001
ETHUSDT,1729785600000,0.0001
ETHUSDT,1729814400000,0.0001
ETHUSDT,1729843200000,0.0001
ETHUSDT,1729872000000,0.0001
ETHUSDT,1729900800000,0.0001
ETHUSDT,1729929600000,0.0001
ETHUSDT,1729958400000,0.0001
ETHUSDT,1729987200000,0.0001
ETHUSDT,1730016000000,0.0001
ETHUSDT,1730044800000,0.0001
ETHUSDT,1730073600000,0.0001
ETHUSDT,1730102400000,0.0001
ETHUSDT,1730131200000,0.0001
ETHUSDT,1730160000000,0.0001
ETHUSDT,1730188800000,0.0001
ETHUSDT,1730217600000,0.0001
ETHUSDT,1730246400000,0.0001
ETHUSDT,1730275200000,0.0001
ETHUSDT,1730304000000,0.0001
ETHUSDT,1730332800000,0.0001
ETHUSDT,1730361600000,0.0001
ETHUSDT,1730390400000,0.0001
ETHUSDT,1730419200000,0.0001
ETHUSDT,1730448000000,0.0001
ETHUSDT,1730476800000,0.0001
ETHUSDT,1730505600000,0.0001
ETHUSDT,1730534400000,0.0001
ETHUSDT,1730563200000,0.0001
ETHUSDT,1730592000000,0.0001
ETHUSDT,1730620800000,0.0001
ETHUSDT,1730649600000,0.0001
ETHUSDT,1730678400000,0.0001
ETHUSDT,1730707200000,0.0001
ETHUSDT,1730736000000,0.0001
ETHUSDT,1730764800000,0.0001
ETHUSDT,1730793600000,0.0001
ETHUSDT,1730822400000,0.0001
ETHUSDT,1730851200000,9.511e-05
ETHUSDT,1730880000000,0.0001
ETHUSDT,1730908800000,0.0001
ETHUSDT,1730937600000,0.0001
ETHUSDT,1730966400000,0.00014885
ETHUSDT,1730995200000,0.0001
ETHUSDT,1731024000000,0.0001
ETHUSDT,1731052800000,0.0001
ETHUSDT,1731081600000,0.0001
ETHUSDT,1731110400000,0.0001
ETHUSDT,1731139200000,0.0001
ETHUSDT,1731168000000,0.0001
ETHUSDT,1731196800000,0.0001
ETHUSDT,1731225600000,0.0001
ETHUSDT,1731254400000,0.00026708
ETHUSDT,1731283200000,0.00028976
ETHUSDT,1731312000000,0.0001881
ETHUSDT,1731340800000,0.00017298
ETHUSDT,1731369600000,0.00017687
ETHUSDT,1731398400000,0.0005762
ETHUSDT,1731427200000,0.00046001
ETHUSDT,1731456000000,0.00013607
ETHUSDT,1731484800000,0.00033556
ETHUSDT,1731513600000,0.00012894
ETHUSDT,1731542400000,0.0001058
ETHUSDT,1731571200000,0.0001
ETHUSDT,1731600000000,0.0001
ETHUSDT,1731628800000,0.00013133
ETHUSDT,1731657600000,0.00013108
ETHUSDT,1731686400000,0.0001
ETHUSDT,1731715200000,0.00018215
ETHUSDT,1731744000000,0.0001
ETHUSDT,1731772800000,0.00011351
ETHUSDT,1731801600000,0.0001
ETHUSDT,1731830400000,0.0001
ETHUSDT,1731859200000,0.00019685
ETHUSDT,1731888000000,0.00019865
ETHUSDT,1731916800000,0.00031651
ETHUSDT,1731945600000,0.00019762
ETHUSDT,1731974400000,0.00040458
ETHUSDT,1732003200000,0.00021234
ETHUSDT,1732032000000,0.00015353
ETHUSDT,1732060800000,0.00017369
ETHUSDT,1732089600000,0.00019505
ETHUSDT,1732118400000,0.00013619
ETHUSDT,1732147200000,0.0001
ETHUSDT,1732176000000,0.0001
ETHUSDT,1732204800000,0.00020146
ETHUSDT,1732233600000,0.0003418
ETHUSDT,1732262400000,0.00029201
ETHUSDT,1732291200000,0.00022123
ETHUSDT,1732320000000,0.00015103
ETHUSDT,1732348800000,0.00032558
ETHUSDT,1732377600000,0.00037006
ETHUSDT,1732406400000,0.00027011
ETHUSDT,1732435200000,0.00023721
ETHUSDT,1732464000000,0.00027264
ETHUSDT,1732492800000,0.00017259
ETHUSDT,1732521600000,0.00023935
ETHUSDT,1732550400000,0.00031797
ETHUSDT,1732579200000,0.0002448
ETHUSDT,1732608000000,0.0001227
ETHUSDT,1732636800000,0.0001819
ETHUSDT,1732665600000,0.00021068
ETHUSDT,1732694400000,0.00020895
ETHUSDT,1732723200000,0.00015706
ETHUSDT,1732752000000,0.00015948
ETHUSDT,1732780800000,0.0001647
ETHUSDT,1732809600000,0.0001
ETHUSDT,1732838400000,0.0001
ETHUSDT,1732867200000,0.00015354
ETHUSDT,1732896000000,0.0001
ETHUSDT,1732924800000,0.00017097
ETHUSDT,1732953600000,0.0002474
ETHUSDT,1732982400000,0.00012425
ETHUSDT,1733011200000,0.00011863
ETHUSDT,1733040000000,0.00013737
ETHUSDT,1733068800000,0.00015064
ETHUSDT,1733097600000,0.00036131
ETHUSDT,1733126400000,0.0002931
ETHUSDT,1733155200000,0.00028383
ETHUSDT,1733184000000,0.00026464
ETHUSDT,1733212800000,0.00034689
ETHUSDT,1733241600000,0.00014297
ETHUSDT,1733270400000,0.00018732
ETHUSDT,1733299200000,0.00015899
ETHUSDT,1733328000000,0.00019842
ETHUSDT,1733356800000,0.00023652
ETHUSDT,1733385600000,0.00049482
ETHUSDT,1733414400000,0.00031177
ETHUSDT,1733443200000,0.00014294
ETHUSDT,1733472000000,0.0002554
ETHUSDT,1733500800000,0.0002635
ETHUSDT,1733529600000,0.0003059
ETHUSDT,1733558400000,0.00024299
ETHUSDT,1733587200000,0.00023099
ETHUSDT,1733616000000,0.00020864
ETHUSDT,1733644800000,0.00023941
ETHUSDT,1733673600000,0.00018574
ETHUSDT,1733702400000,0.00020272
ETHUSDT,1733731200000,0.0001
ETHUSDT,1733760000000,0.00013421
ETHUSDT,1733788800000,0.0001
ETHUSDT,1733817600000,0.0001
ETHUSDT,1733846400000,0.0001
ETHUSDT,1733875200000,0.0001
ETHUSDT,1733904000000,0.0001
ETHUSDT,1733932800000,0.0001
ETHUSDT,1733961600000,0.0001
ETHUSDT,1733990400000,0.0001
ETHUSDT,1734019200000,0.0001
ETHUSDT,1734048000000,0.0001
ETHUSDT,1734076800000,0.0001
ETHUSDT,1734105600000,0.0001
ETHUSDT,1734134400000,0.0001
ETHUSDT,1734163200000,0.0001
ETHUSDT,1734192000000,0.0001
ETHUSDT,1734220800000,0.0001
ETHUSDT,1734249600000,0.0001
ETHUSDT,1734278400000,9.404e-05
ETHUSDT,1734307200000,8.662e-05
ETHUSDT,1734336000000,0.0001
ETHUSDT,1734364800000,0.0001
ETHUSDT,1734393600000,0.0001
ETHUSDT,1734422400000,0.0001
ETHUSDT,1734451200000,0.0001
ETHUSDT,1734480000000,8.046e-05
ETHUSDT,1734508800000,0.0001
ETHUSDT,1734537600000,0.0001
ETHUSDT,1734566400000,6.104e-05
ETHUSDT,1734595200000,7.438e-05
ETHUSDT,1734624000000,7.373e-05
ETHUSDT,1734652800000,0.0001
ETHUSDT,1734681600000,0.0001
ETHUSDT,1734710400000,0.0001
ETHUSDT,1734739200000,6.352e-05
ETHUSDT,1734768000000,0.0001
ETHUSDT,1734796800000,0.0001
ETHUSDT,1734825600000,0.0001
ETHUSDT,1734854400000,0.0001
ETHUSDT,1734883200000,5.37e-05
ETHUSDT,1734912000000,5.686e-05
ETHUSDT,1734940800000,5.398e-05
ETHUSDT,1734969600000,8.674e-05
ETHUSDT,1734998400000,0.0001
ETHUSDT,1735027200000,8.121e-05
ETHUSDT,1735056000000,2.757e-05
ETHUSDT,1735084800000,4.454e-05
ETHUSDT,1735113600000,6.55e-05
ETHUSDT,1735142400000,1.254e-05
ETHUSDT,1735171200000,0.0001
ETHUSDT,1735200000000,0.0001
ETHUSDT,1735228800000,6.305e-05
ETHUSDT,1735257600000,0.0001
ETHUSDT,1735286400000,8.428e-05
ETHUSDT,1735315200000,5.349e-05
ETHUSDT,1735344000000,0.0001
ETHUSDT,1735372800000,0.0001
ETHUSDT,1735401600000,9.336e-05
ETHUSDT,1735430400000,5.941e-05
ETHUSDT,1735459200000,5.146e-05
ETHUSDT,1735488000000,9.485e-05
ETHUSDT,1735516800000,0.0001
ETHUSDT,1735545600000,0.0001
ETHUSDT,1735574400000,0.0001
ETHUSDT,1735603200000,0.0001
ETHUSDT,1735632000000,8.514e-05
ETHUSDT,1735660800000,0.0001
ETHUSDT,1735689600000,0.0001
ETHUSDT,1735718400000,0.0001
ETHUSDT,1735747200000,0.0001
ETHUSDT,1735776000000,0.0001
ETHUSDT,1735804800000,0.0001
ETHUSDT,1735833600000,0.0001
ETHUSDT,1735862400000,0.0001
ETHUSDT,1735891200000,0.0001
ETHUSDT,1735920000000,0.0001
ETHUSDT,1735948800000,0.0001
ETHUSDT,1735977600000,0.0001
ETHUSDT,1736006400000,0.0001
ETHUSDT,1736035200000,0.0001
ETHUSDT,1736064000000,0.0001
ETHUSDT,1736092800000,0.0001
ETHUSDT,1736121600000,0.0001
ETHUSDT,1736150400000,0.0001
ETHUSDT,1736179200000,0.0001
ETHUSDT,1736208000000,0.0001
ETHUSDT,1736236800000,0.0001
ETHUSDT,1736265600000,0.0001
ETHUSDT,1736294400000,9.658e-05
ETHUSDT,1736323200000,0.0001
ETHUSDT,1736352000000,0.0001
ETHUSDT,1736380800000,6.609e-05
ETHUSDT,1736409600000,0.0001
ETHUSDT,1736438400000,0.0001
ETHUSDT,1736467200000,7.573e-05
ETHUSDT,1736496000000,6.162e-05
ETHUSDT,1736524800000,0.0001
ETHUSDT,1736553600000,6.574e-05
ETHUSDT,1736582400000,5.65e-05
ETHUSDT,1736611200000,0.0001
ETHUSDT,1736640000000,0.0001
ETHUSDT,1736668800000,0.0001
ETHUSDT,1736697600000,8.134e-05
ETHUSDT,1736726400000,0.0001
ETHUSDT,1736755200000,9.353e-05
ETHUSDT,1736784000000,3.392e-05
ETHUSDT,1736812800000,5.423e-05
ETHUSDT,1736841600000,7.452e-05
ETHUSDT,1736870400000,7.652e-05
ETHUSDT,1736899200000,4.503e-05
ETHUSDT,1736928000000,5.924e-05
ETHUSDT,1736956800000,5.443e-05
ETHUSDT,1736985600000,0.0001
ETHUSDT,1737014400000,8.311e-05
ETHUSDT,1737043200000,5.275e-05
ETHUSDT,1737072000000,0.0001
ETHUSDT,1737100800000,0.0001
ETHUSDT,1737129600000,0.0001
ETHUSDT,1737158400000,0.0001
ETHUSDT,1737187200000,0.0001
ETHUSDT,1737216000000,0.0001
ETHUSDT,1737244800000,0.0001
ETHUSDT,1737273600000,0.0001
ETHUSDT,1737302400000,0.0001
ETHUSDT,1737331200000,0.0001
ETHUSDT,1737360000000,0.0001
ETHUSDT,1737388800000,0.0001
ETHUSDT,1737417600000,0.0001
ETHUSDT,1737446400000,0.0001
ETHUSDT,1737475200000,0.0001
ETHUSDT,1737504000000,0.0001
ETHUSDT,1737532800000,0.0001
ETHUSDT,1737561600000,0.0001
ETHUSDT,1737590400000,0.0001
ETHUSDT,1737619200000,0.0001
ETHUSDT,1737648000000,0.0001
ETHUSDT,1737676800000,0.0001
ETHUSDT,1737705600000,0.0001
ETHUSDT,1737734400000,0.0001
ETHUSDT,1737763200000,6.904e-05
ETHUSDT,1737792000000,7.065e-05
ETHUSDT,1737820800000,8.41e-05
ETHUSDT,1737849600000,9.663e-05
ETHUSDT,1737878400000,9.725e-05
ETHUSDT,1737907200000,3.849e-05
ETHUSDT,1737936000000,-2.76e-06
ETHUSDT,1737964800000,3.922e-05
ETHUSDT,1737993600000,3.069e-05
ETHUSDT,1738022400000,0.0001
ETHUSDT,1738051200000,4.046e-05
ETHUSDT,1738080000000,5.904e-05
ETHUSDT,1738108800000,0.0001
ETHUSDT,1738137600000,6.567e-05
ETHUSDT,1738166400000,8.686e-05
ETHUSDT,1738195200000,2.287e-05
ETHUSDT,1738224000000,0.0001
ETHUSDT,1738252800000,7.055e-05
ETHUSDT,1738281600000,9.386e-05
ETHUSDT,1738310400000,7.998e-05
ETHUSDT,1738339200000,0.0001
ETHUSDT,1738368000000,8.432e-05
ETHUSDT,1738396800000,9.742e-05
ETHUSDT,1738425600000,3.573e-05
ETHUSDT,1738454400000,7.609e-05
ETHUSDT,1738483200000,0.0001
ETHUSDT,1738512000000,2.6e-05
ETHUSDT,1738540800000,3.237e-05
ETHUSDT,1738569600000,-0.00016657
ETHUSDT,1738598400000,-0.00025121
ETHUSDT,1738627200000,-0.00010653
ETHUSDT,1738656000000,1.07e-05
ETHUSDT,1738684800000,-8.177e-05
ETHUSDT,1738713600000,-8.329e-05
ETHUSDT,1738742400000,5.754e-05
ETHUSDT,1738771200000,-2.404e-05
ETHUSDT,1738800000000,4.939e-05
ETHUSDT,1738828800000,-5.35e-06
ETHUSDT,1738857600000,-7.747e-05
ETHUSDT,1738886400000,2.439e-05
ETHUSDT,1738915200000,2.905e-05
ETHUSDT,1738944000000,-1.197e-05
ETHUSDT,1738972800000,-1.894e-05
ETHUSDT,1739001600000,9.532e-05
ETHUSDT,1739030400000,6.93e-05
ETHUSDT,1739059200000,-3.64e-06
ETHUSDT,1739088000000,5.479e-05
ETHUSDT,1739116800000,5.02e-05
ETHUSDT,1739145600000,9.11e-06
ETHUSDT,1739174400000,7.074e-05
ETHUSDT,1739203200000,5.396e-05
ETHUSDT,1739232000000,-5.72e-06
ETHUSDT,1739260800000,4.26e-05
ETHUSDT,1739289600000,-1.236e-05
ETHUSDT,1739318400000,6.151e-05
ETHUSDT,1739347200000,3.35e-05
ETHUSDT,1739376000000,8.407e-05
ETHUSDT,1739404800000,9.54e-05
ETHUSDT,1739433600000,0.0001
ETHUSDT,1739462400000,1.027e-05
ETHUSDT,1739491200000,2.39e-06
ETHUSDT,1739520000000,8.242e-05
ETHUSDT,1739548800000,7.834e-05
ETHUSDT,1739577600000,4.385e-05
ETHUSDT,1739606400000,3.822e-05
ETHUSDT,1739635200000,8.44e-06
ETHUSDT,1739664000000,3.859e-05
ETHUSDT,1739692800000,5.945e-05
ETHUSDT,1739721600000,3.775e-05
ETHUSDT,1739750400000,3.649e-05
ETHUSDT,1739779200000,5.61e-05
ETHUSDT,1739808000000,0.0001
ETHUSDT,1739836800000,4.742e-05
ETHUSDT,1739865600000,-1.595e-05
ETHUSDT,1739894400000,5.441e-05
ETHUSDT,1739923200000,4.964e-05
ETHUSDT,1739952000000,7.273e-05
ETHUSDT,1739980800000,3.185e-05
ETHUSDT,1740009600000,-2.07e-06
ETHUSDT,1740038400000,5.629e-05
ETHUSDT,1740067200000,6.405e-05
ETHUSDT,1740096000000,3.574e-05
ETHUSDT,1740124800000,6.624e-05
ETHUSDT,1740153600000,4.228e-05
ETHUSDT,1740182400000,3.254e-05
ETHUSDT,1740211200000,-1.427e-05
ETHUSDT,1740240000000,3.41e-05
ETHUSDT,1740268800000,9.726e-05
ETHUSDT,1740297600000,3.796e-05
ETHUSDT,1740326400000,2.13e-06
ETHUSDT,1740355200000,7.127e-05
ETHUSDT,1740384000000,9.24e-06
ETHUSDT,1740412800000,3.082e-05
ETHUSDT,1740441600000,-3.589e-05
ETHUSDT,1740470400000,4.71e-06
ETHUSDT,1740499200000,2.913e-05
ETHUSDT,1740528000000,1.86e-05
ETHUSDT,1740556800000,6.103e-05
ETHUSDT,1740585600000,3.433e-05
ETHUSDT,1740614400000,8.515e-05
ETHUSDT,1740643200000,0.0001
ETHUSDT,1740672000000,5.027e-05
ETHUSDT,1740700800000,4.097e-05
ETHUSDT,1740729600000,1.219e-05
ETHUSDT,1740758400000,1.248e-05
ETHUSDT,1740787200000,4.855e-05
ETHUSDT,1740816000000,-1.061e-05
ETHUSDT,1740844800000,-9.31e-06
ETHUSDT,1740873600000,3.173e-05
ETHUSDT,1740902400000,6.221e-05
ETHUSDT,1740931200000,6.102e-05
ETHUSDT,1740960000000,-7.88e-06
ETHUSDT,1740988800000,3.061e-05
ETHUSDT,1741017600000,6.25e-06
ETHUSDT,1741046400000,-4.308e-05
ETHUSDT,1741075200000,-3.762e-05
ETHUSDT,1741104000000,2.04e-06
ETHUSDT,1741132800000,6.417e-05
ETHUSDT,1741161600000,7.146e-05
ETHUSDT,1741190400000,2.539e-05
ETHUSDT,1741219200000,-1.037e-05
ETHUSDT,1741248000000,1.125e-05
ETHUSDT,1741276800000,2.685e-05
ETHUSDT,1741305600000,-2.474e-05
ETHUSDT,1741334400000,2.874e-05
ETHUSDT,1741363200000,5.628e-05
ETHUSDT,1741392000000,3.124e-05
ETHUSDT,1741420800000,3.76e-05
ETHUSDT,1741449600000,6.837e-05
ETHUSDT,1741478400000,6.871e-05
ETHUSDT,1741507200000,3.637e-05
ETHUSDT,1741536000000,-1.3e-07
ETHUSDT,1741564800000,-4.249e-05
ETHUSDT,1741593600000,2.575e-05
ETHUSDT,1741622400000,3.433e-05
ETHUSDT,1741651200000,-4.045e-05
ETHUSDT,1741680000000,2.173e-05
ETHUSDT,1741708800000,7.553e-05
ETHUSDT,1741737600000,1.672e-05
ETHUSDT,1741766400000,1.107e-05
ETHUSDT,1741795200000,-3.413e-05
ETHUSDT,1741824000000,2.931e-05
ETHUSDT,1741852800000,-5e-08
ETHUSDT,1741881600000,4.218e-05
ETHUSDT,1741910400000,2.744e-05
ETHUSDT,1741939200000,7.681e-05
ETHUSDT,1741968000000,5.537e-05
ETHUSDT,1741996800000,2.924e-05
ETHUSDT,1742025600000,5.445e-05
ETHUSDT,1742054400000,1.25e-05
ETHUSDT,1742083200000,-3.041e-05
ETHUSDT,1742112000000,-2.357e-05
ETHUSDT,1742140800000,-2.967e-05
ETHUSDT,1742169600000,2.057e-05
ETHUSDT,1742198400000,5.669e-05
ETHUSDT,1742227200000,3.697e-05
ETHUSDT,1742256000000,5.319e-05
ETHUSDT,1742284800000,4.099e-05
ETHUSDT,1742313600000,1.465e-05
ETHUSDT,1742342400000,5.983e-05
ETHUSDT,1742371200000,8.986e-05
ETHUSDT,1742400000000,6.676e-05
ETHUSDT,1742428800000,-1.704e-05
ETHUSDT,1742457600000,1.553e-05
ETHUSDT,1742486400000,-8.57e-06
ETHUSDT,1742515200000,5.235e-05
ETHUSDT,1742544000000,6.749e-05
ETHUSDT,1742572800000,2.613e-05
ETHUSDT,1742601600000,-1.402e-05
ETHUSDT,1742630400000,-2.617e-05
ETHUSDT,1742659200000,2.587e-05
ETHUSDT,1742688000000,1.553e-05
ETHUSDT,1742716800000,6.053e-05
ETHUSDT,1742745600000,-3.36e-06
ETHUSDT,1742774400000,-1.29e-05
ETHUSDT,1742803200000,9.456e-05
ETHUSDT,1742832000000,3.069e-05
ETHUSDT,1742860800000,6.736e-05
ETHUSDT,1742889600000,1.456e-05
ETHUSDT,1742918400000,-4.75e-06
ETHUSDT,1742947200000,2.976e-05
ETHUSDT,1742976000000,1.074e-05
ETHUSDT,1743004800000,-2.235e-05
ETHUSDT,1743033600000,4.542e-05
ETHUSDT,1743062400000,7.427e-05
ETHUSDT,1743091200000,3.127e-05
ETHUSDT,1743120000000,6.551e-05
ETHUSDT,1743148800000,-2.896e-05
ETHUSDT,1743177600000,-1.109e-05
ETHUSDT,1743206400000,3.56e-06
ETHUSDT,1743235200000,4.498e-05
ETHUSDT,1743264000000,3.469e-05
ETHUSDT,1743292800000,-1.072e-05
ETHUSDT,1743321600000,-1.999e-05
ETHUSDT,1743350400000,1.191e-05
ETHUSDT,1743379200000,-3.26e-06
ETHUSDT,1743408000000,2.663e-05
ETHUSDT,1743436800000,2.009e-05
ETHUSDT,1743465600000,-6.52e-06
ETHUSDT,1743494400000,2.877e-05
ETHUSDT,1743523200000,3.314e-05
ETHUSDT,1743552000000,3.676e-05
ETHUSDT,1743580800000,-4.5e-07
ETHUSDT,1743609600000,4.262e-05
ETHUSDT,1743638400000,-6.39e-06
ETHUSDT,1743667200000,6.39e-05
ETHUSDT,1743696000000,-6.15e-06
ETHUSDT,1743724800000,6.701e-05
ETHUSDT,1743753600000,-2.093e-05
ETHUSDT,1743782400000,3.78e-05
ETHUSDT,1743811200000,2.181e-05
ETHUSDT,1743840000000,5.939e-05
ETHUSDT,1743868800000,-7.82e-06
ETHUSDT,1743897600000,2.389e-05
ETHUSDT,1743926400000,5.41e-05
ETHUSDT,1743955200000,-2.372e-05
ETHUSDT,1743984000000,-3.784e-05
ETHUSDT,1744012800000,-9.65e-06
ETHUSDT,1744041600000,-3.451e-05
ETHUSDT,1744070400000,-4.38e-06
ETHUSDT,1744099200000,1.155e-05
ETHUSDT,1744128000000,-1.429e-05
ETHUSDT,1744156800000,-4.82e-05
ETHUSDT,1744185600000,-6.596e-05
ETHUSDT,1744214400000,1.591e-05
ETHUSDT,1744243200000,0.0001
ETHUSDT,1744272000000,3.042e-05
ETHUSDT,1744300800000,-7.8e-07
ETHUSDT,1744329600000,-9.18e-06
ETHUSDT,1744358400000,-5.857e-05
ETHUSDT,1744387200000,-4.61e-06
ETHUSDT,1744416000000,2.511e-05
ETHUSDT,1744444800000,-6e-06
ETHUSDT,1744473600000,2.416e-05
ETHUSDT,1744502400000,7.676e-05
ETHUSDT,1744531200000,5.203e-05
ETHUSDT,1744560000000,5.299e-05
ETHUSDT,1744588800000,7.387e-05
ETHUSDT,1744617600000,5.913e-05
ETHUSDT,1744646400000,5.384e-05
ETHUSDT,1744675200000,2.56e-05
ETHUSDT,1744704000000,1.812e-05
ETHUSDT,1744732800000,3.35e-06
ETHUSDT,1744761600000,4.294e-05
ETHUSDT,1744790400000,-2.96e-05
ETHUSDT,1744819200000,-2.514e-05
ETHUSDT,1744848000000,4.479e-05
ETHUSDT,1744876800000,5.184e-05
ETHUSDT,1744905600000,-1.791e-05
ETHUSDT,1744934400000,-3.125e-05
ETHUSDT,1744963200000,2.747e-05
ETHUSDT,1744992000000,-1.492e-05
ETHUSDT,1745020800000,-2.388e-05
ETHUSDT,1745049600000,8.846e-05
ETHUSDT,1745078400000,7.189e-05
ETHUSDT,1745107200000,5.765e-05
ETHUSDT,1745136000000,7.724e-05
ETHUSDT,1745164800000,-5.358e-05
ETHUSDT,1745193600000,-1.24e-06
ETHUSDT,1745222400000,0.0001
ETHUSDT,1745251200000,8.017e-05
ETHUSDT,1745280000000,-3.6e-05
ETHUSDT,1745308800000,2.2e-07
ETHUSDT,1745337600000,8.105e-05
ETHUSDT,1745366400000,6.679e-05
ETHUSDT,1745395200000,9.616e-05
ETHUSDT,1745424000000,0.0001
ETHUSDT,1745452800000,0.0001
ETHUSDT,1745481600000,7.229e-05
ETHUSDT,1745510400000,6.2e-06
ETHUSDT,1745539200000,5.922e-05
ETHUSDT,1745568000000,7.829e-05
ETHUSDT,1745596800000,-9.65e-06
ETHUSDT,1745625600000,8.3e-06
ETHUSDT,1745654400000,-2.999e-05
ETHUSDT,1745683200000,7.28e-06
ETHUSDT,1745712000000,5.635e-05
ETHUSDT,1745740800000,-6.737e-05
ETHUSDT,1745769600000,-3.852e-05
ETHUSDT,1745798400000,1.32e-06
ETHUSDT,1745827200000,-4.703e-05
ETHUSDT,1745856000000,-8.681e-05
ETHUSDT,1745884800000,8.281e-05
ETHUSDT,1745913600000,5.79e-05
ETHUSDT,1745942400000,-1.396e-05
ETHUSDT,1745971200000,-7.371e-05
ETHUSDT,1746000000000,9.04e-06
ETHUSDT,1746028800000,-6.069e-05
ETHUSDT,1746057600000,5.43e-05
ETHUSDT,1746086400000,4.5e-05
ETHUSDT,1746115200000,7.23e-06
ETHUSDT,1746144000000,-5.91e-06
ETHUSDT,1746172800000,-5.797e-05
ETHUSDT,1746201600000,-5.88e-06
ETHUSDT,1746230400000,4.901e-05
ETHUSDT,1746259200000,1.565e-05
ETHUSDT,1746288000000,2.092e-05
ETHUSDT,1746316800000,6.708e-05
ETHUSDT,1746345600000,3.289e-05
ETHUSDT,1746374400000,-2.67e-05
ETHUSDT,1746403200000,1.81e-06
ETHUSDT,1746432000000,1.998e-05
ETHUSDT,1746460800000,1.194e-05
ETHUSDT,1746489600000,6.899e-05
ETHUSDT,1746518400000,-1.836e-05
ETHUSDT,1746547200000,-3.589e-05
ETHUSDT,1746576000000,3.273e-05
ETHUSDT,1746604800000,8.548e-05
ETHUSDT,1746633600000,-6.48e-06
ETHUSDT,1746662400000,4.564e-05
ETHUSDT,1746691200000,0.0001
ETHUSDT,1746720000000,8.717e-05
ETHUSDT,1746748800000,0.0001
ETHUSDT,1746777600000,0.0001
ETHUSDT,1746806400000,0.0001
ETHUSDT,1746835200000,0.0001
ETHUSDT,1746864000000,9.797e-05
ETHUSDT,1746892800000,9.016e-05
ETHUSDT,1746921600000,0.0001
ETHUSDT,1746950400000,7.363e-05
ETHUSDT,1746979200000,2.438e-05
ETHUSDT,1747008000000,7.088e-05
ETHUSDT,1747036800000,0.0001
ETHUSDT,1747065600000,5.717e-05
ETHUSDT,1747094400000,6.233e-05
ETHUSDT,1747123200000,0.0001
ETHUSDT,1747152000000,0.0001
ETHUSDT,1747180800000,0.0001
ETHUSDT,1747209600000,5.48e-05
ETHUSDT,1747238400000,4.737e-05
ETHUSDT,1747267200000,0.0001
ETHUSDT,1747296000000,0.0001
ETHUSDT,1747324800000,5.698e-05
ETHUSDT,1747353600000,6.801e-05
ETHUSDT,1747382400000,0.0001
ETHUSDT,1747411200000,7.202e-05
ETHUSDT,1747440000000,2.543e-05
ETHUSDT,1747468800000,-1.883e-05
ETHUSDT,1747497600000,2.339e-05
ETHUSDT,1747526400000,5.366e-05
ETHUSDT,1747555200000,4.909e-05
ETHUSDT,1747584000000,1.3e-06
ETHUSDT,1747612800000,-4.925e-05
ETHUSDT,1747641600000,6.531e-05
ETHUSDT,1747670400000,9.181e-05
ETHUSDT,1747699200000,8.013e-05
ETHUSDT,1747728000000,6.807e-05
ETHUSDT,1747756800000,1.174e-05
ETHUSDT,1747785600000,3.663e-05
ETHUSDT,1747814400000,9.338e-05
ETHUSDT,1747843200000,6.47e-06
ETHUSDT,1747872000000,1.141e-05
ETHUSDT,1747900800000,0.0001
ETHUSDT,1747929600000,0.0001
ETHUSDT,1747958400000,0.0001
ETHUSDT,1747987200000,0.0001
ETHUSDT,1748016000000,-7.26e-06
ETHUSDT,1748044800000,0.0001
ETHUSDT,1748073600000,4.033e-05
ETHUSDT,1748102400000,2.114e-05
ETHUSDT,1748131200000,6.041e-05
ETHUSDT,1748160000000,3.75e-05
ETHUSDT,1748188800000,8.487e-05
ETHUSDT,1748217600000,3.85e-06
ETHUSDT,1748246400000,8.047e-05
ETHUSDT,1748275200000,4.711e-05
ETHUSDT,1748304000000,4.026e-05
ETHUSDT,1748332800000,0.0001
ETHUSDT,1748361600000,0.0001
ETHUSDT,1748390400000,0.0001
ETHUSDT,1748419200000,0.0001
ETHUSDT,1748448000000,0.0001
ETHUSDT,1748476800000,0.0001
ETHUSDT,1748505600000,0.0001
ETHUSDT,1748534400000,8.321e-05
ETHUSDT,1748563200000,7.477e-05
ETHUSDT,1748592000000,0.0001
ETHUSDT,1748620800000,5.699e-05
ETHUSDT,1748649600000,3.389e-05
ETHUSDT,1748678400000,8.054e-05
ETHUSDT,1748707200000,2.739e-05
ETHUSDT,1748736000000,7.52e-05
ETHUSDT,1748764800000,3.946e-05
ETHUSDT,1748793600000,3.37e-05
ETHUSDT,1748822400000,1.586e-05
ETHUSDT,1748851200000,5.378e-05
ETHUSDT,1748880000000,8.588e-05
ETHUSDT,1748908800000,3.263e-05
ETHUSDT,1748937600000,6.067e-05
ETHUSDT,1748966400000,5.397e-05
ETHUSDT,1748995200000,4.39e-05
ETHUSDT,1749024000000,7.623e-05
ETHUSDT,1749052800000,7.897e-05
ETHUSDT,1749081600000,2.359e-05
ETHUSDT,1749110400000,8.508e-05
ETHUSDT,1749139200000,6.396e-05
ETHUSDT,1749168000000,-1.147e-05
ETHUSDT,1749196800000,2.643e-05
ETHUSDT,1749225600000,2.684e-05
ETHUSDT,1749254400000,8.699e-05
ETHUSDT,1749283200000,5.456e-05
ETHUSDT,1749312000000,6.753e-05
ETHUSDT,1749340800000,0.0001
ETHUSDT,1749369600000,9.522e-05
ETHUSDT,1749398400000,4.695e-05
ETHUSDT,1749427200000,2.206e-05
ETHUSDT,1749456000000,1.95e-05
ETHUSDT,1749484800000,8.643e-05
ETHUSDT,1749513600000,0.0001
ETHUSDT,1749542400000,0.0001
ETHUSDT,1749571200000,0.0001
ETHUSDT,1749600000000,0.0001
ETHUSDT,1749628800000,0.0001
ETHUSDT,1749657600000,0.0001
ETHUSDT,1749686400000,6.036e-05
ETHUSDT,1749715200000,0.0001
ETHUSDT,1749744000000,5.333e-05
ETHUSDT,1749772800000,-1.372e-05
ETHUSDT,1749801600000,-1.069e-05
ETHUSDT,1749830400000,2.083e-05
ETHUSDT,1749859200000,4.572e-05
ETHUSDT,1749888000000,1.962e-05
ETHUSDT,1749916800000,4.4e-06
ETHUSDT,1749945600000,1.767e-05
ETHUSDT,1749974400000,8.487e-05
ETHUSDT,1750003200000,7.131e-05
ETHUSDT,1750032000000,4.573e-05
ETHUSDT,1750060800000,9.06e-05
ETHUSDT,1750089600000,3.96e-05
ETHUSDT,1750118400000,-9.06e-06
ETHUSDT,1750147200000,0.0001
ETHUSDT,1750176000000,5.558e-05
ETHUSDT,1750204800000,5.83e-05
ETHUSDT,1750233600000,6.782e-05
ETHUSDT,1750262400000,2.338e-05
ETHUSDT,1750291200000,5.403e-05
ETHUSDT,1750320000000,4.793e-05
ETHUSDT,1750348800000,4.883e-05
ETHUSDT,1750377600000,8.145e-05
ETHUSDT,1750406400000,8.963e-05
ETHUSDT,1750435200000,2.59e-05
ETHUSDT,1750464000000,-4.99e-05
ETHUSDT,1750492800000,-1.379e-05
ETHUSDT,1750521600000,5.011e-05
ETHUSDT,1750550400000,-7.98e-06
ETHUSDT,1750579200000,-1.761e-05
ETHUSDT,1750608000000,4.714e-05
ETHUSDT,1750636800000,2.289e-05
ETHUSDT,1750665600000,-1.401e-05
ETHUSDT,1750694400000,1.3e-06
ETHUSDT,1750723200000,2.127e-05
ETHUSDT,1750752000000,1.201e-05
ETHUSDT,1750780800000,4.46e-06
ETHUSDT,1750809600000,-8.33e-06
ETHUSDT,1750838400000,-2.6e-07
ETHUSDT,1750867200000,1.198e-05
ETHUSDT,1750896000000,2.757e-05
ETHUSDT,1750924800000,8.057e-05
ETHUSDT,1750953600000,9.06e-06
ETHUSDT,1750982400000,3.79e-06
ETHUSDT,1751011200000,5.06e-06
ETHUSDT,1751040000000,5.546e-05
ETHUSDT,1751068800000,8.436e-05
ETHUSDT,1751097600000,6.58e-06
ETHUSDT,1751126400000,4.011e-05
ETHUSDT,1751155200000,6.176e-05
ETHUSDT,1751184000000,8.777e-05
ETHUSDT,1751212800000,4.2e-07
ETHUSDT,1751241600000,5.102e-05
ETHUSDT,1751270400000,9.119e-05
ETHUSDT,1751299200000,3.94e-06
ETHUSDT,1751328000000,8.191e-05
ETHUSDT,1751356800000,1.541e-05
ETHUSDT,1751385600000,-1.429e-05
ETHUSDT,1751414400000,1.952e-05
ETHUSDT,1751443200000,4.864e-05
ETHUSDT,1751472000000,5.236e-05
ETHUSDT,1751500800000,0.0001
ETHUSDT,1751529600000,9.82e-05
ETHUSDT,1751558400000,4.398e-05
ETHUSDT,1751587200000,1.353e-05
ETHUSDT,1751616000000,6.619e-05
ETHUSDT,1751644800000,2.691e-05
ETHUSDT,1751673600000,1.406e-05
ETHUSDT,1751702400000,3.958e-05
ETHUSDT,1751731200000,5.542e-05
ETHUSDT,1751760000000,3.909e-05
ETHUSDT,1751788800000,6.583e-05
ETHUSDT,1751817600000,8.149e-05
ETHUSDT,1751846400000,0.0001
ETHUSDT,1751875200000,0.0001
ETHUSDT,1751904000000,-3.011e-05
ETHUSDT,1751932800000,7.589e-05
ETHUSDT,1751961600000,2.787e-05
ETHUSDT,1751990400000,6.466e-05
ETHUSDT,1752019200000,4.903e-05
ETHUSDT,1752048000000,6.771e-05
ETHUSDT,1752076800000,6.268e-05
ETHUSDT,1752105600000,0.0001
ETHUSDT,1752134400000,2.808e-05
ETHUSDT,1752163200000,3.187e-05
ETHUSDT,1752192000000,0.0001
ETHUSDT,1752220800000,0.0001
ETHUSDT,1752249600000,0.0001
ETHUSDT,1752278400000,8.032e-05
ETHUSDT,1752307200000,7.671e-05
ETHUSDT,1752336000000,6.119e-05
ETHUSDT,1752364800000,4.151e-05
ETHUSDT,1752393600000,4.407e-05
ETHUSDT,1752422400000,7.205e-05
ETHUSDT,1752451200000,9.98e-06
ETHUSDT,1752480000000,0.0001
ETHUSDT,1752508800000,0.0001
ETHUSDT,1752537600000,6.134e-05
ETHUSDT,1752566400000,0.0001
ETHUSDT,1752595200000,0.0001
ETHUSDT,1752624000000,0.0001
ETHUSDT,1752652800000,0.0001
ETHUSDT,1752681600000,0.0001
ETHUSDT,1752710400000,0.0001
ETHUSDT,1752739200000,0.0001
ETHUSDT,1752768000000,0.0001
ETHUSDT,1752796800000,0.0001
ETHUSDT,1752825600000,0.0001
ETHUSDT,1752854400000,0.0001
ETHUSDT,1752883200000,0.0001
ETHUSDT,1752912000000,0.0001
ETHUSDT,1752940800000,0.0001
ETHUSDT,1752969600000,0.0001
ETHUSDT,1752998400000,0.0001
ETHUSDT,1753027200000,0.0001
ETHUSDT,1753056000000,0.0001
ETHUSDT,1753084800000,0.0001
ETHUSDT,1753113600000,0.0001
ETHUSDT,1753142400000,0.0001
ETHUSDT,1753171200000,0.0001
ETHUSDT,1753200000000,0.0001
ETHUSDT,1753228800000,0.0001
ETHUSDT,1753257600000,0.0001
ETHUSDT,1753286400000,0.0001
ETHUSDT,1753315200000,0.0001
ETHUSDT,1753344000000,0.0001
ETHUSDT,1753372800000,0.0001
ETHUSDT,1753401600000,0.0001
ETHUSDT,1753430400000,0.0001
ETHUSDT,1753459200000,0.0001
ETHUSDT,1753488000000,0.0001
ETHUSDT,1753516800000,0.0001
ETHUSDT,1753545600000,0.0001
ETHUSDT,1753574400000,9.322e-05
ETHUSDT,1753603200000,8.879e-05
ETHUSDT,1753632000000,0.0001
ETHUSDT,1753660800000,0.0001
ETHUSDT,1753689600000,0.0001
ETHUSDT,1753718400000,0.0001
ETHUSDT,1753747200000,4.494e-05
ETHUSDT,1753776000000,0.0001
ETHUSDT,1753804800000,0.0001
ETHUSDT,1753833600000,2.488e-05
ETHUSDT,1753862400000,5.083e-05
ETHUSDT,1753891200000,1.54e-05
ETHUSDT,1753920000000,5.162e-05
ETHUSDT,1753948800000,0.0001
ETHUSDT,1753977600000,-1.18e-05
ETHUSDT,1754006400000,-3.749e-05
ETHUSDT,1754035200000,1.113e-05
ETHUSDT,1754064000000,4.859e-05
ETHUSDT,1754092800000,5.795e-05
ETHUSDT,1754121600000,6.57e-06
ETHUSDT,1754150400000,7.965e-05
ETHUSDT,1754179200000,6.733e-05
ETHUSDT,1754208000000,5.752e-05
ETHUSDT,1754236800000,3.767e-05
ETHUSDT,1754265600000,1.719e-05
ETHUSDT,1754294400000,1.113e-05
ETHUSDT,1754323200000,3.611e-05
ETHUSDT,1754352000000,1.47e-06
ETHUSDT,1754380800000,3.116e-05
ETHUSDT,1754409600000,1.37e-05
ETHUSDT,1754438400000,2.413e-05
ETHUSDT,1754467200000,8.2e-05
ETHUSDT,1754496000000,6.246e-05
ETHUSDT,1754524800000,6.227e-05
ETHUSDT,1754553600000,4.285e-05
ETHUSDT,1754582400000,0.0001
ETHUSDT,1754611200000,4.26e-05
ETHUSDT,1754640000000,0.0001
ETHUSDT,1754668800000,0.0001
ETHUSDT,1754697600000,0.0001
ETHUSDT,1754726400000,0.0001
ETHUSDT,1754755200000,0.0001
ETHUSDT,1754784000000,9.916e-05
ETHUSDT,1754812800000,0.0001
ETHUSDT,1754841600000,0.0001
ETHUSDT,1754870400000,8.873e-05
ETHUSDT,1754899200000,9.354e-05
ETHUSDT,1754928000000,0.0001
ETHUSDT,1754956800000,3.659e-05
ETHUSDT,1754985600000,0.0001
ETHUSDT,1755014400000,0.0001
ETHUSDT,1755043200000,0.0001
ETHUSDT,1755072000000,0.0001
ETHUSDT,1755100800000,0.0001
ETHUSDT,1755129600000,0.0001
ETHUSDT,1755158400000,0.0001
ETHUSDT,1755187200000,0.0001
ETHUSDT,1755216000000,0.0001
ETHUSDT,1755244800000,9.765e-05
ETHUSDT,1755273600000,6.474e-05
ETHUSDT,1755302400000,5.967e-05
ETHUSDT,1755331200000,8.99e-05
ETHUSDT,1755360000000,1.968e-05
ETHUSDT,1755388800000,4.669e-05
ETHUSDT,1755417600000,-6.68e-06
ETHUSDT,1755446400000,5.334e-05
ETHUSDT,1755475200000,6.32e-06
ETHUSDT,1755504000000,9.191e-05
ETHUSDT,1755532800000,8.959e-05
ETHUSDT,1755561600000,0.0001
ETHUSDT,1755590400000,0.0001
ETHUSDT,1755619200000,0.0001
ETHUSDT,1755648000000,0.0001
ETHUSDT,1755676800000,3.18e-06
ETHUSDT,1755705600000,9.07e-05
ETHUSDT,1755734400000,6.232e-05
ETHUSDT,1755763200000,5.834e-05
ETHUSDT,1755792000000,2.689e-05
ETHUSDT,1755820800000,6.376e-05
ETHUSDT,1755849600000,6.67e-05
ETHUSDT,1755878400000,6.004e-05
ETHUSDT,1755907200000,0.0001
ETHUSDT,1755936000000,0.0001
ETHUSDT,1755964800000,0.0001
ETHUSDT,1755993600000,0.0001
ETHUSDT,1756022400000,0.0001
ETHUSDT,1756051200000,0.0001
ETHUSDT,1756080000000,4.932e-05
ETHUSDT,1756108800000,4.567e-05
ETHUSDT,1756137600000,1.732e-05
ETHUSDT,1756166400000,-7.39e-06
ETHUSDT,1756195200000,1.08e-05
ETHUSDT,1756224000000,1.029e-05
ETHUSDT,1756252800000,-8.19e-06
ETHUSDT,1756281600000,1.933e-05
ETHUSDT,1756310400000,4.152e-05
ETHUSDT,1756339200000,5.965e-05
ETHUSDT,1756368000000,2.643e-05
ETHUSDT,1756396800000,2.175e-05
ETHUSDT,1756425600000,1.728e-05
ETHUSDT,1756454400000,4.981e-05
ETHUSDT,1756483200000,1.496e-05
ETHUSDT,1756512000000,4.162e-05
ETHUSDT,1756540800000,-1.108e-05
ETHUSDT,1756569600000,4.057e-05
ETHUSDT,1756598400000,-1.39e-05
ETHUSDT,1756627200000,5.543e-05
ETHUSDT,1756656000000,-1.154e-05
ETHUSDT,1756684800000,-2.114e-05
ETHUSDT,1756713600000,-1.3e-05
ETHUSDT,1756742400000,1.22e-06
ETHUSDT,1756771200000,4.06e-06
ETHUSDT,1756800000000,5.513e-05
ETHUSDT,1756828800000,3.026e-05
ETHUSDT,1756857600000,1.812e-05
ETHUSDT,1756886400000,-1.11e-06
ETHUSDT,1756915200000,3.174e-05
ETHUSDT,1756944000000,2.311e-05
ETHUSDT,1756972800000,-2.012e-05
ETHUSDT,1757001600000,-2.527e-05
ETHUSDT,1757030400000,-5.54e-05
ETHUSDT,1757059200000,-3.456e-05
ETHUSDT,1757088000000,2.866e-05
ETHUSDT,1757116800000,-2.104e-05
ETHUSDT,1757145600000,3.956e-05
ETHUSDT,1757174400000,4.06e-05
ETHUSDT,1757203200000,5.946e-05
ETHUSDT,1757232000000,8.938e-05
ETHUSDT,1757260800000,3.335e-05
ETHUSDT,1757289600000,2.556e-05
ETHUSDT,1757318400000,2.063e-05
ETHUSDT,1757347200000,9.082e-05
ETHUSDT,1757376000000,4.706e-05
ETHUSDT,1757404800000,0.0001
ETHUSDT,1757433600000,6.645e-05
ETHUSDT,1757462400000,6.156e-05
ETHUSDT,1757491200000,8.82e-05
ETHUSDT,1757520000000,0.0001
ETHUSDT,1757548800000,1.341e-05
ETHUSDT,1757577600000,0.0001
ETHUSDT,1757606400000,8.501e-05
ETHUSDT,1757635200000,4.858e-05
ETHUSDT,1757664000000,0.0001
ETHUSDT,1757692800000,0.0001
ETHUSDT,1757721600000,0.0001
ETHUSDT,1757750400000,9.815e-05
ETHUSDT,1757779200000,0.0001
ETHUSDT,1757808000000,3.75e-06
ETHUSDT,1757836800000,8.307e-05
ETHUSDT,1757865600000,5.553e-05
ETHUSDT,1757894400000,7.366e-05
ETHUSDT,1757923200000,6.603e-05
ETHUSDT,1757952000000,3.563e-05
ETHUSDT,1757980800000,4.54e-05
ETHUSDT,1758009600000,4.526e-05
ETHUSDT,1758038400000,2.037e-05
ETHUSDT,1758067200000,2.419e-05
ETHUSDT,1758096000000,5.358e-05
ETHUSDT,1758124800000,4.406e-05
ETHUSDT,1758153600000,5.15e-05
ETHUSDT,1758182400000,4.292e-05
ETHUSDT,1758211200000,1.971e-05
ETHUSDT,1758240000000,5.745e-05
ETHUSDT,1758268800000,-9.04e-06
ETHUSDT,1758297600000,-4.324e-05
ETHUSDT,1758326400000,-4.366e-05
ETHUSDT,1758355200000,-5.97e-06
ETHUSDT,1758384000000,4.189e-05
ETHUSDT,1758412800000,-2.372e-05
ETHUSDT,1758441600000,4.828e-05
ETHUSDT,1758470400000,3.039e-05
ETHUSDT,1758499200000,-2.051e-05
ETHUSDT,1758528000000,-5.18e-06
ETHUSDT,1758556800000,5.08e-06
ETHUSDT,1758585600000,-1.93e-06
ETHUSDT,1758614400000,5.594e-05
ETHUSDT,1758643200000,-2.189e-05
ETHUSDT,1758672000000,9.73e-06
ETHUSDT,1758700800000,7.19e-06
ETHUSDT,1758729600000,-3.616e-05
ETHUSDT,1758758400000,-8.602e-05
ETHUSDT,1758787200000,-8.11e-05
ETHUSDT,1758816000000,0.0001
ETHUSDT,1758844800000,8.976e-05
ETHUSDT,1758873600000,3.202e-05
ETHUSDT,1758902400000,4.775e-05
ETHUSDT,1758931200000,-1.608e-05
ETHUSDT,1758960000000,4.387e-05
ETHUSDT,1758988800000,0.0001
ETHUSDT,1759017600000,7.975e-05
ETHUSDT,1759046400000,4.229e-05
ETHUSDT,1759075200000,8.2e-05
ETHUSDT,1759104000000,3.512e-05
ETHUSDT,1759132800000,3.842e-05
ETHUSDT,1759161600000,-3.49e-05
ETHUSDT,1759190400000,9.16e-06
ETHUSDT,1759219200000,-1.307e-05
ETHUSDT,1759248000000,4.72e-06
ETHUSDT,1759276800000,-1.572e-05
ETHUSDT,1759305600000,2.569e-05
ETHUSDT,1759334400000,-7.44e-06
ETHUSDT,1759363200000,1.487e-05
ETHUSDT,1759392000000,3.033e-05
ETHUSDT,1759420800000,3.733e-05
ETHUSDT,1759449600000,1.312e-05
ETHUSDT,1759478400000,7.933e-05
ETHUSDT,1759507200000,5.593e-05
ETHUSDT,1759536000000,5.57e-05
ETHUSDT,1759564800000,7.25e-06
ETHUSDT,1759593600000,4.8e-05
ETHUSDT,1759622400000,5.761e-05
ETHUSDT,1759651200000,0.0001
ETHUSDT,1759680000000,9.708e-05
ETHUSDT,1759708800000,7.894e-05
ETHUSDT,1759737600000,0.0001
ETHUSDT,1759766400000,0.0001
ETHUSDT,1759795200000,0.0001
ETHUSDT,1759824000000,0.0001
ETHUSDT,1759852800000,0.0001
ETHUSDT,1759881600000,1.254e-05
ETHUSDT,1759910400000,6.038e-05
ETHUSDT,1759939200000,1.261e-05
ETHUSDT,1759968000000,3.613e-05
ETHUSDT,1759996800000,-2.26e-06
ETHUSDT,1760025600000,5.752e-05
ETHUSDT,1760054400000,2.565e-05
ETHUSDT,1760083200000,2.511e-05
ETHUSDT,1760112000000,-5.147e-05
ETHUSDT,1760140800000,0.0001
ETHUSDT,1760169600000,-0.00013094
ETHUSDT,1760198400000,-1.73e-06
ETHUSDT,1760227200000,-6.965e-05
ETHUSDT,1760256000000,8.39e-06
ETHUSDT,1760284800000,-4.563e-05
ETHUSDT,1760313600000,-2.591e-05
ETHUSDT,1760342400000,5.255e-05
ETHUSDT,1760371200000,5.202e-05
ETHUSDT,1760400000000,5.602e-05
ETHUSDT,1760428800000,3.52e-06
ETHUSDT,1760457600000,2.693e-05
ETHUSDT,1760486400000,1.42e-05
ETHUSDT,1760515200000,4.258e-05
ETHUSDT,1760544000000,2.5e-05
ETHUSDT,1760572800000,-4.99e-06
ETHUSDT,1760601600000,7.65e-06
ETHUSDT,1760630400000,6.18e-06
ETHUSDT,1760659200000,3.354e-05
ETHUSDT,1760688000000,5.63e-05
ETHUSDT,1760716800000,2.963e-05
ETHUSDT,1760745600000,1.423e-05
ETHUSDT,1760774400000,1.51e-05
ETHUSDT,1760803200000,6.086e-05
ETHUSDT,1760832000000,6.239e-05
ETHUSDT,1760860800000,2.101e-05
ETHUSDT,1760889600000,3.514e-05
ETHUSDT,1760918400000,2.481e-05
ETHUSDT,1760947200000,5.413e-05
ETHUSDT,1760976000000,5.999e-05
ETHUSDT,1761004800000,3.53e-05
ETHUSDT,1761033600000,4.7e-07
ETHUSDT,1761062400000,7.724e-05
ETHUSDT,1761091200000,-2.491e-05
ETHUSDT,1761120000000,2.192e-05
ETHUSDT,1761148800000,2.392e-05
ETHUSDT,1761177600000,5.29e-06
ETHUSDT,1761206400000,4.173e-05
ETHUSDT,1761235200000,5.185e-05
ETHUSDT,1761264000000,8.88e-06
ETHUSDT,1761292800000,9.418e-05
ETHUSDT,1761321600000,3.074e-05
ETHUSDT,1761350400000,1.282e-05
ETHUSDT,1761379200000,1.546e-05
ETHUSDT,1761408000000,6.413e-05
ETHUSDT,1761436800000,0.0001
ETHUSDT,1761465600000,2.079e-05
ETHUSDT,1761494400000,0.0001
ETHUSDT,1761523200000,0.0001
ETHUSDT,1761552000000,0.0001
ETHUSDT,1761580800000,7.827e-05
ETHUSDT,1761609600000,3.936e-05
ETHUSDT,1761638400000,4.615e-05
ETHUSDT,1761667200000,1.796e-05
ETHUSDT,1761696000000,-5.159e-05
ETHUSDT,1761724800000,-1.008e-05
ETHUSDT,1761753600000,3.915e-05
ETHUSDT,1761782400000,-3.389e-05
ETHUSDT,1761811200000,-2.243e-05
ETHUSDT,1761840000000,-6.394e-05
ETHUSDT,1761868800000,3.219e-05
ETHUSDT,1761897600000,7.777e-05
ETHUSDT,1761926400000,-1.283e-05
ETHUSDT,1761955200000,6.032e-05
ETHUSDT,1761984000000,7.748e-05
ETHUSDT,1762012800000,0.0001
ETHUSDT,1762041600000,6.688e-05
ETHUSDT,1762070400000,9.258e-05
ETHUSDT,1762099200000,3.269e-05
ETHUSDT,1762128000000,8.937e-05
ETHUSDT,1762156800000,2.373e-05
ETHUSDT,1762185600000,5.24e-06
ETHUSDT,1762214400000,7.89e-05
ETHUSDT,1762243200000,8.984e-05
ETHUSDT,1762272000000,4.875e-05
ETHUSDT,1762300800000,1.174e-05
ETHUSDT,1762329600000,6.56e-06
ETHUSDT,1762358400000,4.337e-05
ETHUSDT,1762387200000,4.919e-05
ETHUSDT,1762416000000,4.986e-05
ETHUSDT,1762444800000,7.1e-07
ETHUSDT,1762473600000,7.583e-05
ETHUSDT,1762502400000,4.78e-05
ETHUSDT,1762531200000,8.277e-05
ETHUSDT,1762560000000,7.722e-05
ETHUSDT,1762588800000,8.414e-05
ETHUSDT,1762617600000,6.487e-05
ETHUSDT,1762646400000,1.158e-05
ETHUSDT,1762675200000,6.622e-05
ETHUSDT,1762704000000,4.71e-05
ETHUSDT,1762732800000,3.686e-05
ETHUSDT,1762761600000,9.099e-05
ETHUSDT,1762790400000,7.806e-05
ETHUSDT,1762819200000,2.962e-05
ETHUSDT,1762848000000,-2.557e-05
ETHUSDT,1762876800000,2.827e-05
ETHUSDT,1762905600000,3.618e-05
ETHUSDT,1762934400000,-3.94e-05
ETHUSDT,1762963200000,7.04e-05
ETHUSDT,1762992000000,6.967e-05
ETHUSDT,1763020800000,0.0001
ETHUSDT,1763049600000,2.321e-05
ETHUSDT,1763078400000,-3.82e-06
ETHUSDT,1763107200000,3.573e-05
ETHUSDT,1763136000000,7.962e-05
ETHUSDT,1763164800000,4.979e-05
ETHUSDT,1763193600000,4.397e-05
ETHUSDT,1763222400000,4.679e-05
ETHUSDT,1763251200000,0.0001
ETHUSDT,1763280000000,0.0001
ETHUSDT,1763308800000,7.779e-05
ETHUSDT,1763337600000,0.0001
ETHUSDT,1763366400000,0.0001
ETHUSDT,1763395200000,5.992e-05
ETHUSDT,1763424000000,9.056e-05
ETHUSDT,1763452800000,0.0001
ETHUSDT,1763481600000,5.928e-05
ETHUSDT,1763510400000,0.0001
ETHUSDT,1763539200000,6.727e-05
ETHUSDT,1763568000000,3.204e-05
ETHUSDT,1763596800000,7.097e-05
ETHUSDT,1763625600000,7.838e-05
ETHUSDT,1763654400000,6.788e-05
ETHUSDT,1763683200000,3.335e-05
ETHUSDT,1763712000000,1.947e-05
ETHUSDT,1763740800000,5.44e-05
ETHUSDT,1763769600000,1.859e-05
ETHUSDT,1763798400000,7.195e-05
ETHUSDT,1763827200000,4.657e-05
ETHUSDT,1763856000000,6.445e-05
ETHUSDT,1763884800000,-2.356e-05
ETHUSDT,1763913600000,-5.87e-06
ETHUSDT,1763942400000,-1e-07
ETHUSDT,1763971200000,7.615e-05
ETHUSDT,1764000000000,4.931e-05
ETHUSDT,1764028800000,4.02e-05
ETHUSDT,1764057600000,3.624e-05
ETHUSDT,1764086400000,5.56e-06
ETHUSDT,1764115200000,4.707e-05
ETHUSDT,1764144000000,-9.2e-06
ETHUSDT,1764172800000,1.886e-05
ETHUSDT,1764201600000,2.467e-05
ETHUSDT,1764230400000,1.646e-05
ETHUSDT,1764259200000,9.88e-06
ETHUSDT,1764288000000,-1.45e-06
ETHUSDT,1764316800000,2.638e-05
ETHUSDT,1764345600000,-9.03e-06
ETHUSDT,1764374400000,2.574e-05
ETHUSDT,1764403200000,5.1e-06
ETHUSDT,1764432000000,-1.52e-06
ETHUSDT,1764460800000,7.916e-05
ETHUSDT,1764489600000,4.019e-05
ETHUSDT,1764518400000,3.707e-05
ETHUSDT,1764547200000,5.374e-05
ETHUSDT,1764576000000,7.757e-05
ETHUSDT,1764604800000,-2.535e-05
ETHUSDT,1764633600000,6.949e-05
ETHUSDT,1764662400000,5.552e-05
ETHUSDT,1764691200000,4.147e-05
ETHUSDT,1764720000000,4.698e-05
ETHUSDT,1764748800000,1.107e-05
ETHUSDT,1764777600000,5.015e-05
ETHUSDT,1764806400000,6.305e-05
ETHUSDT,1764835200000,0.0001
ETHUSDT,1764864000000,9.628e-05
ETHUSDT,1764892800000,2.405e-05
ETHUSDT,1764921600000,9.771e-05
ETHUSDT,1764950400000,4.884e-05
ETHUSDT,1764979200000,4.481e-05
ETHUSDT,1765008000000,4.55e-06
ETHUSDT,1765036800000,3.188e-05
ETHUSDT,1765065600000,3.716e-05
ETHUSDT,1765094400000,-9.74e-06
ETHUSDT,1765123200000,1.448e-05
ETHUSDT,1765152000000,2.807e-05
ETHUSDT,1765180800000,7.24e-05
ETHUSDT,1765209600000,4.139e-05
ETHUSDT,1765238400000,5.283e-05
ETHUSDT,1765267200000,6.214e-05
ETHUSDT,1765296000000,3.873e-05
ETHUSDT,1765324800000,0.0001
ETHUSDT,1765353600000,7.429e-05
ETHUSDT,1765382400000,3.462e-05
ETHUSDT,1765411200000,6.92e-05
ETHUSDT,1765440000000,1.38e-06
ETHUSDT,1765468800000,2.616e-05
ETHUSDT,1765497600000,-2.48e-06
ETHUSDT,1765526400000,3.217e-05
ETHUSDT,1765555200000,-2.36e-06
ETHUSDT,1765584000000,1.07e-06
ETHUSDT,1765612800000,-1.354e-05
ETHUSDT,1765641600000,3.292e-05
ETHUSDT,1765670400000,8.266e-05
ETHUSDT,1765699200000,4.872e-05
ETHUSDT,1765728000000,8.259e-05
ETHUSDT,1765756800000,6.154e-05
ETHUSDT,1765785600000,3.415e-05
ETHUSDT,1765814400000,2.051e-05
ETHUSDT,1765843200000,-6.41e-06
ETHUSDT,1765872000000,2.281e-05
ETHUSDT,1765900800000,-1.87e-05
ETHUSDT,1765929600000,3.52e-06
ETHUSDT,1765958400000,3.718e-05
ETHUSDT,1765987200000,8.6e-07
ETHUSDT,1766016000000,-1.833e-05
ETHUSDT,1766044800000,-3.186e-05
ETHUSDT,1766073600000,5.89e-05
ETHUSDT,1766102400000,5.783e-05
ETHUSDT,1766131200000,7.285e-05
ETHUSDT,1766160000000,9.196e-05
ETHUSDT,1766188800000,1.997e-05
ETHUSDT,1766217600000,1.909e-05
ETHUSDT,1766246400000,9.03e-06
ETHUSDT,1766275200000,1.836e-05
ETHUSDT,1766304000000,4.198e-05
ETHUSDT,1766332800000,3.37e-06
ETHUSDT,1766361600000,-2.332e-05
ETHUSDT,1766390400000,5.76e-06
ETHUSDT,1766419200000,-5.69e-06
ETHUSDT,1766448000000,3.812e-05
ETHUSDT,1766476800000,6.79e-05
ETHUSDT,1766505600000,2.64e-05
ETHUSDT,1766534400000,2.584e-05
ETHUSDT,1766563200000,6.186e-05
ETHUSDT,1766592000000,5.629e-05
ETHUSDT,1766620800000,6.527e-05
ETHUSDT,1766649600000,6.688e-05
ETHUSDT,1766678400000,4.97e-05
ETHUSDT,1766707200000,5.028e-05
ETHUSDT,1766736000000,6.473e-05
ETHUSDT,1766764800000,3.451e-05
ETHUSDT,1766793600000,4.038e-05
ETHUSDT,1766822400000,-5.19e-06
ETHUSDT,1766851200000,8.133e-05
ETHUSDT,1766880000000,5.105e-05
ETHUSDT,1766908800000,7.91e-05
ETHUSDT,1766937600000,4.862e-05
ETHUSDT,1766966400000,9.172e-05
ETHUSDT,1766995200000,8.496e-05
ETHUSDT,1767024000000,1.862e-05
ETHUSDT,1767052800000,-1.536e-05
ETHUSDT,1767081600000,3.92e-05
ETHUSDT,1767110400000,0.0001
ETHUSDT,1767139200000,5.157e-05
ETHUSDT,1767168000000,1.205e-05
ETHUSDT,1767196800000,3.527e-05
ETHUSDT,1767225600000,0.0001
ETHUSDT,1767254400000,8.799e-05
ETHUSDT,1767283200000,-5.6e-06
ETHUSDT,1767312000000,5.053e-05
ETHUSDT,1767340800000,3.09e-05
ETHUSDT,1767369600000,0.0001
ETHUSDT,1767398400000,5.187e-05
ETHUSDT,1767427200000,3.421e-05
ETHUSDT,1767456000000,3.231e-05
ETHUSDT,1767484800000,7.598e-05
ETHUSDT,1767513600000,2.12e-06
ETHUSDT,1767542400000,7.231e-05
ETHUSDT,1767571200000,7.926e-05
ETHUSDT,1767600000000,9.66e-06
ETHUSDT,1767628800000,5.085e-05
ETHUSDT,1767657600000,8.035e-05
ETHUSDT,1767686400000,6.876e-05
ETHUSDT,1767715200000,4.25e-05
ETHUSDT,1767744000000,7.658e-05
ETHUSDT,1767772800000,7.268e-05
ETHUSDT,1767801600000,3.902e-05
ETHUSDT,1767830400000,7.044e-05
ETHUSDT,1767859200000,7.658e-05
ETHUSDT,1767888000000,4.9e-07
ETHUSDT,1767916800000,6.634e-05
ETHUSDT,1767945600000,3.789e-05
ETHUSDT,1767974400000,5.562e-05
ETHUSDT,1768003200000,8.959e-05
ETHUSDT,1768032000000,0.0001
ETHUSDT,1768060800000,5.277e-05
ETHUSDT,1768089600000,9.824e-05
ETHUSDT,1768118400000,6.573e-05
ETHUSDT,1768147200000,5.876e-05
ETHUSDT,1768176000000,0.0001
ETHUSDT,1768204800000,3.472e-05
ETHUSDT,1768233600000,6.663e-05
ETHUSDT,1768262400000,4.704e-05
ETHUSDT,1768291200000,9.164e-05
ETHUSDT,1768320000000,2.672e-05
ETHUSDT,1768348800000,0.0001
ETHUSDT,1768377600000,0.0001
ETHUSDT,1768406400000,8.331e-05
ETHUSDT,1768435200000,5.358e-05
ETHUSDT,1768464000000,6.58e-06
ETHUSDT,1768492800000,9.722e-05
ETHUSDT,1768521600000,3.284e-05
ETHUSDT,1768550400000,3.558e-05
ETHUSDT,1768579200000,2.767e-05
ETHUSDT,1768608000000,8.371e-05
ETHUSDT,1768636800000,8.079e-05
ETHUSDT,1768665600000,6.017e-05
ETHUSDT,1768694400000,3.761e-05
ETHUSDT,1768723200000,1.351e-05
ETHUSDT,1768752000000,2.477e-05
ETHUSDT,1768780800000,5.221e-05
ETHUSDT,1768809600000,-1.14e-05
ETHUSDT,1768838400000,1.428e-05
ETHUSDT,1768867200000,8.611e-05
ETHUSDT,1768896000000,6.101e-05
ETHUSDT,1768924800000,1.232e-05
ETHUSDT,1768953600000,5.52e-06
ETHUSDT,1768982400000,5.3e-06
ETHUSDT,1769011200000,1.113e-05
ETHUSDT,1769040000000,2.119e-05
ETHUSDT,1769068800000,7.681e-05
ETHUSDT,1769097600000,-2.933e-05
ETHUSDT,1769126400000,1.674e-05
ETHUSDT,1769155200000,2.868e-05
ETHUSDT,1769184000000,5.045e-05
ETHUSDT,1769212800000,3.675e-05
ETHUSDT,1769241600000,1.171e-05
ETHUSDT,1769270400000,1.292e-05
ETHUSDT,1769299200000,4.065e-05
ETHUSDT,1769328000000,6.759e-05
ETHUSDT,1769356800000,4.059e-05
ETHUSDT,1769385600000,-0.00013629
ETHUSDT,1769414400000,6.54e-05
ETHUSDT,1769443200000,1.326e-05
ETHUSDT,1769472000000,7.255e-05
ETHUSDT,1769500800000,8.694e-05
ETHUSDT,1769529600000,9.488e-05
ETHUSDT,1769558400000,8.698e-05
ETHUSDT,1769587200000,9.559e-05
ETHUSDT,1769616000000,4.501e-05
ETHUSDT,1769644800000,4.731e-05
ETHUSDT,1769673600000,4.078e-05
ETHUSDT,1769702400000,-1.167e-05
ETHUSDT,1769731200000,4.73e-06
ETHUSDT,1769760000000,-3.08e-06
ETHUSDT,1769788800000,-5.6e-07
ETHUSDT,1769817600000,-7.003e-05
ETHUSDT,1769846400000,1.854e-05
ETHUSDT,1769875200000,-8.908e-05
ETHUSDT,1769904000000,-0.00016427
ETHUSDT,1769932800000,1.415e-05
ETHUSDT,1769961600000,-7.308e-05
ETHUSDT,1769990400000,-0.00015302
ETHUSDT,1770019200000,-8.208e-05
ETHUSDT,1770048000000,-0.00010921
ETHUSDT,1770076800000,-0.00015482
ETHUSDT,1770105600000,1.01e-05
ETHUSDT,1770134400000,-3.903e-05
ETHUSDT,1770163200000,-2.474e-05
ETHUSDT,1770192000000,2.076e-05
ETHUSDT,1770220800000,-6.117e-05
ETHUSDT,1770249600000,5.503e-05
ETHUSDT,1770278400000,-5.04e-06
ETHUSDT,1770307200000,-7.797e-05
ETHUSDT,1770336000000,-0.00027709
ETHUSDT,1770364800000,-8.43e-05
ETHUSDT,1770393600000,1.852e-05
ETHUSDT,1770422400000,0.0001
ETHUSDT,1770451200000,-1.83e-06
ETHUSDT,1770480000000,1.636e-05
ETHUSDT,1770508800000,2.665e-05
ETHUSDT,1770537600000,-3.046e-05
ETHUSDT,1770566400000,-5.398e-05
ETHUSDT,1770595200000,-4.033e-05
ETHUSDT,1770624000000,-4.865e-05
ETHUSDT,1770652800000,-3.34e-06
ETHUSDT,1770681600000,4.269e-05
ETHUSDT,1770710400000,-0.0001521
ETHUSDT,1770739200000,-0.00019437
ETHUSDT,1770768000000,-8.436e-05
ETHUSDT,1770796800000,-0.00012968
ETHUSDT,1770825600000,-0.00012326
ETHUSDT,1770854400000,-2.549e-05
ETHUSDT,1770883200000,2.239e-05
ETHUSDT,1770912000000,-4.103e-05
ETHUSDT,1770940800000,-0.00010652
ETHUSDT,1770969600000,-2.874e-05
ETHUSDT,1770998400000,4.26e-05
ETHUSDT,1771027200000,-2.68e-06
ETHUSDT,1771056000000,1.442e-05
ETHUSDT,1771084800000,-1.921e-05
ETHUSDT,1771113600000,-6.367e-05
ETHUSDT,1771142400000,6.204e-05
ETHUSDT,1771171200000,-7.55e-05
ETHUSDT,1771200000000,-5.314e-05
ETHUSDT,1771228800000,-5.925e-05
ETHUSDT,1771257600000,-3.499e-05
ETHUSDT,1771286400000,5.298e-05
ETHUSDT,1771315200000,8.43e-06
ETHUSDT,1771344000000,-4.733e-05
ETHUSDT,1771372800000,1.121e-05
ETHUSDT,1771401600000,-3.783e-05
ETHUSDT,1771430400000,-8.66e-06
ETHUSDT,1771459200000,-0.00010561
ETHUSDT,1771488000000,-3.009e-05
ETHUSDT,1771516800000,-7.865e-05
ETHUSDT,1771545600000,-4.637e-05
ETHUSDT,1771574400000,-3.19e-05
ETHUSDT,1771603200000,-7.16e-05
ETHUSDT,1771632000000,3.05e-05
ETHUSDT,1771660800000,4.592e-05
ETHUSDT,1771689600000,6.628e-05
ETHUSDT,1771718400000,3.845e-05
ETHUSDT,1771747200000,1.584e-05
ETHUSDT,1771776000000,-4.379e-05
ETHUSDT,1771804800000,-3.343e-05
ETHUSDT,1771833600000,-0.00036526
ETHUSDT,1771862400000,1.654e-05
ETHUSDT,1771891200000,2.61e-05
ETHUSDT,1771920000000,-4.446e-05
ETHUSDT,1771948800000,-2.974e-05
ETHUSDT,1771977600000,-2.455e-05
ETHUSDT,1772006400000,4.558e-05
ETHUSDT,1772035200000,5.753e-05
ETHUSDT,1772064000000,7.787e-05
ETHUSDT,1772092800000,-2.591e-05
ETHUSDT,1772121600000,3.926e-05
ETHUSDT,1772150400000,1.39e-05
ETHUSDT,1772179200000,3.34e-06
ETHUSDT,1772208000000,-0.00011015
ETHUSDT,1772236800000,-8.821e-05
ETHUSDT,1772265600000,-9.456e-05
ETHUSDT,1772294400000,-7.186e-05
ETHUSDT,1772323200000,-3.406e-05
ETHUSDT,1772352000000,4.986e-05
ETHUSDT,1772380800000,5.291e-05
ETHUSDT,1772409600000,-7.621e-05
ETHUSDT,1772438400000,-4.31e-05
ETHUSDT,1772467200000,-6.736e-05
ETHUSDT,1772496000000,4.93e-05
ETHUSDT,1772524800000,-2.809e-05
ETHUSDT,1772553600000,-9.532e-05
ETHUSDT,1772582400000,-3.92e-06
ETHUSDT,1772611200000,-7.107e-05
ETHUSDT,1772640000000,6.615e-05
ETHUSDT,1772668800000,-1.331e-05
ETHUSDT,1772697600000,-8.37e-06
ETHUSDT,1772726400000,-1.463e-05
ETHUSDT,1772755200000,4.376e-05
ETHUSDT,1772784000000,-2.383e-05
ETHUSDT,1772812800000,-9.858e-05
ETHUSDT,1772841600000,-4.995e-05
ETHUSDT,1772870400000,-9.16e-06
ETHUSDT,1772899200000,-2.26e-05
ETHUSDT,1772928000000,-4.775e-05
ETHUSDT,1772956800000,-8.766e-05
ETHUSDT,1772985600000,-7.522e-05
ETHUSDT,1773014400000,-0.00022545
ETHUSDT,1773043200000,2.557e-05
ETHUSDT,1773072000000,5.482e-05
ETHUSDT,1773100800000,4.253e-05
ETHUSDT,1773129600000,5.082e-05
ETHUSDT,1773158400000,2.672e-05
ETHUSDT,1773187200000,-3.94e-06
ETHUSDT,1773216000000,-7.4e-07
ETHUSDT,1773244800000,2.992e-05
ETHUSDT,1773273600000,9.02e-06
ETHUSDT,1773302400000,-6.811e-05
ETHUSDT,1773331200000,-1.513e-05
ETHUSDT,1773360000000,2.264e-05
ETHUSDT,1773388800000,-6.3e-07
ETHUSDT,1773417600000,2.099e-05
ETHUSDT,1773446400000,2.679e-05
ETHUSDT,1773475200000,-2.367e-05
ETHUSDT,1773504000000,-4.1e-05
ETHUSDT,1773532800000,-4.662e-05
ETHUSDT,1773561600000,1.371e-05
ETHUSDT,1773590400000,3.459e-05
ETHUSDT,1773619200000,7.611e-05
ETHUSDT,1773648000000,0.0001
ETHUSDT,1773676800000,7.073e-05
ETHUSDT,1773705600000,5.155e-05
ETHUSDT,1773734400000,1.964e-05
ETHUSDT,1773763200000,-1.057e-05
ETHUSDT,1773792000000,1.504e-05
ETHUSDT,1773820800000,1.301e-05
ETHUSDT,1773849600000,-1.399e-05
ETHUSDT,1773878400000,-3.8e-06
ETHUSDT,1773907200000,-8.71e-06
ETHUSDT,1773936000000,6.6e-07
ETHUSDT,1773964800000,-6.348e-05
ETHUSDT,1773993600000,-5.947e-05
ETHUSDT,1774022400000,-7.2e-07
ETHUSDT,1774051200000,2.359e-05
ETHUSDT,1774080000000,1.136e-05
ETHUSDT,1774108800000,2.063e-05
ETHUSDT,1774137600000,-1.052e-05
ETHUSDT,1774166400000,1.14e-05
ETHUSDT,1774195200000,-7.418e-05
ETHUSDT,1774224000000,-5.929e-05
ETHUSDT,1774252800000,-3.16e-06
ETHUSDT,1774281600000,6.11e-05
ETHUSDT,1774310400000,2.88e-05
ETHUSDT,1774339200000,2.122e-05
ETHUSDT,1774368000000,-2.682e-05
ETHUSDT,1774396800000,3.54e-05
ETHUSDT,1774425600000,-4.168e-05
ETHUSDT,1774454400000,5.27e-06
ETHUSDT,1774483200000,4.453e-05
ETHUSDT,1774512000000,7.15e-06
ETHUSDT,1774540800000,-8.212e-05
ETHUSDT,1774569600000,-2.08e-06
ETHUSDT,1774598400000,-5.164e-05
ETHUSDT,1774627200000,-0.00018104
ETHUSDT,1774656000000,-4.999e-05
ETHUSDT,1774684800000,-8.079e-05
ETHUSDT,1774713600000,4.5e-07
ETHUSDT,1774742400000,-1.122e-05
ETHUSDT,1774771200000,-3.677e-05
ETHUSDT,1774800000000,-3.76e-05
ETHUSDT,1774828800000,-2.586e-05
ETHUSDT,1774857600000,1.177e-05
ETHUSDT,1774886400000,4.113e-05
ETHUSDT,1774915200000,2.57e-06
ETHUSDT,1774944000000,1.748e-05
ETHUSDT,1774972800000,-9.62e-06
ETHUSDT,1775001600000,-2.57e-06
ETHUSDT,1775030400000,4.782e-05
ETHUSDT,1775059200000,4.428e-05
ETHUSDT,1775088000000,-8.956e-05
ETHUSDT,1775116800000,-0.00013372
ETHUSDT,1775145600000,-7.283e-05
ETHUSDT,1775174400000,-2.988e-05
ETHUSDT,1775203200000,6.37e-06
ETHUSDT,1775232000000,-9.58e-06
ETHUSDT,1775260800000,-3e-07
ETHUSDT,1775289600000,4.915e-05
ETHUSDT,1775318400000,7.35e-06
ETHUSDT,1775347200000,2.442e-05
ETHUSDT,1775376000000,6.23e-06
ETHUSDT,1775404800000,-4.34e-05
ETHUSDT,1775433600000,2.356e-05
ETHUSDT,1775462400000,6.201e-05
ETHUSDT,1775491200000,2.033e-05
ETHUSDT,1775520000000,-3.933e-05
ETHUSDT,1775548800000,-2.975e-05
ETHUSDT,1775577600000,1.031e-05
ETHUSDT,1775606400000,0.0001
ETHUSDT,1775635200000,5.834e-05
ETHUSDT,1775664000000,6.711e-05
ETHUSDT,1775692800000,3.32e-05
ETHUSDT,1775721600000,-1.493e-05
ETHUSDT,1775750400000,1.917e-05
ETHUSDT,1775779200000,1.25e-05
ETHUSDT,1775808000000,2.83e-06
ETHUSDT,1775836800000,-4.48e-06
ETHUSDT,1775865600000,-6.627e-05
ETHUSDT,1775894400000,-7.635e-05
ETHUSDT,1775923200000,-3.26e-05
ETHUSDT,1775952000000,8.271e-05
ETHUSDT,1775980800000,-3.576e-05
ETHUSDT,1776009600000,-5.477e-05
ETHUSDT,1776038400000,-9.86e-06
ETHUSDT,1776067200000,3.028e-05
ETHUSDT,1776096000000,3.014e-05
ETHUSDT,1776124800000,0.0001
ETHUSDT,1776153600000,0.0001
ETHUSDT,1776182400000,3.49e-05
ETHUSDT,1776211200000,1.802e-05
ETHUSDT,1776240000000,1.648e-05
ETHUSDT,1776268800000,2.61e-06
ETHUSDT,1776297600000,-1.717e-05
ETHUSDT,1776326400000,-5.141e-05
ETHUSDT,1776355200000,-3.792e-05
ETHUSDT,1776384000000,8.61e-06
ETHUSDT,1776412800000,8.22e-06
ETHUSDT,1776441600000,1.819e-05
ETHUSDT,1776470400000,-2.327e-05
ETHUSDT,1776499200000,-1.075e-05
ETHUSDT,1776528000000,-0.00015064
ETHUSDT,1776556800000,-0.00010377
ETHUSDT,1776585600000,-0.00011438
ETHUSDT,1776614400000,-0.00022976
ETHUSDT,1776643200000,-9.27e-06
ETHUSDT,1776672000000,-1.408e-05
ETHUSDT,1776700800000,8.1e-06
ETHUSDT,1776729600000,-4.382e-05
ETHUSDT,1776758400000,-3.72e-05
ETHUSDT,1776787200000,-3.676e-05
ETHUSDT,1776816000000,-2.128e-05
ETHUSDT,1776844800000,0.0001
ETHUSDT,1776873600000,7.797e-05
ETHUSDT,1776902400000,0.0001
ETHUSDT,1776931200000,-1.984e-05
ETHUSDT,1776960000000,-6.025e-05
ETHUSDT,1776988800000,-3.645e-05
ETHUSDT,1777017600000,-6.98e-05
ETHUSDT,1777046400000,-0.00012145
ETHUSDT,1777075200000,-4.387e-05
ETHUSDT,1777104000000,-2.141e-05
ETHUSDT,1777132800000,-4.431e-05
ETHUSDT,1777161600000,-1.131e-05
ETHUSDT,1777190400000,-1.931e-05
ETHUSDT,1777219200000,-2.842e-05
ETHUSDT,1777248000000,-6.636e-05
ETHUSDT,1777276800000,-7.865e-05
ETHUSDT,1777305600000,-7.593e-05
ETHUSDT,1777334400000,-0.00016104
ETHUSDT,1777363200000,-0.00011678
ETHUSDT,1777392000000,2.5e-07
ETHUSDT,1777420800000,2.842e-05
ETHUSDT,1777449600000,4.666e-05
ETHUSDT,1777478400000,4.782e-05
ETHUSDT,1777507200000,-6.092e-05
ETHUSDT,1777536000000,-4.636e-05
ETHUSDT,1777564800000,-7.717e-05
ETHUSDT,1777593600000,-4e-05
ETHUSDT,1777622400000,-1.877e-05
ETHUSDT,1777651200000,-2.131e-05
ETHUSDT,1777680000000,-4.36e-06
ETHUSDT,1777708800000,-3.82e-05
ETHUSDT,1777737600000,-3.88e-06
ETHUSDT,1777766400000,3.52e-05
ETHUSDT,1777795200000,-1.628e-05
ETHUSDT,1777824000000,8.747e-05
ETHUSDT,1777852800000,4.305e-05
ETHUSDT,1777881600000,8.648e-05
ETHUSDT,1777910400000,-2.09e-06
ETHUSDT,1777939200000,-1.957e-05
ETHUSDT,1777968000000,-2.41e-05
ETHUSDT,1777996800000,-6.52e-05
ETHUSDT,1778025600000,-2.041e-05
ETHUSDT,1778054400000,-9.447e-05
ETHUSDT,1778083200000,-5.114e-05
ETHUSDT,1778112000000,-6.585e-05
ETHUSDT,1778140800000,-0.00011993
ETHUSDT,1778169600000,-4.319e-05
ETHUSDT,1778198400000,-9.68e-06
ETHUSDT,1778227200000,-2.849e-05
ETHUSDT,1778256000000,-3.358e-05
ETHUSDT,1778284800000,6.199e-05
ETHUSDT,1778313600000,4.314e-05
ETHUSDT,1778342400000,8.76e-05
ETHUSDT,1778371200000,0.0001
ETHUSDT,1778400000000,8.268e-05
ETHUSDT,1778428800000,6.714e-05
ETHUSDT,1778457600000,7.463e-05
ETHUSDT,1778486400000,1.995e-05
ETHUSDT,1778515200000,3.355e-05
ETHUSDT,1778544000000,3.946e-05
ETHUSDT,1778572800000,7.08e-06
ETHUSDT,1778601600000,3.956e-05
ETHUSDT,1778630400000,1.323e-05
ETHUSDT,1778659200000,5.046e-05
ETHUSDT,1778688000000,5.45e-06
ETHUSDT,1778716800000,5.942e-05
ETHUSDT,1778745600000,5.526e-05
ETHUSDT,1778774400000,3.946e-05
ETHUSDT,1778803200000,-6.93e-06
ETHUSDT,1778832000000,3.88e-06
ETHUSDT,1778860800000,1.397e-05
ETHUSDT,1778889600000,7.065e-05
ETHUSDT,1778918400000,4.496e-05
ETHUSDT,1778947200000,6.508e-05
ETHUSDT,1778976000000,7.161e-05
ETHUSDT,1779004800000,4.855e-05
ETHUSDT,1779033600000,5.341e-05
ETHUSDT,1779062400000,1.925e-05
ETHUSDT,1779091200000,6.52e-06
ETHUSDT,1779120000000,5.159e-05
ETHUSDT,1779148800000,0.0001
ETHUSDT,1779177600000,5.687e-05
ETHUSDT,1779206400000,3.588e-05
ETHUSDT,1779235200000,5.523e-05
ETHUSDT,1779264000000,3.051e-05
ETHUSDT,1779292800000,5.29e-05
ETHUSDT,1779321600000,5.867e-05
ETHUSDT,1779350400000,2.532e-05
ETHUSDT,1779379200000,3.837e-05
ETHUSDT,1779408000000,4.926e-05
ETHUSDT,1779436800000,3.093e-05
ETHUSDT,1779465600000,5.943e-05
ETHUSDT,1779494400000,5.72e-05
ETHUSDT,1779523200000,4.466e-05
ETHUSDT,1779552000000,6.36e-05
ETHUSDT,1779580800000,8.02e-05
ETHUSDT,1779609600000,8.039e-05
ETHUSDT,1779638400000,4.195e-05
ETHUSDT,1779667200000,5.359e-05
ETHUSDT,1779696000000,5.508e-05
ETHUSDT,1779724800000,3.249e-05
ETHUSDT,1779753600000,3.458e-05
ETHUSDT,1779782400000,3.793e-05
ETHUSDT,1779811200000,3.408e-05
ETHUSDT,1779840000000,7.351e-05
ETHUSDT,1779868800000,3.072e-05
ETHUSDT,1779897600000,6.097e-05
ETHUSDT,1779926400000,2.421e-05
ETHUSDT,1779955200000,2.543e-05
ETHUSDT,1779984000000,2.984e-05
ETHUSDT,1780012800000,8.553e-05
ETHUSDT,1780041600000,7.04e-05
ETHUSDT,1780070400000,6.595e-05
ETHUSDT,1780099200000,4.54e-05
ETHUSDT,1780128000000,6.842e-05
ETHUSDT,1780156800000,5.705e-05
ETHUSDT,1780185600000,9.397e-05
ETHUSDT,1780214400000,7.226e-05
ETHUSDT,1780243200000,1.691e-05
ETHUSDT,1780272000000,6.445e-05
ETHUSDT,1780300800000,5.339e-05
ETHUSDT,1780329600000,9.572e-05
ETHUSDT,1780358400000,0.0001
ETHUSDT,1780387200000,0.0001
ETHUSDT,1780416000000,5.699e-05
ETHUSDT,1780444800000,2.021e-05
ETHUSDT,1780473600000,9.862e-05
ETHUSDT,1780502400000,7.361e-05
ETHUSDT,1780531200000,7.651e-05
ETHUSDT,1780560000000,4.482e-05
ETHUSDT,1780588800000,3.946e-05
ETHUSDT,1780617600000,4.67e-05
ETHUSDT,1780646400000,-3.129e-05
ETHUSDT,1780675200000,-7.387e-05
ETHUSDT,1780704000000,-7.917e-05
ETHUSDT,1780732800000,-3.161e-05
ETHUSDT,1780761600000,-3.461e-05
ETHUSDT,1780790400000,-6.624e-05
ETHUSDT,1780819200000,-0.00010189
ETHUSDT,1780848000000,4.72e-06
ETHUSDT,1780876800000,-8.235e-05
ETHUSDT,1780905600000,-6.599e-05
ETHUSDT,1780934400000,-4.515e-05
ETHUSDT,1780963200000,-4.506e-05
ETHUSDT,1780992000000,3.6e-07
ETHUSDT,1781020800000,-5.182e-05
ETHUSDT,1781049600000,-4.089e-05
ETHUSDT,1781078400000,-4.578e-05
ETHUSDT,1781107200000,-3.121e-05
ETHUSDT,1781136000000,-3.684e-05
ETHUSDT,1781164800000,7.54e-06
ETHUSDT,1781193600000,-2.432e-05
ETHUSDT,1781222400000,-2.404e-05
ETHUSDT,1781251200000,-5.854e-05
ETHUSDT,1781280000000,-2.216e-05
ETHUSDT,1781308800000,-6.31e-06
ETHUSDT,1781337600000,3.562e-05
ETHUSDT,1781366400000,2.664e-05
ETHUSDT,1781395200000,-6.44e-06
ETHUSDT,1781424000000,-1.08e-05
ETHUSDT,1781452800000,-1.919e-05
ETHUSDT,1781481600000,2.92e-05
ETHUSDT,1781510400000,-7.45e-06
ETHUSDT,1781539200000,6.867e-05
ETHUSDT,1781568000000,2.969e-05
ETHUSDT,1781596800000,-2.07e-05
ETHUSDT,1781625600000,3.16e-05
ETHUSDT,1781654400000,3.038e-05
ETHUSDT,1781683200000,2.339e-05
ETHUSDT,1781712000000,-7.37e-06
ETHUSDT,1781740800000,4.63e-05
ETHUSDT,1781769600000,6.87e-06
ETHUSDT,1781798400000,-6.91e-06
ETHUSDT,1781827200000,6.551e-05
ETHUSDT,1781856000000,-2.067e-05
ETHUSDT,1781884800000,-2.7e-07
ETHUSDT,1781913600000,2.505e-05
ETHUSDT,1781942400000,3.17e-05
ETHUSDT,1781971200000,3.209e-05
ETHUSDT,1782000000000,2.892e-05
ETHUSDT,1782028800000,2.602e-05
ETHUSDT,1782057600000,7.57e-06
ETHUSDT,1782086400000,3.88e-05
ETHUSDT,1782115200000,1.941e-05
ETHUSDT,1782144000000,7.89e-06
ETHUSDT,1782172800000,2.37e-05
ETHUSDT,1782201600000,3.35e-06
ETHUSDT,1782230400000,-3.854e-05
ETHUSDT,1782259200000,4.579e-05
ETHUSDT,1782288000000,2.212e-05
ETHUSDT,1782316800000,4.3e-07
ETHUSDT,1782345600000,5.42e-06
ETHUSDT,1782374400000,4.282e-05
ETHUSDT,1782403200000,-8.135e-05
ETHUSDT,1782432000000,-1.665e-05
ETHUSDT,1782460800000,-1.968e-05
ETHUSDT,1782489600000,5.22e-06
ETHUSDT,1782518400000,1.807e-05
ETHUSDT,1782547200000,-5.97e-06
ETHUSDT,1782576000000,1.769e-05
ETHUSDT,1782604800000,-5.389e-05
ETHUSDT,1782633600000,-2.947e-05
ETHUSDT,1782662400000,1.924e-05
ETHUSDT,1782691200000,-1.85e-06
ETHUSDT,1782720000000,2.16e-06
ETHUSDT,1782748800000,2.144e-05
ETHUSDT,1782777600000,4.49e-05
ETHUSDT,1782806400000,4.566e-05
ETHUSDT,1782835200000,3.059e-05
ETHUSDT,1782864000000,6.151e-05
ETHUSDT,1782892800000,5.33e-05
ETHUSDT,1782921600000,2.077e-05
ETHUSDT,1782950400000,1.96e-05
ETHUSDT,1782979200000,5.02e-05
ETHUSDT,1783008000000,7.321e-05
ETHUSDT,1783036800000,7.837e-05
ETHUSDT,1783065600000,0.0001
ETHUSDT,1783094400000,5.241e-05
ETHUSDT,1783123200000,9.748e-05
ETHUSDT,1783152000000,7.642e-05
ETHUSDT,1783180800000,5.167e-05
ETHUSDT,1783209600000,7.818e-05
ETHUSDT,1783238400000,6.162e-05
ETHUSDT,1783267200000,4.748e-05
ETHUSDT,1783296000000,8.332e-05
ETHUSDT,1783324800000,4.679e-05
ETHUSDT,1783353600000,6.963e-05
ETHUSDT,1783382400000,7.62e-05
ETHUSDT,1783411200000,3.271e-05
ETHUSDT,1783440000000,4.088e-05
ETHUSDT,1783468800000,1.519e-05
ETHUSDT,1783497600000,2.984e-05
ETHUSDT,1783526400000,4.537e-05
ETHUSDT,1783555200000,7.189e-05
ETHUSDT,1783584000000,5.342e-05
ETHUSDT,1783612800000,2.748e-05
ETHUSDT,1783641600000,2.613e-05
ETHUSDT,1783670400000,3.355e-05
ETHUSDT,1783699200000,4.632e-05
ETHUSDT,1783728000000,5.051e-05
ETHUSDT,1783756800000,2.19e-05
ETHUSDT,1783785600000,6.296e-05
ETHUSDT,1783814400000,6.46e-06
ETHUSDT,1783843200000,9.96e-06
ETHUSDT,1783872000000,3.016e-05
ETHUSDT,1783900800000,2.248e-05
ETHUSDT,1783929600000,5.42e-06
ETHUSDT,1783958400000,1.969e-05
ETHUSDT,1783987200000,1.26e-06
ETHUSDT,1784016000000,3.639e-05
ETHUSDT,1784044800000,6.925e-05
ETHUSDT,1784073600000,3.834e-05
ETHUSDT,1784102400000,5.006e-05
ETHUSDT,1784131200000,8.736e-05
ETHUSDT,1784160000000,4.35e-05
ETHUSDT,1784188800000,6.079e-05
ETHUSDT,1784217600000,3.526e-05
ETHUSDT,1784246400000,6.892e-05
ETHUSDT,1784275200000,4.774e-05
ETHUSDT,1784304000000,2.442e-05
ETHUSDT,1784332800000,2.552e-05
ETHUSDT,1784361600000,3.939e-05
ETHUSDT,1784390400000,3.042e-05
ETHUSDT,1784419200000,-1.262e-05
ETHUSDT,1784448000000,4.255e-05
ETHUSDT,1784476800000,7.448e-05
ETHUSDT,1784505600000,2.897e-05
ETHUSDT,1784534400000,2.124e-05
ETHUSDT,1784563200000,2.476e-05
ETHUSDT,1784592000000,2.585e-05
ETHUSDT,1784620800000,4.126e-05
ETHUSDT,1784649600000,3.598e-05
ETHUSDT,1784678400000,1.055e-05
ETHUSDT,1784707200000,1.429e-05
ETHUSDT,1784736000000,6.454e-05
ETHUSDT,1784764800000,4.14e-06
ETHUSDT,1784793600000,-3.313e-05
ETHUSDT,1784822400000,-3.252e-05
ETHUSDT,1784851200000,-1.139e-05
ETHUSDT,1784880000000,1.776e-05
ETHUSDT,1784908800000,1.716e-05
ETHUSDT,1784937600000,5.412e-05
ETHUSDT,1784966400000,2.278e-05
ETHUSDT,1784995200000,3.434e-05
ETHUSDT,1785024000000,-1.884e-05
ETHUSDT,1785052800000,2.358e-05
ETHUSDT,1785081600000,1.943e-05
ETHUSDT,1785110400000,0.0001
ETHUSDT,1785139200000,8.16e-05
ETHUSDT,1785168000000,1.607e-05
ETHUSDT,1785196800000,1.456e-05
ETHUSDT,1785225600000,-3.657e-05
ETHUSDT,1785254400000,2.816e-05
ETHUSDT,1785283200000,5.737e-05
ETHUSDT,1785312000000,6.871e-05
ETHUSDT,1785340800000,2.143e-05
ETHUSDT,1785369600000,3.854e-05
ETHUSDT,1785398400000,4.661e-05
ETHUSDT,1785427200000,1.99e-05
ETHUSDT,1785456000000,5.729e-05
ETHUSDT,1785484800000,1.208e-05
ETHUSDT,1785513600000,-2.045e-05
ETHUSDT,1785542400000,6.744e-05
ETHUSDT,1785571200000,2.308e-05
ETHUSDT,1785600000000,5.777e-05
ETHUSDT,1785628800000,2.775e-05
ETHUSDT,1785657600000,5.607e-05
ETHUSDT,1785686400000,1.434e-05
ETHUSDT,1785715200000,0.0001
ETHUSDT,1785744000000,-8.69e-06
ETHUSDT,1785772800000,3.664e-05
ETHUSDT,1785801600000,5.396e-05
ETHUSDT,1785830400000,5.342e-05
ETHUSDT,1785859200000,7.309e-05
ETHUSDT,1785888000000,3.467e-05
ETHUSDT,1785916800000,6.13e-06
ETHUSDT,1785945600000,3.054e-05
ETHUSDT,1785974400000,3.94e-06
ETHUSDT,1786003200000,9.87e-06
ETHUSDT,1786032000000,9.87e-06
ETHUSDT,1786060800000,-5.62e-06
ETHUSDT,1786089600000,5.102e-05
ETHUSDT,1786118400000,3.625e-05
ETHUSDT,1786147200000,3.4e-07
ETHUSDT,1786176000000,2.738e-05
ETHUSDT,1786204800000,7.172e-05
ETHUSDT,1786233600000,3.196e-05
ETHUSDT,1786262400000,4.185e-05
ETHUSDT,1786291200000,7.977e-05
ETHUSDT,1786320000000,4.828e-05
ETHUSDT,1786348800000,3.426e-05
ETHUSDT,1786377600000,1.434e-05
ETHUSDT,1786406400000,1.104e-05
ETHUSDT,1786435200000,6.272e-05
ETHUSDT,1786464000000,5.425e-05
ETHUSDT,1786492800000,0.0001
ETHUSDT,1786521600000,7.29e-05
ETHUSDT,1786550400000,5.726e-05
ETHUSDT,1786579200000,5.218e-05
ETHUSDT,1786608000000,8.523e-05
ETHUSDT,1786636800000,5.923e-05
ETHUSDT,1786665600000,2.697e-05
ETHUSDT,1786694400000,-6.75e-06
ETHUSDT,1786723200000,6.86e-06
ETHUSDT,1786752000000,5.131e-05
ETHUSDT,1786780800000,4.368e-05
ETHUSDT,1786809600000,5.945e-05
ETHUSDT,1786838400000,-4.23e-06
ETHUSDT,1786867200000,1.949e-05
ETHUSDT,1786896000000,3.97e-05
ETHUSDT,1786924800000,2.723e-05
ETHUSDT,1786953600000,6.731e-05
ETHUSDT,1786982400000,6.471e-05
ETHUSDT,1787011200000,4.633e-05
ETHUSDT,1787040000000,2.206e-05
ETHUSDT,1787068800000,4.443e-05
ETHUSDT,1787097600000,3.595e-05
ETHUSDT,1787126400000,2.64e-05
ETHUSDT,1787155200000,0.0001
ETHUSDT,1787184000000,0.0001
ETHUSDT,1787212800000,0.0001
ETHUSDT,1787241600000,0.0001
ETHUSDT,1787270400000,9.031e-05
ETHUSDT,1787299200000,0.0001
ETHUSDT,1787328000000,0.0001
ETHUSDT,1787356800000,0.0001
ETHUSDT,1787385600000,0.0001
ETHUSDT,1787414400000,0.0001
ETHUSDT,1787443200000,0.0001
ETHUSDT,1787472000000,0.0001
ETHUSDT,1787500800000,0.0001
ETHUSDT,1787529600000,0.0001
ETHUSDT,1787558400000,0.0001
ETHUSDT,1787587200000,0.0001
ETHUSDT,1787616000000,9.302e-05
ETHUSDT,1787644800000,6.736e-05
ETHUSDT,1787673600000,7.398e-05
ETHUSDT,1787702400000,3.144e-05
ETHUSDT,1787731200000,0.0001
ETHUSDT,1787760000000,7.451e-05
ETHUSDT,1787788800000,0.0001
ETHUSDT,1787817600000,6.226e-05
ETHUSDT,1787846400000,1.082e-05
ETHUSDT,1787875200000,2.071e-05
ETHUSDT,1787904000000,-1.33e-06
ETHUSDT,1787932800000,5.622e-05
ETHUSDT,1787961600000,1.591e-05
ETHUSDT,1787990400000,2.808e-05
ETHUSDT,1788019200000,6.071e-05
ETHUSDT,1788048000000,3.166e-05
ETHUSDT,1788076800000,2.817e-05
ETHUSDT,1788105600000,4.116e-05
ETHUSDT,1788134400000,2.364e-05
ETHUSDT,1788163200000,3.522e-05
ETHUSDT,1788192000000,7.702e-05
ETHUSDT,1788220800000,5.716e-05
ETHUSDT,1788249600000,8.569e-05
ETHUSDT,1788278400000,1.1e-05
ETHUSDT,1788307200000,9.2e-07
ETHUSDT,1788336000000,5.096e-05
ETHUSDT,1788364800000,5.184e-05
ETHUSDT,1788393600000,8.972e-05
ETHUSDT,1788422400000,8.397e-05
ETHUSDT,1788451200000,8.789e-05
ETHUSDT,1788480000000,9.533e-05
ETHUSDT,1788508800000,6.004e-05
ETHUSDT,1788537600000,5.94e-06
ETHUSDT,1788566400000,2.001e-05
ETHUSDT,1788595200000,6.104e-05
ETHUSDT,1788624000000,1.86e-05
ETHUSDT,1788652800000,7.02e-05
ETHUSDT,1788681600000,7.14e-05
ETHUSDT,1788710400000,1.85e-05
ETHUSDT,1788739200000,6.753e-05
ETHUSDT,1788768000000,9.65e-06
ETHUSDT,1788796800000,2.859e-05
ETHUSDT,1788825600000,4.234e-05
ETHUSDT,1788854400000,-4.89e-06
ETHUSDT,1788883200000,5.222e-05
ETHUSDT,1788912000000,5.214e-05
ETHUSDT,1788940800000,8.538e-05
ETHUSDT,1788969600000,3.07e-05
ETHUSDT,1788998400000,-1.168e-05
ETHUSDT,1789027200000,5.093e-05
ETHUSDT,1789056000000,-0.0001081
ETHUSDT,1789084800000,6.31e-06
ETHUSDT,1789113600000,6.11e-05
ETHUSDT,1789142400000,4.999e-05
ETHUSDT,1789171200000,5.5e-07
ETHUSDT,1789200000000,6.37e-06
ETHUSDT,1789228800000,5.163e-05
ETHUSDT,1789257600000,4.541e-05
ETHUSDT,1789286400000,5.809e-05
ETHUSDT,1789315200000,-4.585e-05
ETHUSDT,1789344000000,5.268e-05
ETHUSDT,1789372800000,7.7e-05
TRXUSDT,1579075200000,0.0001
TRXUSDT,1579104000000,0.00313699
TRXUSDT,1579132800000,0.00093364
TRXUSDT,1579161600000,0.0001
TRXUSDT,1579190400000,0.0001
TRXUSDT,1579219200000,0.0001
TRXUSDT,1579248000000,0.0001
TRXUSDT,1579276800000,0.0001
TRXUSDT,1579305600000,0.00046945
TRXUSDT,1579334400000,0.0001
TRXUSDT,1579363200000,0.00046607
TRXUSDT,1579392000000,0.00077247
TRXUSDT,1579420800000,0.00021337
TRXUSDT,1579449600000,0.0001
TRXUSDT,1579478400000,0.0001
TRXUSDT,1579507200000,0.0001
TRXUSDT,1579536000000,0.0001
TRXUSDT,1579564800000,0.0001
TRXUSDT,1579593600000,0.0001
TRXUSDT,1579622400000,0.0001
TRXUSDT,1579651200000,0.0001
TRXUSDT,1579680000000,0.0001
TRXUSDT,1579708800000,0.0001
TRXUSDT,1579737600000,0.0001
TRXUSDT,1579766400000,0.0001
TRXUSDT,1579795200000,0.0001
TRXUSDT,1579824000000,0.0001
TRXUSDT,1579852800000,0.0001
TRXUSDT,1579881600000,0.0001
TRXUSDT,1579910400000,0.0001
TRXUSDT,1579939200000,0.0001
TRXUSDT,1579968000000,0.0001
TRXUSDT,1579996800000,0.0001
TRXUSDT,1580025600000,0.0001
TRXUSDT,1580054400000,0.0001
TRXUSDT,1580083200000,0.0001
TRXUSDT,1580112000000,0.0001
TRXUSDT,1580140800000,0.0001
TRXUSDT,1580169600000,0.0001
TRXUSDT,1580198400000,0.0001
TRXUSDT,1580227200000,0.0001
TRXUSDT,1580256000000,0.0001
TRXUSDT,1580284800000,0.0001
TRXUSDT,1580313600000,0.0001
TRXUSDT,1580342400000,0.0001
TRXUSDT,1580371200000,0.0001
TRXUSDT,1580400000000,0.0001
TRXUSDT,1580428800000,0.0001
TRXUSDT,1580457600000,0.0001
TRXUSDT,1580486400000,0.0001
TRXUSDT,1580515200000,0.00019956
TRXUSDT,1580544000000,0.00013914
TRXUSDT,1580572800000,0.00011643
TRXUSDT,1580601600000,0.0007147
TRXUSDT,1580630400000,0.00100833
TRXUSDT,1580659200000,0.00124351
TRXUSDT,1580688000000,0.0002378
TRXUSDT,1580716800000,0.0001
TRXUSDT,1580745600000,0.00051842
TRXUSDT,1580774400000,0.0001
TRXUSDT,1580803200000,0.00023887
TRXUSDT,1580832000000,0.00064624
TRXUSDT,1580860800000,0.0001767
TRXUSDT,1580889600000,0.00050543
TRXUSDT,1580918400000,0.00151995
TRXUSDT,1580947200000,0.00063163
TRXUSDT,1580976000000,0.00043383
TRXUSDT,1581004800000,0.00068275
TRXUSDT,1581033600000,0.00076495
TRXUSDT,1581062400000,0.00125067
TRXUSDT,1581091200000,0.0002888
TRXUSDT,1581120000000,0.00033397
TRXUSDT,1581148800000,0.00032191
TRXUSDT,1581177600000,0.00116301
TRXUSDT,1581206400000,0.0011258
TRXUSDT,1581235200000,0.00133755
TRXUSDT,1581264000000,0.00125801
TRXUSDT,1581292800000,0.00148579
TRXUSDT,1581321600000,0.00125974
TRXUSDT,1581350400000,0.00054978
TRXUSDT,1581379200000,0.00024375
TRXUSDT,1581408000000,0.000602
TRXUSDT,1581436800000,0.00060274
TRXUSDT,1581465600000,0.00185782
TRXUSDT,1581494400000,0.00342654
TRXUSDT,1581523200000,0.00183306
TRXUSDT,1581552000000,0.00142871
TRXUSDT,1581580800000,0.00187535
TRXUSDT,1581609600000,0.00074497
TRXUSDT,1581638400000,0.00045364
TRXUSDT,1581667200000,0.00036224
TRXUSDT,1581696000000,0.0003888
TRXUSDT,1581724800000,0.00052674
TRXUSDT,1581753600000,0.00053469
TRXUSDT,1581782400000,0.00039078
TRXUSDT,1581811200000,0.0001
TRXUSDT,1581840000000,0.0001
TRXUSDT,1581868800000,0.0001
TRXUSDT,1581897600000,0.0001
TRXUSDT,1581926400000,0.0001
TRXUSDT,1581955200000,0.0001
TRXUSDT,1581984000000,0.0001
TRXUSDT,1582012800000,0.0001
TRXUSDT,1582041600000,0.00013488
TRXUSDT,1582070400000,0.0001
TRXUSDT,1582099200000,0.00023872
TRXUSDT,1582128000000,0.00064886
TRXUSDT,1582156800000,0.0001
TRXUSDT,1582185600000,0.0001
TRXUSDT,1582214400000,0.0001
TRXUSDT,1582243200000,0.0001
TRXUSDT,1582272000000,0.0001
TRXUSDT,1582300800000,0.0001
TRXUSDT,1582329600000,0.0001
TRXUSDT,1582358400000,0.0001
TRXUSDT,1582387200000,0.0001
TRXUSDT,1582416000000,0.0001
TRXUSDT,1582444800000,0.00013647
TRXUSDT,1582473600000,0.00030716
TRXUSDT,1582502400000,0.00053349
TRXUSDT,1582531200000,0.00035498
TRXUSDT,1582560000000,0.00045846
TRXUSDT,1582588800000,0.0001
TRXUSDT,1582617600000,0.0001
TRXUSDT,1582646400000,0.0001
TRXUSDT,1582675200000,0.0001
TRXUSDT,1582704000000,0.0001
TRXUSDT,1582732800000,0.0001
TRXUSDT,1582761600000,0.0001
TRXUSDT,1582790400000,0.0001
TRXUSDT,1582819200000,0.0001
TRXUSDT,1582848000000,0.0001
TRXUSDT,1582876800000,0.0001
TRXUSDT,1582905600000,0.0001
TRXUSDT,1582934400000,0.00018953
TRXUSDT,1582963200000,0.0001
TRXUSDT,1582992000000,0.0001
TRXUSDT,1583020800000,0.00040267
TRXUSDT,1583049600000,0.0001
TRXUSDT,1583078400000,0.0001
TRXUSDT,1583107200000,0.0001
TRXUSDT,1583136000000,0.0001
TRXUSDT,1583164800000,0.0001
TRXUSDT,1583193600000,0.0001
TRXUSDT,1583222400000,0.0001
TRXUSDT,1583251200000,0.0001
TRXUSDT,1583280000000,0.0001
TRXUSDT,1583308800000,0.0001
TRXUSDT,1583337600000,0.0001
TRXUSDT,1583366400000,0.0001
TRXUSDT,1583395200000,0.0001
TRXUSDT,1583424000000,0.0001
TRXUSDT,1583452800000,0.0001
TRXUSDT,1583481600000,0.0001
TRXUSDT,1583510400000,0.0001
TRXUSDT,1583539200000,0.0001
TRXUSDT,1583568000000,0.0001
TRXUSDT,1583596800000,0.0001775
TRXUSDT,1583625600000,0.0001
TRXUSDT,1583654400000,0.0001
TRXUSDT,1583683200000,0.0001
TRXUSDT,1583712000000,0.0001
TRXUSDT,1583740800000,0.0001
TRXUSDT,1583769600000,0.0001
TRXUSDT,1583798400000,0.0001
TRXUSDT,1583827200000,0.0001
TRXUSDT,1583856000000,0.0001
TRXUSDT,1583884800000,0.0001
TRXUSDT,1583913600000,0.0001
TRXUSDT,1583942400000,0.0001
TRXUSDT,1583971200000,0.0001
TRXUSDT,1584000000000,0.0001
TRXUSDT,1584028800000,-0.00102229
TRXUSDT,1584057600000,-0.00037792
TRXUSDT,1584086400000,-0.00257234
TRXUSDT,1584115200000,-0.00116014
TRXUSDT,1584144000000,-0.00048808
TRXUSDT,1584172800000,-1.942e-05
TRXUSDT,1584201600000,0.0001
TRXUSDT,1584230400000,0.0001
TRXUSDT,1584259200000,0.0001
TRXUSDT,1584288000000,-0.00098358
TRXUSDT,1584316800000,-6.71e-06
TRXUSDT,1584345600000,0.0001
TRXUSDT,1584374400000,4.3e-07
TRXUSDT,1584403200000,9.979e-05
TRXUSDT,1584432000000,0.0001
TRXUSDT,1584460800000,0.0001
TRXUSDT,1584489600000,0.0001
TRXUSDT,1584518400000,6.775e-05
TRXUSDT,1584547200000,0.0001
TRXUSDT,1584576000000,0.0001
TRXUSDT,1584604800000,0.0001
TRXUSDT,1584633600000,0.0001
TRXUSDT,1584662400000,0.0001
TRXUSDT,1584691200000,0.0001
TRXUSDT,1584720000000,0.0001
TRXUSDT,1584748800000,0.0001
TRXUSDT,1584777600000,-0.00010411
TRXUSDT,1584806400000,0.0001
TRXUSDT,1584835200000,0.0001
TRXUSDT,1584864000000,0.0001
TRXUSDT,1584892800000,0.0001
TRXUSDT,1584921600000,0.0001
TRXUSDT,1584950400000,0.0001
TRXUSDT,1584979200000,0.0001
TRXUSDT,1585008000000,0.0001
TRXUSDT,1585036800000,0.0001
TRXUSDT,1585065600000,0.0001
TRXUSDT,1585094400000,0.0001
TRXUSDT,1585123200000,0.0001
TRXUSDT,1585152000000,0.0001
TRXUSDT,1585180800000,6.87e-06
TRXUSDT,1585209600000,0.0001
TRXUSDT,1585238400000,-7.444e-05
TRXUSDT,1585267200000,0.0001
TRXUSDT,1585296000000,0.0001
TRXUSDT,1585324800000,0.0001
TRXUSDT,1585353600000,0.0001
TRXUSDT,1585382400000,0.0001
TRXUSDT,1585411200000,0.0001
TRXUSDT,1585440000000,0.0001
TRXUSDT,1585468800000,-0.00028366
TRXUSDT,1585497600000,0.0001
TRXUSDT,1585526400000,0.0001
TRXUSDT,1585555200000,0.0001
TRXUSDT,1585584000000,0.0001
TRXUSDT,1585612800000,-0.00063509
TRXUSDT,1585641600000,5.448e-05
TRXUSDT,1585670400000,0.0001
TRXUSDT,1585699200000,0.0001
TRXUSDT,1585728000000,0.0001
TRXUSDT,1585756800000,1.789e-05
TRXUSDT,1585785600000,0.0001
TRXUSDT,1585814400000,0.0001
TRXUSDT,1585843200000,0.0001
TRXUSDT,1585872000000,0.0001
TRXUSDT,1585900800000,0.0001
TRXUSDT,1585929600000,0.0001
TRXUSDT,1585958400000,0.0001
TRXUSDT,1585987200000,0.0001
TRXUSDT,1586016000000,0.0001
TRXUSDT,1586044800000,0.0001
TRXUSDT,1586073600000,0.0001
TRXUSDT,1586102400000,0.0001
TRXUSDT,1586131200000,0.0001
TRXUSDT,1586160000000,0.0001
TRXUSDT,1586188800000,0.0001
TRXUSDT,1586217600000,0.00038655
TRXUSDT,1586246400000,0.00015861
TRXUSDT,1586275200000,0.0001
TRXUSDT,1586304000000,0.0001
TRXUSDT,1586332800000,0.0001
TRXUSDT,1586361600000,0.0001
TRXUSDT,1586390400000,0.0001
TRXUSDT,1586419200000,0.0001
TRXUSDT,1586448000000,0.0001
TRXUSDT,1586476800000,0.0001
TRXUSDT,1586505600000,0.0001
TRXUSDT,1586534400000,-0.00018736
TRXUSDT,1586563200000,0.0001
TRXUSDT,1586592000000,0.0001
TRXUSDT,1586620800000,0.0001
TRXUSDT,1586649600000,6.828e-05
TRXUSDT,1586678400000,-0.00024721
TRXUSDT,1586707200000,0.0001
TRXUSDT,1586736000000,0.0001
TRXUSDT,1586764800000,0.0001
TRXUSDT,1586793600000,-1.033e-05
TRXUSDT,1586822400000,0.0001
TRXUSDT,1586851200000,0.0001
TRXUSDT,1586880000000,0.0001
TRXUSDT,1586908800000,0.0001
TRXUSDT,1586937600000,-0.00012819
TRXUSDT,1586966400000,6.309e-05
TRXUSDT,1586995200000,0.0001
TRXUSDT,1587024000000,0.0001
TRXUSDT,1587052800000,0.0001
TRXUSDT,1587081600000,0.0001
TRXUSDT,1587110400000,1.427e-05
TRXUSDT,1587139200000,0.0001
TRXUSDT,1587168000000,0.0001
TRXUSDT,1587196800000,0.0001
TRXUSDT,1587225600000,0.0001
TRXUSDT,1587254400000,0.0001
TRXUSDT,1587283200000,0.0001
TRXUSDT,1587312000000,0.0001
TRXUSDT,1587340800000,0.0001
TRXUSDT,1587369600000,0.0001
TRXUSDT,1587398400000,0.0001
TRXUSDT,1587427200000,0.0001
TRXUSDT,1587456000000,0.0001
TRXUSDT,1587484800000,0.0001
TRXUSDT,1587513600000,0.0001
TRXUSDT,1587542400000,0.0001
TRXUSDT,1587571200000,0.0001
TRXUSDT,1587600000000,0.0001
TRXUSDT,1587628800000,0.0001
TRXUSDT,1587657600000,0.0001
TRXUSDT,1587686400000,0.0001
TRXUSDT,1587715200000,0.0001
TRXUSDT,1587744000000,0.0001
TRXUSDT,1587772800000,0.0001
TRXUSDT,1587801600000,0.0001
TRXUSDT,1587830400000,0.0001
TRXUSDT,1587859200000,0.0001
TRXUSDT,1587888000000,0.0001
TRXUSDT,1587916800000,0.0001
TRXUSDT,1587945600000,0.0001
TRXUSDT,1587974400000,0.0001
TRXUSDT,1588003200000,0.0001
TRXUSDT,1588032000000,0.0001
TRXUSDT,1588060800000,0.0001
TRXUSDT,1588089600000,0.0001
TRXUSDT,1588118400000,0.0001
TRXUSDT,1588147200000,0.0001
TRXUSDT,1588176000000,0.0001
TRXUSDT,1588204800000,0.00010533
TRXUSDT,1588233600000,0.0001
TRXUSDT,1588262400000,0.0001
TRXUSDT,1588291200000,0.0001
TRXUSDT,1588320000000,0.0001
TRXUSDT,1588348800000,0.0001
TRXUSDT,1588377600000,0.0001
TRXUSDT,1588406400000,0.0001
TRXUSDT,1588435200000,0.0001
TRXUSDT,1588464000000,0.0001
TRXUSDT,1588492800000,0.0001
TRXUSDT,1588521600000,0.0001
TRXUSDT,1588550400000,0.0001
TRXUSDT,1588579200000,0.0001
TRXUSDT,1588608000000,0.0001
TRXUSDT,1588636800000,0.0001
TRXUSDT,1588665600000,-2.017e-05
TRXUSDT,1588694400000,-0.00157418
TRXUSDT,1588723200000,0.0001
TRXUSDT,1588752000000,0.0001
TRXUSDT,1588780800000,0.0001
TRXUSDT,1588809600000,0.00052411
TRXUSDT,1588838400000,0.0001
TRXUSDT,1588867200000,0.00033658
TRXUSDT,1588896000000,0.0001
TRXUSDT,1588924800000,0.0001
TRXUSDT,1588953600000,0.00035706
TRXUSDT,1588982400000,0.00059186
TRXUSDT,1589011200000,0.0008299
TRXUSDT,1589040000000,0.00011607
TRXUSDT,1589068800000,0.00026553
TRXUSDT,1589097600000,0.0001
TRXUSDT,1589126400000,0.0001
TRXUSDT,1589155200000,0.0001
TRXUSDT,1589184000000,0.0001
TRXUSDT,1589212800000,0.0001
TRXUSDT,1589241600000,0.0001
TRXUSDT,1589270400000,0.0001
TRXUSDT,1589299200000,0.0001
TRXUSDT,1589328000000,0.0001
TRXUSDT,1589356800000,0.0001
TRXUSDT,1589385600000,0.0001
TRXUSDT,1589414400000,0.0001
TRXUSDT,1589443200000,0.0001
TRXUSDT,1589472000000,0.0001
TRXUSDT,1589500800000,0.0001
TRXUSDT,1589529600000,0.0001
TRXUSDT,1589558400000,0.0001
TRXUSDT,1589587200000,0.0001
TRXUSDT,1589616000000,0.0001
TRXUSDT,1589644800000,0.0001
TRXUSDT,1589673600000,0.0001
TRXUSDT,1589702400000,0.0001
TRXUSDT,1589731200000,0.0001
TRXUSDT,1589760000000,0.0001
TRXUSDT,1589788800000,0.0001
TRXUSDT,1589817600000,0.0001
TRXUSDT,1589846400000,0.0001
TRXUSDT,1589875200000,0.0001
TRXUSDT,1589904000000,0.0001
TRXUSDT,1589932800000,0.0001
TRXUSDT,1589961600000,0.0001
TRXUSDT,1589990400000,0.0001
TRXUSDT,1590019200000,0.0001
TRXUSDT,1590048000000,0.0001
TRXUSDT,1590076800000,0.0001
TRXUSDT,1590105600000,0.0001
TRXUSDT,1590134400000,0.0001
TRXUSDT,1590163200000,0.0001
TRXUSDT,1590192000000,0.0001
TRXUSDT,1590220800000,0.00032178
TRXUSDT,1590249600000,0.0001
TRXUSDT,1590278400000,0.0001
TRXUSDT,1590307200000,0.0001
TRXUSDT,1590336000000,0.0001
TRXUSDT,1590364800000,0.0001
TRXUSDT,1590393600000,0.0001
TRXUSDT,1590422400000,0.0001
TRXUSDT,1590451200000,0.0001
TRXUSDT,1590480000000,0.0001
TRXUSDT,1590508800000,0.0001
TRXUSDT,1590537600000,0.0001
TRXUSDT,1590566400000,0.0001
TRXUSDT,1590595200000,0.0001
TRXUSDT,1590624000000,0.0001
TRXUSDT,1590652800000,0.0001
TRXUSDT,1590681600000,0.0001
TRXUSDT,1590710400000,0.0001
TRXUSDT,1590739200000,0.0001
TRXUSDT,1590768000000,0.0001
TRXUSDT,1590796800000,0.0001
TRXUSDT,1590825600000,0.0001
TRXUSDT,1590854400000,0.0001
TRXUSDT,1590883200000,0.0001
TRXUSDT,1590912000000,0.00015182
TRXUSDT,1590940800000,0.0001
TRXUSDT,1590969600000,0.0001
TRXUSDT,1590998400000,0.0001
TRXUSDT,1591027200000,0.0001
TRXUSDT,1591056000000,0.00017794
TRXUSDT,1591084800000,0.00097748
TRXUSDT,1591113600000,0.00044343
TRXUSDT,1591142400000,0.0001
TRXUSDT,1591171200000,0.0001
TRXUSDT,1591200000000,0.0001
TRXUSDT,1591228800000,0.0001
TRXUSDT,1591257600000,0.00040423
TRXUSDT,1591286400000,0.0001
TRXUSDT,1591315200000,0.0001
TRXUSDT,1591344000000,0.0001
TRXUSDT,1591372800000,0.0001
TRXUSDT,1591401600000,0.0001
TRXUSDT,1591430400000,0.0001
TRXUSDT,1591459200000,0.0001
TRXUSDT,1591488000000,0.0001
TRXUSDT,1591516800000,0.0001
TRXUSDT,1591545600000,0.0001
TRXUSDT,1591574400000,0.0001
TRXUSDT,1591603200000,0.0001
TRXUSDT,1591632000000,0.0001
TRXUSDT,1591660800000,0.00059794
TRXUSDT,1591689600000,0.00087701
TRXUSDT,1591718400000,0.00071036
TRXUSDT,1591747200000,0.00039938
TRXUSDT,1591776000000,0.00049518
TRXUSDT,1591804800000,0.000542
TRXUSDT,1591833600000,0.00037292
TRXUSDT,1591862400000,0.0001
TRXUSDT,1591891200000,0.0001
TRXUSDT,1591920000000,0.0001
TRXUSDT,1591948800000,0.0001
TRXUSDT,1591977600000,0.0001
TRXUSDT,1592006400000,0.0001
TRXUSDT,1592035200000,0.00029701
TRXUSDT,1592064000000,0.0001
TRXUSDT,1592092800000,0.0001
TRXUSDT,1592121600000,0.0001
TRXUSDT,1592150400000,0.0001
TRXUSDT,1592179200000,0.0001
TRXUSDT,1592208000000,0.0001
TRXUSDT,1592236800000,0.0001
TRXUSDT,1592265600000,0.0001
TRXUSDT,1592294400000,0.0001
TRXUSDT,1592323200000,0.0001
TRXUSDT,1592352000000,0.0001
TRXUSDT,1592380800000,0.0001
TRXUSDT,1592409600000,0.0001
TRXUSDT,1592438400000,0.0001
TRXUSDT,1592467200000,0.0001
TRXUSDT,1592496000000,0.0001
TRXUSDT,1592524800000,0.0001
TRXUSDT,1592553600000,0.0001
TRXUSDT,1592582400000,0.0001
TRXUSDT,1592611200000,0.0001
TRXUSDT,1592640000000,0.0001
TRXUSDT,1592668800000,0.0001
TRXUSDT,1592697600000,0.0001
TRXUSDT,1592726400000,0.0001
TRXUSDT,1592755200000,0.0001
TRXUSDT,1592784000000,0.0001
TRXUSDT,1592812800000,0.0001
TRXUSDT,1592841600000,0.0001
TRXUSDT,1592870400000,0.0001
TRXUSDT,1592899200000,0.0001
TRXUSDT,1592928000000,0.00035076
TRXUSDT,1592956800000,0.0001
TRXUSDT,1592985600000,0.0001
TRXUSDT,1593014400000,0.0001634
TRXUSDT,1593043200000,0.0001
TRXUSDT,1593072000000,0.0001
TRXUSDT,1593100800000,0.0001
TRXUSDT,1593129600000,0.0001
TRXUSDT,1593158400000,0.0001
TRXUSDT,1593187200000,0.0001
TRXUSDT,1593216000000,0.0001
TRXUSDT,1593244800000,0.0001
TRXUSDT,1593273600000,0.0001
TRXUSDT,1593302400000,0.0001
TRXUSDT,1593331200000,0.0001
TRXUSDT,1593360000000,0.0001
TRXUSDT,1593388800000,0.0001
TRXUSDT,1593417600000,0.0001
TRXUSDT,1593446400000,0.0001
TRXUSDT,1593475200000,0.0001
TRXUSDT,1593504000000,0.0001
TRXUSDT,1593532800000,0.0001
TRXUSDT,1593561600000,0.0001
TRXUSDT,1593590400000,0.0001
TRXUSDT,1593619200000,0.0001
TRXUSDT,1593648000000,0.0001
TRXUSDT,1593676800000,0.0001
TRXUSDT,1593705600000,0.0001
TRXUSDT,1593734400000,0.0001
TRXUSDT,1593763200000,0.0001
TRXUSDT,1593792000000,0.0001
TRXUSDT,1593820800000,0.0001
TRXUSDT,1593849600000,0.0001
TRXUSDT,1593878400000,0.0001
TRXUSDT,1593907200000,0.0001
TRXUSDT,1593936000000,0.0001
TRXUSDT,1593964800000,0.0001
TRXUSDT,1593993600000,0.0001
TRXUSDT,1594022400000,0.0001
TRXUSDT,1594051200000,0.0001
TRXUSDT,1594080000000,0.0001
TRXUSDT,1594108800000,0.0001
TRXUSDT,1594137600000,0.0001
TRXUSDT,1594166400000,0.0001
TRXUSDT,1594195200000,0.0001
TRXUSDT,1594224000000,0.0001
TRXUSDT,1594252800000,0.0001
TRXUSDT,1594281600000,0.00020352
TRXUSDT,1594310400000,0.00016772
TRXUSDT,1594339200000,0.0001
TRXUSDT,1594368000000,0.0001
TRXUSDT,1594396800000,0.0001
TRXUSDT,1594425600000,0.0001
TRXUSDT,1594454400000,0.0001
TRXUSDT,1594483200000,0.00033356
TRXUSDT,1594512000000,0.0001
TRXUSDT,1594540800000,0.0001
TRXUSDT,1594569600000,0.0001
TRXUSDT,1594598400000,0.0001
TRXUSDT,1594627200000,0.00026094
TRXUSDT,1594656000000,0.00038806
TRXUSDT,1594684800000,0.0001
TRXUSDT,1594713600000,0.0001
TRXUSDT,1594742400000,0.0001
TRXUSDT,1594771200000,0.00045552
TRXUSDT,1594800000000,0.00041198
TRXUSDT,1594828800000,0.00028515
TRXUSDT,1594857600000,0.0002074
TRXUSDT,1594886400000,0.00039245
TRXUSDT,1594915200000,0.0001
TRXUSDT,1594944000000,0.00032509
TRXUSDT,1594972800000,0.0001
TRXUSDT,1595001600000,0.0001
TRXUSDT,1595030400000,0.0001
TRXUSDT,1595059200000,0.0001
TRXUSDT,1595088000000,0.00015374
TRXUSDT,1595116800000,0.00064634
TRXUSDT,1595145600000,0.00038469
TRXUSDT,1595174400000,0.00029911
TRXUSDT,1595203200000,0.00040631
TRXUSDT,1595232000000,0.00032388
TRXUSDT,1595260800000,0.00014838
TRXUSDT,1595289600000,0.0001
TRXUSDT,1595318400000,0.00013902
TRXUSDT,1595347200000,0.0001
TRXUSDT,1595376000000,0.0001
TRXUSDT,1595404800000,0.00015971
TRXUSDT,1595433600000,0.0001
TRXUSDT,1595462400000,0.00035808
TRXUSDT,1595491200000,0.00040643
TRXUSDT,1595520000000,0.00031938
TRXUSDT,1595548800000,0.0001
TRXUSDT,1595577600000,0.0001
TRXUSDT,1595606400000,0.0001
TRXUSDT,1595635200000,0.00034101
TRXUSDT,1595664000000,0.0006257
TRXUSDT,1595692800000,0.00049775
TRXUSDT,1595721600000,0.00067717
TRXUSDT,1595750400000,0.00158956
TRXUSDT,1595779200000,0.00028001
TRXUSDT,1595808000000,0.00069378
TRXUSDT,1595836800000,0.00037642
TRXUSDT,1595865600000,0.00019871
TRXUSDT,1595894400000,0.0009638
TRXUSDT,1595923200000,0.00088567
TRXUSDT,1595952000000,0.0004188
TRXUSDT,1595980800000,0.0002297
TRXUSDT,1596009600000,0.00074384
TRXUSDT,1596038400000,0.00057913
TRXUSDT,1596067200000,0.00063027
TRXUSDT,1596096000000,0.00053149
TRXUSDT,1596124800000,0.00054249
TRXUSDT,1596153600000,0.00051875
TRXUSDT,1596182400000,0.00107563
TRXUSDT,1596211200000,0.00076927
TRXUSDT,1596240000000,0.00073368
TRXUSDT,1596268800000,0.00102793
TRXUSDT,1596297600000,0.00027222
TRXUSDT,1596326400000,0.00198429
TRXUSDT,1596355200000,0.00039711
TRXUSDT,1596384000000,0.00037795
TRXUSDT,1596412800000,0.0001
TRXUSDT,1596441600000,0.00022863
TRXUSDT,1596470400000,0.0001
TRXUSDT,1596499200000,0.00025862
TRXUSDT,1596528000000,0.00059236
TRXUSDT,1596556800000,0.00065093
TRXUSDT,1596585600000,0.00078038
TRXUSDT,1596614400000,0.00078094
TRXUSDT,1596643200000,0.00021897
TRXUSDT,1596672000000,0.00066912
TRXUSDT,1596700800000,0.00065872
TRXUSDT,1596729600000,0.00057184
TRXUSDT,1596758400000,0.00041851
TRXUSDT,1596787200000,0.00074807
TRXUSDT,1596816000000,0.00063949
TRXUSDT,1596844800000,0.0001
TRXUSDT,1596873600000,0.0001
TRXUSDT,1596902400000,0.0001
TRXUSDT,1596931200000,0.00071121
TRXUSDT,1596960000000,0.00037365
TRXUSDT,1596988800000,0.00038176
TRXUSDT,1597017600000,0.0004203
TRXUSDT,1597046400000,0.00083515
TRXUSDT,1597075200000,0.00122536
TRXUSDT,1597104000000,0.00063023
TRXUSDT,1597132800000,0.00043932
TRXUSDT,1597161600000,0.00011876
TRXUSDT,1597190400000,0.0001
TRXUSDT,1597219200000,0.0001
TRXUSDT,1597248000000,0.0001
TRXUSDT,1597276800000,0.00068648
TRXUSDT,1597305600000,0.00042024
TRXUSDT,1597334400000,0.00078925
TRXUSDT,1597363200000,0.0011278
TRXUSDT,1597392000000,0.00136494
TRXUSDT,1597420800000,0.00140557
TRXUSDT,1597449600000,0.00107731
TRXUSDT,1597478400000,0.00086151
TRXUSDT,1597507200000,0.00128508
TRXUSDT,1597536000000,0.00096595
TRXUSDT,1597564800000,0.00049888
TRXUSDT,1597593600000,0.00015097
TRXUSDT,1597622400000,0.00090991
TRXUSDT,1597651200000,0.00106455
TRXUSDT,1597680000000,0.00105164
TRXUSDT,1597708800000,0.00177757
TRXUSDT,1597737600000,0.000473
TRXUSDT,1597766400000,0.00034355
TRXUSDT,1597795200000,0.0007523
TRXUSDT,1597824000000,0.00033418
TRXUSDT,1597852800000,0.00022897
TRXUSDT,1597881600000,0.00013329
TRXUSDT,1597910400000,0.00031256
TRXUSDT,1597939200000,0.00030004
TRXUSDT,1597968000000,0.00048434
TRXUSDT,1597996800000,0.00031387
TRXUSDT,1598025600000,0.00022112
TRXUSDT,1598054400000,0.0001
TRXUSDT,1598083200000,0.0001
TRXUSDT,1598112000000,0.0003663
TRXUSDT,1598140800000,0.00037959
TRXUSDT,1598169600000,0.00035922
TRXUSDT,1598198400000,0.00015672
TRXUSDT,1598227200000,0.00042878
TRXUSDT,1598256000000,0.00064009
TRXUSDT,1598284800000,0.0008668
TRXUSDT,1598313600000,0.00047879
TRXUSDT,1598342400000,0.0001
TRXUSDT,1598371200000,0.0001
TRXUSDT,1598400000000,0.0001
TRXUSDT,1598428800000,0.0001
TRXUSDT,1598457600000,0.0001
TRXUSDT,1598486400000,0.0001
TRXUSDT,1598515200000,0.0001
TRXUSDT,1598544000000,0.0001
TRXUSDT,1598572800000,0.0001
TRXUSDT,1598601600000,0.0001
TRXUSDT,1598630400000,0.0001
TRXUSDT,1598659200000,0.0001
TRXUSDT,1598688000000,0.00049949
TRXUSDT,1598716800000,0.00034161
TRXUSDT,1598745600000,0.00027102
TRXUSDT,1598774400000,0.0002404
TRXUSDT,1598803200000,0.00030049
TRXUSDT,1598832000000,0.00020993
TRXUSDT,1598860800000,0.00049703
TRXUSDT,1598889600000,0.00035823
TRXUSDT,1598918400000,0.0007128
TRXUSDT,1598947200000,0.00078049
TRXUSDT,1598976000000,0.00063406
TRXUSDT,1599004800000,0.00052948
TRXUSDT,1599033600000,0.0001
TRXUSDT,1599062400000,-0.00019795
TRXUSDT,1599091200000,8.77e-06
TRXUSDT,1599120000000,-0.00085697
TRXUSDT,1599148800000,-0.0012973
TRXUSDT,1599177600000,-0.00089557
TRXUSDT,1599206400000,-0.00272246
TRXUSDT,1599235200000,-0.00016481
TRXUSDT,1599264000000,-0.00077983
TRXUSDT,1599292800000,-0.00099274
TRXUSDT,1599321600000,-0.00013644
TRXUSDT,1599350400000,2.864e-05
TRXUSDT,1599379200000,0.0001
TRXUSDT,1599408000000,-0.00019332
TRXUSDT,1599436800000,-0.00133075
TRXUSDT,1599465600000,-0.00228021
TRXUSDT,1599494400000,-0.00095478
TRXUSDT,1599523200000,-0.00019344
TRXUSDT,1599552000000,-0.00211883
TRXUSDT,1599580800000,-0.00140715
TRXUSDT,1599609600000,-0.00145042
TRXUSDT,1599638400000,-0.00076797
TRXUSDT,1599667200000,-0.00105525
TRXUSDT,1599696000000,-0.00092158
TRXUSDT,1599724800000,-0.00046317
TRXUSDT,1599753600000,-0.0003187
TRXUSDT,1599782400000,-0.00040665
TRXUSDT,1599811200000,-0.00193707
TRXUSDT,1599840000000,-0.00093467
TRXUSDT,1599868800000,-0.00024302
TRXUSDT,1599897600000,-0.00093644
TRXUSDT,1599926400000,-0.00119882
TRXUSDT,1599955200000,-0.00031872
TRXUSDT,1599984000000,-0.00076144
TRXUSDT,1600012800000,-0.00116336
TRXUSDT,1600041600000,-0.00250571
TRXUSDT,1600070400000,-0.00203133
TRXUSDT,1600099200000,-0.00063776
TRXUSDT,1600128000000,-0.00122998
TRXUSDT,1600156800000,-0.00050059
TRXUSDT,1600185600000,-0.00164809
TRXUSDT,1600214400000,-0.00258816
TRXUSDT,1600243200000,-0.00246267
TRXUSDT,1600272000000,-0.00137513
TRXUSDT,1600300800000,0.0001
TRXUSDT,1600329600000,0.0001
TRXUSDT,1600358400000,0.0001
TRXUSDT,1600387200000,0.0001
TRXUSDT,1600416000000,0.0001
TRXUSDT,1600444800000,0.0001
TRXUSDT,1600473600000,0.0001
TRXUSDT,1600502400000,2.907e-05
TRXUSDT,1600531200000,9.974e-05
TRXUSDT,1600560000000,-0.00014728
TRXUSDT,1600588800000,-0.00049188
TRXUSDT,1600617600000,-0.00053223
TRXUSDT,1600646400000,-1.903e-05
TRXUSDT,1600675200000,9.856e-05
TRXUSDT,1600704000000,-0.00012725
TRXUSDT,1600732800000,-0.0004176
TRXUSDT,1600761600000,-0.00044595
TRXUSDT,1600790400000,-0.00026884
TRXUSDT,1600819200000,-0.00061336
TRXUSDT,1600848000000,-0.00051651
TRXUSDT,1600876800000,-0.00018263
TRXUSDT,1600905600000,-0.00022613
TRXUSDT,1600934400000,5.656e-05
TRXUSDT,1600963200000,1.804e-05
TRXUSDT,1600992000000,0.0001
TRXUSDT,1601020800000,0.0001
TRXUSDT,1601049600000,0.0001
TRXUSDT,1601078400000,0.0001
TRXUSDT,1601107200000,0.0001
TRXUSDT,1601136000000,0.0001
TRXUSDT,1601164800000,0.0001
TRXUSDT,1601193600000,0.0001
TRXUSDT,1601222400000,0.0001
TRXUSDT,1601251200000,0.0001
TRXUSDT,1601280000000,0.0001
TRXUSDT,1601308800000,0.0001
TRXUSDT,1601337600000,8.207e-05
TRXUSDT,1601366400000,0.0001
TRXUSDT,1601395200000,-8.097e-05
TRXUSDT,1601424000000,0.0001
TRXUSDT,1601452800000,-2.825e-05
TRXUSDT,1601481600000,-1.083e-05
TRXUSDT,1601510400000,0.0001
TRXUSDT,1601539200000,0.0001
TRXUSDT,1601568000000,0.0001
TRXUSDT,1601596800000,0.0001
TRXUSDT,1601625600000,0.0001
TRXUSDT,1601654400000,0.0001
TRXUSDT,1601683200000,0.0001
TRXUSDT,1601712000000,0.0001
TRXUSDT,1601740800000,-7.435e-05
TRXUSDT,1601769600000,-0.00022632
TRXUSDT,1601798400000,8.107e-05
TRXUSDT,1601827200000,8.206e-05
TRXUSDT,1601856000000,0.0001
TRXUSDT,1601884800000,0.0001
TRXUSDT,1601913600000,0.0001
TRXUSDT,1601942400000,0.0001
TRXUSDT,1601971200000,0.0001
TRXUSDT,1602000000000,0.0001
TRXUSDT,1602028800000,0.0001
TRXUSDT,1602057600000,0.0001
TRXUSDT,1602086400000,0.0001
TRXUSDT,1602115200000,0.0001
TRXUSDT,1602144000000,0.0001
TRXUSDT,1602172800000,0.0001
TRXUSDT,1602201600000,0.0001
TRXUSDT,1602230400000,0.0001
TRXUSDT,1602259200000,0.0001
TRXUSDT,1602288000000,0.0001
TRXUSDT,1602316800000,0.0001
TRXUSDT,1602345600000,0.0001
TRXUSDT,1602374400000,0.0001
TRXUSDT,1602403200000,0.0001
TRXUSDT,1602432000000,0.0001
TRXUSDT,1602460800000,0.0001
TRXUSDT,1602489600000,0.0001
TRXUSDT,1602518400000,0.0001
TRXUSDT,1602547200000,0.0001
TRXUSDT,1602576000000,0.0001238
TRXUSDT,1602604800000,0.0001
TRXUSDT,1602633600000,0.00016958
TRXUSDT,1602662400000,0.0001
TRXUSDT,1602691200000,0.0001
TRXUSDT,1602720000000,0.0001
TRXUSDT,1602748800000,0.0001
TRXUSDT,1602777600000,0.0001
TRXUSDT,1602806400000,0.0001
TRXUSDT,1602835200000,0.0001
TRXUSDT,1602864000000,0.0001
TRXUSDT,1602892800000,0.0001
TRXUSDT,1602921600000,0.0001
TRXUSDT,1602950400000,0.0001
TRXUSDT,1602979200000,0.0001
TRXUSDT,1603008000000,0.0001
TRXUSDT,1603036800000,0.0001
TRXUSDT,1603065600000,0.0001
TRXUSDT,1603094400000,0.0001
TRXUSDT,1603123200000,0.0001
TRXUSDT,1603152000000,0.0001
TRXUSDT,1603180800000,0.0001
TRXUSDT,1603209600000,0.0001
TRXUSDT,1603238400000,0.0001
TRXUSDT,1603267200000,0.0001
TRXUSDT,1603296000000,0.0001
TRXUSDT,1603324800000,0.00011176
TRXUSDT,1603353600000,0.0001
TRXUSDT,1603382400000,0.0001894
TRXUSDT,1603411200000,0.00023881
TRXUSDT,1603440000000,0.0001
TRXUSDT,1603468800000,0.0001
TRXUSDT,1603497600000,0.0001
TRXUSDT,1603526400000,0.0001
TRXUSDT,1603555200000,0.0001
TRXUSDT,1603584000000,0.0001
TRXUSDT,1603612800000,0.00026411
TRXUSDT,1603641600000,0.0001
TRXUSDT,1603670400000,0.0001
TRXUSDT,1603699200000,0.0001
TRXUSDT,1603728000000,0.0001
TRXUSDT,1603756800000,0.0001
TRXUSDT,1603785600000,0.0001
TRXUSDT,1603814400000,0.0001
TRXUSDT,1603843200000,0.0001
TRXUSDT,1603872000000,0.0001
TRXUSDT,1603900800000,0.0001
TRXUSDT,1603929600000,0.0001
TRXUSDT,1603958400000,0.0001
TRXUSDT,1603987200000,0.0001
TRXUSDT,1604016000000,0.0001
TRXUSDT,1604044800000,0.0001
TRXUSDT,1604073600000,0.0001
TRXUSDT,1604102400000,0.0001
TRXUSDT,1604131200000,0.0001
TRXUSDT,1604160000000,0.0001
TRXUSDT,1604188800000,0.0001
TRXUSDT,1604217600000,0.0001
TRXUSDT,1604246400000,0.0001
TRXUSDT,1604275200000,0.0001
TRXUSDT,1604304000000,0.0001
TRXUSDT,1604332800000,0.0001
TRXUSDT,1604361600000,0.0001
TRXUSDT,1604390400000,0.0001
TRXUSDT,1604419200000,0.0001
TRXUSDT,1604448000000,0.0001
TRXUSDT,1604476800000,0.0001
TRXUSDT,1604505600000,4.388e-05
TRXUSDT,1604534400000,0.0001
TRXUSDT,1604563200000,0.0001
TRXUSDT,1604592000000,0.0001
TRXUSDT,1604620800000,0.0001
TRXUSDT,1604649600000,0.0001
TRXUSDT,1604678400000,0.0001
TRXUSDT,1604707200000,0.0001
TRXUSDT,1604736000000,0.00011131
TRXUSDT,1604764800000,0.00017758
TRXUSDT,1604793600000,0.0001
TRXUSDT,1604822400000,0.0001
TRXUSDT,1604851200000,0.0001
TRXUSDT,1604880000000,0.0001
TRXUSDT,1604908800000,0.0001
TRXUSDT,1604937600000,0.0001
TRXUSDT,1604966400000,0.0001
TRXUSDT,1604995200000,0.0001
TRXUSDT,1605024000000,0.0001
TRXUSDT,1605052800000,0.0001
TRXUSDT,1605081600000,0.0001
TRXUSDT,1605110400000,0.0001
TRXUSDT,1605139200000,0.0001
TRXUSDT,1605168000000,0.0001
TRXUSDT,1605196800000,0.0001
TRXUSDT,1605225600000,0.0001
TRXUSDT,1605254400000,0.0001
TRXUSDT,1605283200000,0.0001
TRXUSDT,1605312000000,0.0001
TRXUSDT,1605340800000,0.0001
TRXUSDT,1605369600000,0.0001
TRXUSDT,1605398400000,0.0001
TRXUSDT,1605427200000,0.0001
TRXUSDT,1605456000000,0.0001
TRXUSDT,1605484800000,0.0001
TRXUSDT,1605513600000,0.0001
TRXUSDT,1605542400000,0.00025838
TRXUSDT,1605571200000,0.0001
TRXUSDT,1605600000000,0.00022914
TRXUSDT,1605628800000,0.0001
TRXUSDT,1605657600000,0.00085615
TRXUSDT,1605686400000,0.0001
TRXUSDT,1605715200000,0.0001
TRXUSDT,1605744000000,0.0001
TRXUSDT,1605772800000,0.0001
TRXUSDT,1605801600000,0.0001
TRXUSDT,1605830400000,0.0001
TRXUSDT,1605859200000,0.0001
TRXUSDT,1605888000000,0.00036414
TRXUSDT,1605916800000,0.00039023
TRXUSDT,1605945600000,0.00039682
TRXUSDT,1605974400000,0.00113864
TRXUSDT,1606003200000,0.00106633
TRXUSDT,1606032000000,0.00087509
TRXUSDT,1606060800000,0.00066016
TRXUSDT,1606089600000,0.00159942
TRXUSDT,1606118400000,0.00116185
TRXUSDT,1606147200000,0.00132363
TRXUSDT,1606176000000,0.00116284
TRXUSDT,1606204800000,0.00239586
TRXUSDT,1606233600000,0.00096322
TRXUSDT,1606262400000,0.00084128
TRXUSDT,1606291200000,0.00084823
TRXUSDT,1606320000000,0.00145144
TRXUSDT,1606348800000,0.00038236
TRXUSDT,1606377600000,0.0001
TRXUSDT,1606406400000,0.0001
TRXUSDT,1606435200000,0.0001
TRXUSDT,1606464000000,0.0001
TRXUSDT,1606492800000,0.0001
TRXUSDT,1606521600000,0.0001
TRXUSDT,1606550400000,0.0001
TRXUSDT,1606579200000,0.0001
TRXUSDT,1606608000000,0.0001
TRXUSDT,1606636800000,0.0001
TRXUSDT,1606665600000,0.0001
TRXUSDT,1606694400000,0.0001
TRXUSDT,1606723200000,0.0001
TRXUSDT,1606752000000,0.0001
TRXUSDT,1606780800000,0.0007104
TRXUSDT,1606809600000,0.00062663
TRXUSDT,1606838400000,0.0001
TRXUSDT,1606867200000,0.0001
TRXUSDT,1606896000000,0.0001
TRXUSDT,1606924800000,0.0001
TRXUSDT,1606953600000,0.0001
TRXUSDT,1606982400000,0.0001
TRXUSDT,1607011200000,0.00059414
TRXUSDT,1607040000000,0.00042624
TRXUSDT,1607068800000,0.0001
TRXUSDT,1607097600000,0.0001
TRXUSDT,1607126400000,0.0001
TRXUSDT,1607155200000,0.0001
TRXUSDT,1607184000000,0.0001
TRXUSDT,1607212800000,0.0001
TRXUSDT,1607241600000,0.0001
TRXUSDT,1607270400000,0.0001
TRXUSDT,1607299200000,0.00030162
TRXUSDT,1607328000000,0.00023057
TRXUSDT,1607356800000,0.00034447
TRXUSDT,1607385600000,0.00018622
TRXUSDT,1607414400000,0.00027768
TRXUSDT,1607443200000,0.0001
TRXUSDT,1607472000000,0.0001
TRXUSDT,1607500800000,0.0001
TRXUSDT,1607529600000,0.0001
TRXUSDT,1607558400000,0.0001
TRXUSDT,1607587200000,0.0001
TRXUSDT,1607616000000,0.0001
TRXUSDT,1607644800000,0.0001
TRXUSDT,1607673600000,0.0001
TRXUSDT,1607702400000,0.0001
TRXUSDT,1607731200000,0.0001
TRXUSDT,1607760000000,0.0001
TRXUSDT,1607788800000,0.0001
TRXUSDT,1607817600000,0.0001
TRXUSDT,1607846400000,0.0001
TRXUSDT,1607875200000,0.0001
TRXUSDT,1607904000000,0.0001
TRXUSDT,1607932800000,0.0001
TRXUSDT,1607961600000,0.0001
TRXUSDT,1607990400000,0.0001
TRXUSDT,1608019200000,0.0001
TRXUSDT,1608048000000,0.0001
TRXUSDT,1608076800000,0.0001
TRXUSDT,1608105600000,0.0001
TRXUSDT,1608134400000,0.0001
TRXUSDT,1608163200000,0.0001407
TRXUSDT,1608192000000,0.00034264
TRXUSDT,1608220800000,0.00071533
TRXUSDT,1608249600000,0.0001
TRXUSDT,1608278400000,0.0002839
TRXUSDT,1608307200000,0.00023624
TRXUSDT,1608336000000,0.00016482
TRXUSDT,1608364800000,0.00027887
TRXUSDT,1608393600000,0.0006103
TRXUSDT,1608422400000,0.00042472
TRXUSDT,1608451200000,0.00026312
TRXUSDT,1608480000000,0.00089409
TRXUSDT,1608508800000,0.00048451
TRXUSDT,1608537600000,0.00057605
TRXUSDT,1608566400000,0.0001
TRXUSDT,1608595200000,0.0001
TRXUSDT,1608624000000,0.0001
TRXUSDT,1608652800000,0.0001
TRXUSDT,1608681600000,0.0001
TRXUSDT,1608710400000,0.0001
TRXUSDT,1608739200000,0.0001
TRXUSDT,1608768000000,0.0001
TRXUSDT,1608796800000,-0.00019433
TRXUSDT,1608825600000,0.0001
TRXUSDT,1608854400000,0.0001
TRXUSDT,1608883200000,0.0001
TRXUSDT,1608912000000,0.0001
TRXUSDT,1608940800000,0.0001
TRXUSDT,1608969600000,0.0001
TRXUSDT,1608998400000,0.0001
TRXUSDT,1609027200000,0.0001
TRXUSDT,1609056000000,0.0001
TRXUSDT,1609084800000,0.0001
TRXUSDT,1609113600000,0.0001
TRXUSDT,1609142400000,0.00021988
TRXUSDT,1609171200000,0.00043122
TRXUSDT,1609200000000,0.00026411
TRXUSDT,1609228800000,0.0001
TRXUSDT,1609257600000,0.0001
TRXUSDT,1609286400000,0.0001
TRXUSDT,1609315200000,0.0001
TRXUSDT,1609344000000,0.0001
TRXUSDT,1609372800000,0.0001
TRXUSDT,1609401600000,0.0001
TRXUSDT,1609430400000,0.0001
TRXUSDT,1609459200000,0.0001
TRXUSDT,1609488000000,0.0001
TRXUSDT,1609516800000,0.0001
TRXUSDT,1609545600000,0.0001
TRXUSDT,1609574400000,0.0001
TRXUSDT,1609603200000,0.0001
TRXUSDT,1609632000000,0.0001
TRXUSDT,1609660800000,0.0001
TRXUSDT,1609689600000,0.00036359
TRXUSDT,1609718400000,0.00074099
TRXUSDT,1609747200000,0.00221049
TRXUSDT,1609776000000,0.0001
TRXUSDT,1609804800000,0.0001
TRXUSDT,1609833600000,-0.00019071
TRXUSDT,1609862400000,0.0001
TRXUSDT,1609891200000,-0.00039785
TRXUSDT,1609920000000,-0.00051861
TRXUSDT,1609948800000,0.0001
TRXUSDT,1609977600000,0.0001
TRXUSDT,1610006400000,0.00059808
TRXUSDT,1610035200000,0.0001
TRXUSDT,1610064000000,0.0001
TRXUSDT,1610092800000,0.0001
TRXUSDT,1610121600000,0.0001
TRXUSDT,1610150400000,0.0001
TRXUSDT,1610179200000,0.0001
TRXUSDT,1610208000000,0.00060046
TRXUSDT,1610236800000,0.00175735
TRXUSDT,1610265600000,0.0018623
TRXUSDT,1610294400000,0.0001
TRXUSDT,1610323200000,0.0001
TRXUSDT,1610352000000,0.0001
TRXUSDT,1610380800000,0.0001
TRXUSDT,1610409600000,0.0001
TRXUSDT,1610438400000,0.0001
TRXUSDT,1610467200000,0.0001
TRXUSDT,1610496000000,0.0001
TRXUSDT,1610524800000,0.0001
TRXUSDT,1610553600000,0.0001
TRXUSDT,1610582400000,0.0001
TRXUSDT,1610611200000,0.0001
TRXUSDT,1610640000000,0.0001
TRXUSDT,1610668800000,0.0001
TRXUSDT,1610697600000,0.0001
TRXUSDT,1610726400000,0.0001
TRXUSDT,1610755200000,0.0001
TRXUSDT,1610784000000,0.0001
TRXUSDT,1610812800000,0.00017781
TRXUSDT,1610841600000,0.0001
TRXUSDT,1610870400000,0.0001
TRXUSDT,1610899200000,0.0001
TRXUSDT,1610928000000,0.00019104
TRXUSDT,1610956800000,0.00015264
TRXUSDT,1610985600000,0.00088948
TRXUSDT,1611014400000,0.00090413
TRXUSDT,1611043200000,0.00101444
TRXUSDT,1611072000000,0.00031089
TRXUSDT,1611100800000,0.0001
TRXUSDT,1611129600000,0.0001
TRXUSDT,1611158400000,0.0001
TRXUSDT,1611187200000,0.0001
TRXUSDT,1611216000000,0.0001
TRXUSDT,1611244800000,0.0001
TRXUSDT,1611273600000,2.902e-05
TRXUSDT,1611302400000,-0.00030635
TRXUSDT,1611331200000,-0.00057845
TRXUSDT,1611360000000,-0.00051194
TRXUSDT,1611388800000,0.0001
TRXUSDT,1611417600000,-3.735e-05
TRXUSDT,1611446400000,3.304e-05
TRXUSDT,1611475200000,0.0001
TRXUSDT,1611504000000,0.0001
TRXUSDT,1611532800000,0.0001
TRXUSDT,1611561600000,0.0001
TRXUSDT,1611590400000,0.0001
TRXUSDT,1611619200000,0.0001
TRXUSDT,1611648000000,0.0001
TRXUSDT,1611676800000,0.0001
TRXUSDT,1611705600000,0.0001
TRXUSDT,1611734400000,0.0001
TRXUSDT,1611763200000,0.0001
TRXUSDT,1611792000000,0.0001
TRXUSDT,1611820800000,0.0001
TRXUSDT,1611849600000,0.0001
TRXUSDT,1611878400000,0.0001
TRXUSDT,1611907200000,0.0001
TRXUSDT,1611936000000,0.00158448
TRXUSDT,1611964800000,0.00030897
TRXUSDT,1611993600000,0.0001
TRXUSDT,1612022400000,0.00044033
TRXUSDT,1612051200000,0.00048621
TRXUSDT,1612080000000,0.00029862
TRXUSDT,1612108800000,0.00038625
TRXUSDT,1612137600000,0.00058875
TRXUSDT,1612166400000,0.0001265
TRXUSDT,1612195200000,0.00020743
TRXUSDT,1612224000000,0.0001
TRXUSDT,1612252800000,0.00029554
TRXUSDT,1612281600000,0.00085078
TRXUSDT,1612310400000,0.00086717
TRXUSDT,1612339200000,0.00199013
TRXUSDT,1612368000000,0.00195833
TRXUSDT,1612396800000,0.00233633
TRXUSDT,1612425600000,0.0012303
TRXUSDT,1612454400000,0.00060299
TRXUSDT,1612483200000,0.00128557
TRXUSDT,1612512000000,0.00146023
TRXUSDT,1612540800000,0.00263136
TRXUSDT,1612569600000,0.0023998
TRXUSDT,1612598400000,0.00159965
TRXUSDT,1612627200000,0.00169569
TRXUSDT,1612656000000,0.00181589
TRXUSDT,1612684800000,0.00092117
TRXUSDT,1612713600000,0.00118738
TRXUSDT,1612742400000,0.00099209
TRXUSDT,1612771200000,0.00093515
TRXUSDT,1612800000000,0.00217912
TRXUSDT,1612828800000,0.00147123
TRXUSDT,1612857600000,0.00225658
TRXUSDT,1612886400000,0.00233165
TRXUSDT,1612915200000,0.00303677
TRXUSDT,1612944000000,0.00317291
TRXUSDT,1612972800000,0.00136674
TRXUSDT,1613001600000,0.00044781
TRXUSDT,1613030400000,0.00059461
TRXUSDT,1613059200000,0.00133482
TRXUSDT,1613088000000,0.00197557
TRXUSDT,1613116800000,0.00189121
TRXUSDT,1613145600000,0.00234568
TRXUSDT,1613174400000,0.00270609
TRXUSDT,1613203200000,0.00269269
TRXUSDT,1613232000000,0.00040597
TRXUSDT,1613260800000,0.00188359
TRXUSDT,1613289600000,0.00173239
TRXUSDT,1613318400000,0.00109426
TRXUSDT,1613347200000,0.00076235
TRXUSDT,1613376000000,-9.244e-05
TRXUSDT,1613404800000,0.0001
TRXUSDT,1613433600000,0.0001
TRXUSDT,1613462400000,0.0001
TRXUSDT,1613491200000,0.0001
TRXUSDT,1613520000000,0.0001
TRXUSDT,1613548800000,0.0001
TRXUSDT,1613577600000,0.0003255
TRXUSDT,1613606400000,0.00053534
TRXUSDT,1613635200000,0.00088949
TRXUSDT,1613664000000,0.00047517
TRXUSDT,1613692800000,0.00072779
TRXUSDT,1613721600000,0.00127026
TRXUSDT,1613750400000,0.00378456
TRXUSDT,1613779200000,0.00238747
TRXUSDT,1613808000000,0.00260358
TRXUSDT,1613836800000,0.00265017
TRXUSDT,1613865600000,0.0001
TRXUSDT,1613894400000,0.00021696
TRXUSDT,1613923200000,0.00079558
TRXUSDT,1613952000000,0.00068975
TRXUSDT,1613980800000,0.0001
TRXUSDT,1614009600000,-3.093e-05
TRXUSDT,1614038400000,0.0001
TRXUSDT,1614067200000,0.0001
TRXUSDT,1614096000000,-0.0015825
TRXUSDT,1614124800000,-0.00041403
TRXUSDT,1614153600000,-0.00045429
TRXUSDT,1614182400000,4.365e-05
TRXUSDT,1614211200000,-9.587e-05
TRXUSDT,1614240000000,-4.683e-05
TRXUSDT,1614268800000,0.0001
TRXUSDT,1614297600000,-0.00047481
TRXUSDT,1614326400000,-0.0008016
TRXUSDT,1614355200000,-0.0005122
TRXUSDT,1614384000000,1.694e-05
TRXUSDT,1614412800000,-0.00022355
TRXUSDT,1614441600000,-0.00023399
TRXUSDT,1614470400000,-0.00069189
TRXUSDT,1614499200000,-0.00073522
TRXUSDT,1614528000000,-0.00035286
TRXUSDT,1614556800000,-5.762e-05
TRXUSDT,1614585600000,-0.00027899
TRXUSDT,1614614400000,-0.00013471
TRXUSDT,1614643200000,-0.00012719
TRXUSDT,1614672000000,-0.00019732
TRXUSDT,1614700800000,0.0001
TRXUSDT,1614729600000,-0.0002949
TRXUSDT,1614758400000,-0.00012781
TRXUSDT,1614787200000,0.0001
TRXUSDT,1614816000000,0.0001
TRXUSDT,1614844800000,0.0001
TRXUSDT,1614873600000,8.227e-05
TRXUSDT,1614902400000,-0.00012665
TRXUSDT,1614931200000,7.004e-05
TRXUSDT,1614960000000,-3.459e-05
TRXUSDT,1614988800000,-0.00011799
TRXUSDT,1615017600000,2.035e-05
TRXUSDT,1615046400000,-1.022e-05
TRXUSDT,1615075200000,-9.969e-05
TRXUSDT,1615104000000,0.0001
TRXUSDT,1615132800000,0.0001
TRXUSDT,1615161600000,0.0001
TRXUSDT,1615190400000,0.0001
TRXUSDT,1615219200000,0.0001
TRXUSDT,1615248000000,0.0001
TRXUSDT,1615276800000,0.0001
TRXUSDT,1615305600000,0.0001
TRXUSDT,1615334400000,0.0001
TRXUSDT,1615363200000,0.0001
TRXUSDT,1615392000000,0.0001
TRXUSDT,1615420800000,0.0001
TRXUSDT,1615449600000,0.0001
TRXUSDT,1615478400000,0.0001
TRXUSDT,1615507200000,0.0001
TRXUSDT,1615536000000,0.0001
TRXUSDT,1615564800000,0.0001
TRXUSDT,1615593600000,0.0001
TRXUSDT,1615622400000,0.0001
TRXUSDT,1615651200000,0.0001
TRXUSDT,1615680000000,0.0001
TRXUSDT,1615708800000,0.00017569
TRXUSDT,1615737600000,0.0001
TRXUSDT,1615766400000,0.0001
TRXUSDT,1615795200000,0.0001
TRXUSDT,1615824000000,8.59e-05
TRXUSDT,1615852800000,7.793e-05
TRXUSDT,1615881600000,0.0001
TRXUSDT,1615910400000,0.0001
TRXUSDT,1615939200000,0.0001
TRXUSDT,1615968000000,0.0001
TRXUSDT,1615996800000,0.0001
TRXUSDT,1616025600000,0.0001
TRXUSDT,1616054400000,0.0001
TRXUSDT,1616083200000,0.0001
TRXUSDT,1616112000000,0.0001
TRXUSDT,1616140800000,0.0001
TRXUSDT,1616169600000,0.0001
TRXUSDT,1616198400000,0.0001
TRXUSDT,1616227200000,0.00029408
TRXUSDT,1616256000000,0.0001
TRXUSDT,1616284800000,0.00036611
TRXUSDT,1616313600000,0.00065694
TRXUSDT,1616342400000,0.00041906
TRXUSDT,1616371200000,0.00018655
TRXUSDT,1616400000000,0.00060668
TRXUSDT,1616428800000,0.00063407
TRXUSDT,1616457600000,0.0001
TRXUSDT,1616486400000,0.0001
TRXUSDT,1616515200000,0.0001
TRXUSDT,1616544000000,0.0001
TRXUSDT,1616572800000,0.0001
TRXUSDT,1616601600000,0.0001
TRXUSDT,1616630400000,0.0001
TRXUSDT,1616659200000,7.452e-05
TRXUSDT,1616688000000,0.0001
TRXUSDT,1616716800000,0.0001
TRXUSDT,1616745600000,0.0001
TRXUSDT,1616774400000,0.0001
TRXUSDT,1616803200000,0.0001
TRXUSDT,1616832000000,0.0001
TRXUSDT,1616860800000,0.0001
TRXUSDT,1616889600000,0.0001
TRXUSDT,1616918400000,0.0001
TRXUSDT,1616947200000,0.0001
TRXUSDT,1616976000000,0.0001
TRXUSDT,1617004800000,0.0001
TRXUSDT,1617033600000,0.0001
TRXUSDT,1617062400000,0.0001
TRXUSDT,1617091200000,0.00047074
TRXUSDT,1617120000000,0.00104791
TRXUSDT,1617148800000,0.00077248
TRXUSDT,1617177600000,0.00104285
TRXUSDT,1617206400000,0.00080461
TRXUSDT,1617235200000,0.00123309
TRXUSDT,1617264000000,0.00184082
TRXUSDT,1617292800000,0.00141028
TRXUSDT,1617321600000,0.00076846
TRXUSDT,1617350400000,0.00206046
TRXUSDT,1617379200000,0.00176391
TRXUSDT,1617408000000,0.00174556
TRXUSDT,1617436800000,0.00231025
TRXUSDT,1617465600000,0.00194588
TRXUSDT,1617494400000,0.00089793
TRXUSDT,1617523200000,0.00062728
TRXUSDT,1617552000000,0.00097182
TRXUSDT,1617580800000,0.00054864
TRXUSDT,1617609600000,0.00076926
TRXUSDT,1617638400000,0.00196248
TRXUSDT,1617667200000,0.00137578
TRXUSDT,1617696000000,0.00151035
TRXUSDT,1617724800000,0.00100455
TRXUSDT,1617753600000,0.00103504
TRXUSDT,1617782400000,0.00053878
TRXUSDT,1617811200000,0.00011308
TRXUSDT,1617840000000,0.00080245
TRXUSDT,1617868800000,0.00061743
TRXUSDT,1617897600000,0.00078764
TRXUSDT,1617926400000,0.00064345
TRXUSDT,1617955200000,0.00054773
TRXUSDT,1617984000000,0.00073355
TRXUSDT,1618012800000,0.00028529
TRXUSDT,1618041600000,0.00144386
TRXUSDT,1618070400000,0.00179361
TRXUSDT,1618099200000,0.00176642
TRXUSDT,1618128000000,0.00160854
TRXUSDT,1618156800000,0.0014022
TRXUSDT,1618185600000,0.00189984
TRXUSDT,1618214400000,0.0033627
TRXUSDT,1618243200000,0.00205175
TRXUSDT,1618272000000,0.0024131
TRXUSDT,1618300800000,0.00207767
TRXUSDT,1618329600000,0.00358787
TRXUSDT,1618358400000,0.00275558
TRXUSDT,1618387200000,0.00347054
TRXUSDT,1618416000000,0.00127334
TRXUSDT,1618444800000,0.00162051
TRXUSDT,1618473600000,0.00203809
TRXUSDT,1618502400000,0.00308931
TRXUSDT,1618531200000,0.00304328
TRXUSDT,1618560000000,0.00185929
TRXUSDT,1618588800000,0.00111434
TRXUSDT,1618617600000,0.00233433
TRXUSDT,1618646400000,0.00191531
TRXUSDT,1618675200000,0.00060179
TRXUSDT,1618704000000,0.00093556
TRXUSDT,1618732800000,-0.0004283
TRXUSDT,1618761600000,0.0001
TRXUSDT,1618790400000,0.0001
TRXUSDT,1618819200000,0.0001
TRXUSDT,1618848000000,0.0001
TRXUSDT,1618876800000,0.0001
TRXUSDT,1618905600000,0.0001
TRXUSDT,1618934400000,0.0001
TRXUSDT,1618963200000,0.0001
TRXUSDT,1618992000000,0.0001
TRXUSDT,1619020800000,0.0001
TRXUSDT,1619049600000,0.0001
TRXUSDT,1619078400000,0.0001
TRXUSDT,1619107200000,0.0001
TRXUSDT,1619136000000,0.0001
TRXUSDT,1619164800000,-0.00014577
TRXUSDT,1619193600000,7.734e-05
TRXUSDT,1619222400000,0.0001
TRXUSDT,1619251200000,0.0001
TRXUSDT,1619280000000,0.0001
TRXUSDT,1619308800000,0.0001
TRXUSDT,1619337600000,0.0001
TRXUSDT,1619366400000,0.0001
TRXUSDT,1619395200000,0.0001
TRXUSDT,1619424000000,0.0001
TRXUSDT,1619452800000,0.0001
TRXUSDT,1619481600000,0.0001
TRXUSDT,1619510400000,0.0001
TRXUSDT,1619539200000,0.00024231
TRXUSDT,1619568000000,0.0001
TRXUSDT,1619596800000,0.0001
TRXUSDT,1619625600000,0.0001
TRXUSDT,1619654400000,0.0001
TRXUSDT,1619683200000,0.0001
TRXUSDT,1619712000000,0.00019599
TRXUSDT,1619740800000,0.0001
TRXUSDT,1619769600000,0.0001
TRXUSDT,1619798400000,0.00050346
TRXUSDT,1619827200000,0.00073174
TRXUSDT,1619856000000,0.0005769
TRXUSDT,1619884800000,0.00043239
TRXUSDT,1619913600000,0.00083297
TRXUSDT,1619942400000,0.00029529
TRXUSDT,1619971200000,0.00054373
TRXUSDT,1620000000000,0.00059134
TRXUSDT,1620028800000,0.00093124
TRXUSDT,1620057600000,0.00090708
TRXUSDT,1620086400000,0.00083675
TRXUSDT,1620115200000,0.00015989
TRXUSDT,1620144000000,0.00069728
TRXUSDT,1620172800000,0.00020378
TRXUSDT,1620201600000,0.00064229
TRXUSDT,1620230400000,0.00091043
TRXUSDT,1620259200000,0.00137558
TRXUSDT,1620288000000,0.00161852
TRXUSDT,1620316800000,0.00196282
TRXUSDT,1620345600000,0.00105873
TRXUSDT,1620374400000,0.00123255
TRXUSDT,1620403200000,0.00113196
TRXUSDT,1620432000000,0.00037099
TRXUSDT,1620460800000,0.00117054
TRXUSDT,1620489600000,0.00131522
TRXUSDT,1620518400000,0.00082646
TRXUSDT,1620547200000,0.00080571
TRXUSDT,1620576000000,0.00098737
TRXUSDT,1620604800000,0.00092163
TRXUSDT,1620633600000,0.00093215
TRXUSDT,1620662400000,0.000925
TRXUSDT,1620691200000,0.0001
TRXUSDT,1620720000000,0.0001
TRXUSDT,1620748800000,0.0001
TRXUSDT,1620777600000,0.0001
TRXUSDT,1620806400000,0.00080931
TRXUSDT,1620835200000,0.00045527
TRXUSDT,1620864000000,0.0001
TRXUSDT,1620892800000,0.0001
TRXUSDT,1620921600000,0.0001
TRXUSDT,1620950400000,0.0001
TRXUSDT,1620979200000,0.0001
TRXUSDT,1621008000000,0.0001
TRXUSDT,1621036800000,0.0001
TRXUSDT,1621065600000,0.0001
TRXUSDT,1621094400000,0.00026634
TRXUSDT,1621123200000,0.0001
TRXUSDT,1621152000000,0.0007055
TRXUSDT,1621180800000,0.0003547
TRXUSDT,1621209600000,0.0001
TRXUSDT,1621238400000,0.0001
TRXUSDT,1621267200000,0.0001384
TRXUSDT,1621296000000,0.0001
TRXUSDT,1621324800000,0.0001
TRXUSDT,1621353600000,0.0001
TRXUSDT,1621382400000,0.0001
TRXUSDT,1621411200000,0.0001
TRXUSDT,1621440000000,-0.004875
TRXUSDT,1621468800000,-0.00010522
TRXUSDT,1621497600000,-0.00090388
TRXUSDT,1621526400000,-0.00048779
TRXUSDT,1621555200000,-0.00034961
TRXUSDT,1621584000000,-0.00042908
TRXUSDT,1621612800000,-0.00043482
TRXUSDT,1621641600000,-0.00123095
TRXUSDT,1621670400000,-0.00072752
TRXUSDT,1621699200000,-0.00022326
TRXUSDT,1621728000000,-0.00026507
TRXUSDT,1621756800000,-0.00075675
TRXUSDT,1621785600000,-0.00111782
TRXUSDT,1621814400000,-0.0004674
TRXUSDT,1621843200000,-0.00032252
TRXUSDT,1621872000000,-0.00029873
TRXUSDT,1621900800000,-0.00018234
TRXUSDT,1621929600000,-0.00022229
TRXUSDT,1621958400000,-0.00025284
TRXUSDT,1621987200000,-0.00023121
TRXUSDT,1622016000000,-0.00010426
TRXUSDT,1622044800000,-0.00011006
TRXUSDT,1622073600000,-0.00038744
TRXUSDT,1622102400000,-0.0006515
TRXUSDT,1622131200000,-0.00042637
TRXUSDT,1622160000000,-0.00037847
TRXUSDT,1622188800000,-0.00063642
TRXUSDT,1622217600000,-0.00056622
TRXUSDT,1622246400000,-0.00024789
TRXUSDT,1622275200000,-0.00028682
TRXUSDT,1622304000000,-0.00026268
TRXUSDT,1622332800000,-0.00059757
TRXUSDT,1622361600000,-0.00036301
TRXUSDT,1622390400000,-0.00013291
TRXUSDT,1622419200000,-0.00030581
TRXUSDT,1622448000000,-0.00014969
TRXUSDT,1622476800000,2.244e-05
TRXUSDT,1622505600000,3.57e-06
TRXUSDT,1622534400000,-3.881e-05
TRXUSDT,1622563200000,-0.00029988
TRXUSDT,1622592000000,1.684e-05
TRXUSDT,1622620800000,4.197e-05
TRXUSDT,1622649600000,0.0001
TRXUSDT,1622678400000,0.0001
TRXUSDT,1622707200000,0.0001
TRXUSDT,1622736000000,0.0001
TRXUSDT,1622764800000,0.0001
TRXUSDT,1622793600000,-0.00025199
TRXUSDT,1622822400000,-0.00060284
TRXUSDT,1622851200000,-0.00051973
TRXUSDT,1622880000000,-0.00030598
TRXUSDT,1622908800000,-0.00057057
TRXUSDT,1622937600000,-0.0004493
TRXUSDT,1622966400000,-0.00018792
TRXUSDT,1622995200000,-5.005e-05
TRXUSDT,1623024000000,-2.3e-06
TRXUSDT,1623052800000,0.0001
TRXUSDT,1623081600000,9.849e-05
TRXUSDT,1623110400000,-0.00040377
TRXUSDT,1623139200000,-0.0003436
TRXUSDT,1623168000000,-0.00045455
TRXUSDT,1623196800000,-0.00015625
TRXUSDT,1623225600000,-0.00021636
TRXUSDT,1623254400000,-0.00013609
TRXUSDT,1623283200000,-3.899e-05
TRXUSDT,1623312000000,-8.365e-05
TRXUSDT,1623340800000,4.557e-05
TRXUSDT,1623369600000,0.0001
TRXUSDT,1623398400000,0.0001
TRXUSDT,1623427200000,0.0001
TRXUSDT,1623456000000,0.0001
TRXUSDT,1623484800000,8.67e-06
TRXUSDT,1623513600000,5.216e-05
TRXUSDT,1623542400000,0.0001
TRXUSDT,1623571200000,2.713e-05
TRXUSDT,1623600000000,0.0001
TRXUSDT,1623628800000,0.0001
TRXUSDT,1623657600000,0.0001
TRXUSDT,1623686400000,0.0001
TRXUSDT,1623715200000,0.0001
TRXUSDT,1623744000000,0.0001
TRXUSDT,1623772800000,0.0001
TRXUSDT,1623801600000,0.0001
TRXUSDT,1623830400000,0.0001
TRXUSDT,1623859200000,0.0001
TRXUSDT,1623888000000,-0.0001422
TRXUSDT,1623916800000,-5.47e-05
TRXUSDT,1623945600000,0.0001
TRXUSDT,1623974400000,0.0001
TRXUSDT,1624003200000,0.0001
TRXUSDT,1624032000000,0.0001
TRXUSDT,1624060800000,-2.008e-05
TRXUSDT,1624089600000,7.519e-05
TRXUSDT,1624118400000,0.0001
TRXUSDT,1624147200000,8.133e-05
TRXUSDT,1624176000000,-9.551e-05
TRXUSDT,1624204800000,-0.00020498
TRXUSDT,1624233600000,2.531e-05
TRXUSDT,1624262400000,-4.116e-05
TRXUSDT,1624291200000,-6.697e-05
TRXUSDT,1624320000000,0.0001
TRXUSDT,1624348800000,-1.352e-05
TRXUSDT,1624377600000,1.261e-05
TRXUSDT,1624406400000,-0.00020321
TRXUSDT,1624435200000,-0.00029608
TRXUSDT,1624464000000,-8.848e-05
TRXUSDT,1624492800000,-0.00014631
TRXUSDT,1624521600000,8.158e-05
TRXUSDT,1624550400000,-0.00030174
TRXUSDT,1624579200000,-0.00030198
TRXUSDT,1624608000000,-0.00012954
TRXUSDT,1624636800000,0.0001
TRXUSDT,1624665600000,0.0001
TRXUSDT,1624694400000,0.0001
TRXUSDT,1624723200000,0.0001
TRXUSDT,1624752000000,3.563e-05
TRXUSDT,1624780800000,4.918e-05
TRXUSDT,1624809600000,9.65e-06
TRXUSDT,1624838400000,3.927e-05
TRXUSDT,1624867200000,0.0001
TRXUSDT,1624896000000,0.0001
TRXUSDT,1624924800000,7.529e-05
TRXUSDT,1624953600000,0.0001
TRXUSDT,1624982400000,0.0001
TRXUSDT,1625011200000,0.0001
TRXUSDT,1625040000000,0.0001
TRXUSDT,1625068800000,0.0001
TRXUSDT,1625097600000,0.0001
TRXUSDT,1625126400000,0.0001
TRXUSDT,1625155200000,3.812e-05
TRXUSDT,1625184000000,0.0001
TRXUSDT,1625212800000,9.155e-05
TRXUSDT,1625241600000,1.043e-05
TRXUSDT,1625270400000,0.0001
TRXUSDT,1625299200000,0.0001
TRXUSDT,1625328000000,0.0001
TRXUSDT,1625356800000,0.0001
TRXUSDT,1625385600000,0.0001
TRXUSDT,1625414400000,0.0001
TRXUSDT,1625443200000,0.0001
TRXUSDT,1625472000000,0.0001
TRXUSDT,1625500800000,-6.036e-05
TRXUSDT,1625529600000,-8.39e-05
TRXUSDT,1625558400000,0.0001
TRXUSDT,1625587200000,0.0001
TRXUSDT,1625616000000,0.0001
TRXUSDT,1625644800000,0.0001
TRXUSDT,1625673600000,0.0001
TRXUSDT,1625702400000,0.0001
TRXUSDT,1625731200000,-3.764e-05
TRXUSDT,1625760000000,-0.0001066
TRXUSDT,1625788800000,-4.904e-05
TRXUSDT,1625817600000,-6.741e-05
TRXUSDT,1625846400000,-1.851e-05
TRXUSDT,1625875200000,-1.495e-05
TRXUSDT,1625904000000,-9.994e-05
TRXUSDT,1625932800000,-8.192e-05
TRXUSDT,1625961600000,4.783e-05
TRXUSDT,1625990400000,4.08e-05
TRXUSDT,1626019200000,5.62e-06
TRXUSDT,1626048000000,-1.221e-05
TRXUSDT,1626076800000,0.0001
TRXUSDT,1626105600000,3.975e-05
TRXUSDT,1626134400000,-0.00014581
TRXUSDT,1626163200000,0.0001
TRXUSDT,1626192000000,6.715e-05
TRXUSDT,1626220800000,0.0001
TRXUSDT,1626249600000,-2.167e-05
TRXUSDT,1626278400000,1.417e-05
TRXUSDT,1626307200000,0.0001
TRXUSDT,1626336000000,8.758e-05
TRXUSDT,1626364800000,4.637e-05
TRXUSDT,1626393600000,0.0001
TRXUSDT,1626422400000,0.0001
TRXUSDT,1626451200000,-7.599e-05
TRXUSDT,1626480000000,2.914e-05
TRXUSDT,1626508800000,7.447e-05
TRXUSDT,1626537600000,5.838e-05
TRXUSDT,1626566400000,0.0001
TRXUSDT,1626595200000,-7.111e-05
TRXUSDT,1626624000000,-4.377e-05
TRXUSDT,1626652800000,4.37e-05
TRXUSDT,1626681600000,-6.006e-05
TRXUSDT,1626710400000,-9.327e-05
TRXUSDT,1626739200000,-0.00014281
TRXUSDT,1626768000000,-0.00021233
TRXUSDT,1626796800000,-0.00017885
TRXUSDT,1626825600000,-0.00015354
TRXUSDT,1626854400000,-8.39e-05
TRXUSDT,1626883200000,-8.696e-05
TRXUSDT,1626912000000,-2.281e-05
TRXUSDT,1626940800000,-7.059e-05
TRXUSDT,1626969600000,1.733e-05
TRXUSDT,1626998400000,-5.44e-05
TRXUSDT,1627027200000,-6.375e-05
TRXUSDT,1627056000000,7.97e-06
TRXUSDT,1627084800000,0.0001
TRXUSDT,1627113600000,0.0001
TRXUSDT,1627142400000,0.0001
TRXUSDT,1627171200000,0.0001
TRXUSDT,1627200000000,0.0001
TRXUSDT,1627228800000,0.0001
TRXUSDT,1627257600000,0.0001
TRXUSDT,1627286400000,0.0001
TRXUSDT,1627315200000,0.0001
TRXUSDT,1627344000000,0.0001
TRXUSDT,1627372800000,0.0001
TRXUSDT,1627401600000,0.0001
TRXUSDT,1627430400000,0.0001
TRXUSDT,1627459200000,0.0001
TRXUSDT,1627488000000,0.0001
TRXUSDT,1627516800000,0.0001
TRXUSDT,1627545600000,0.0001
TRXUSDT,1627574400000,0.0001
TRXUSDT,1627603200000,0.0001
TRXUSDT,1627632000000,0.0001
TRXUSDT,1627660800000,0.0001
TRXUSDT,1627689600000,0.0001
TRXUSDT,1627718400000,0.0001
TRXUSDT,1627747200000,0.0001
TRXUSDT,1627776000000,0.0001
TRXUSDT,1627804800000,0.0001
TRXUSDT,1627833600000,0.0001
TRXUSDT,1627862400000,0.0001
TRXUSDT,1627891200000,0.0001
TRXUSDT,1627920000000,0.0001
TRXUSDT,1627948800000,0.0001
TRXUSDT,1627977600000,0.0001
TRXUSDT,1628006400000,0.0001
TRXUSDT,1628035200000,0.0001
TRXUSDT,1628064000000,0.0001
TRXUSDT,1628092800000,0.0001
TRXUSDT,1628121600000,0.0001
TRXUSDT,1628150400000,0.0001
TRXUSDT,1628179200000,0.0001
TRXUSDT,1628208000000,0.0001
TRXUSDT,1628236800000,0.0001
TRXUSDT,1628265600000,0.0001
TRXUSDT,1628294400000,0.0001
TRXUSDT,1628323200000,0.00012699
TRXUSDT,1628352000000,0.0001
TRXUSDT,1628380800000,0.0001
TRXUSDT,1628409600000,0.0001
TRXUSDT,1628438400000,0.0001
TRXUSDT,1628467200000,0.0001
TRXUSDT,1628496000000,0.0001
TRXUSDT,1628524800000,0.0001
TRXUSDT,1628553600000,0.0001
TRXUSDT,1628582400000,0.0001
TRXUSDT,1628611200000,0.0001
TRXUSDT,1628640000000,0.0001
TRXUSDT,1628668800000,0.00021192
TRXUSDT,1628697600000,0.0002691
TRXUSDT,1628726400000,0.00029476
TRXUSDT,1628755200000,0.00014026
TRXUSDT,1628784000000,0.0001
TRXUSDT,1628812800000,0.0001
TRXUSDT,1628841600000,0.00019295
TRXUSDT,1628870400000,0.00018027
TRXUSDT,1628899200000,0.0001
TRXUSDT,1628928000000,0.00018817
TRXUSDT,1628956800000,0.00038168
TRXUSDT,1628985600000,0.00064512
TRXUSDT,1629014400000,0.00021851
TRXUSDT,1629043200000,0.00020632
TRXUSDT,1629072000000,0.00027517
TRXUSDT,1629100800000,0.00073186
TRXUSDT,1629129600000,0.00053576
TRXUSDT,1629158400000,0.0001
TRXUSDT,1629187200000,0.0001
TRXUSDT,1629216000000,0.0001
TRXUSDT,1629244800000,0.0001
TRXUSDT,1629273600000,0.0001
TRXUSDT,1629302400000,0.0001
TRXUSDT,1629331200000,0.0001
TRXUSDT,1629360000000,0.0001
TRXUSDT,1629388800000,0.0001
TRXUSDT,1629417600000,0.00010255
TRXUSDT,1629446400000,0.0001
TRXUSDT,1629475200000,0.0002445
TRXUSDT,1629504000000,0.00010164
TRXUSDT,1629532800000,0.00040647
TRXUSDT,1629561600000,0.0001
TRXUSDT,1629590400000,0.0001
TRXUSDT,1629619200000,0.00034665
TRXUSDT,1629648000000,0.00014082
TRXUSDT,1629676800000,0.0001
TRXUSDT,1629705600000,0.0006494
TRXUSDT,1629734400000,0.00054623
TRXUSDT,1629763200000,0.00051825
TRXUSDT,1629792000000,0.00060709
TRXUSDT,1629820800000,0.00025249
TRXUSDT,1629849600000,0.0001
TRXUSDT,1629878400000,0.0001
TRXUSDT,1629907200000,0.0001
TRXUSDT,1629936000000,0.0001
TRXUSDT,1629964800000,0.0001
TRXUSDT,1629993600000,0.0001
TRXUSDT,1630022400000,0.0001
TRXUSDT,1630051200000,0.0001
TRXUSDT,1630080000000,0.0001
TRXUSDT,1630108800000,0.0001
TRXUSDT,1630137600000,0.0001
TRXUSDT,1630166400000,0.0001
TRXUSDT,1630195200000,0.00031268
TRXUSDT,1630224000000,0.0001
TRXUSDT,1630252800000,0.0001
TRXUSDT,1630281600000,0.0001
TRXUSDT,1630310400000,0.0001
TRXUSDT,1630339200000,0.0001
TRXUSDT,1630368000000,0.00024104
TRXUSDT,1630396800000,0.0001
TRXUSDT,1630425600000,0.00028452
TRXUSDT,1630454400000,0.00021097
TRXUSDT,1630483200000,0.00025364
TRXUSDT,1630512000000,0.0004468
TRXUSDT,1630540800000,0.00063624
TRXUSDT,1630569600000,0.00106635
TRXUSDT,1630598400000,0.00092055
TRXUSDT,1630627200000,0.00063631
TRXUSDT,1630656000000,0.0007407
TRXUSDT,1630684800000,0.00062721
TRXUSDT,1630713600000,0.00044337
TRXUSDT,1630742400000,0.00069092
TRXUSDT,1630771200000,0.00071681
TRXUSDT,1630800000000,0.00060957
TRXUSDT,1630828800000,0.00054772
TRXUSDT,1630857600000,0.00080789
TRXUSDT,1630886400000,0.00072844
TRXUSDT,1630915200000,0.00076805
TRXUSDT,1630944000000,0.00039169
TRXUSDT,1630972800000,0.00045016
TRXUSDT,1631001600000,0.00034657
TRXUSDT,1631030400000,-0.0008483
TRXUSDT,1631059200000,-6.216e-05
TRXUSDT,1631088000000,-0.00030168
TRXUSDT,1631116800000,0.0001
TRXUSDT,1631145600000,0.0001
TRXUSDT,1631174400000,0.0001
TRXUSDT,1631203200000,0.0001
TRXUSDT,1631232000000,0.0001
TRXUSDT,1631260800000,0.0001
TRXUSDT,1631289600000,0.0001
TRXUSDT,1631318400000,3.296e-05
TRXUSDT,1631347200000,0.0001
TRXUSDT,1631376000000,0.0001
TRXUSDT,1631404800000,0.0001
TRXUSDT,1631433600000,0.0001
TRXUSDT,1631462400000,0.0001
TRXUSDT,1631491200000,0.0001
TRXUSDT,1631520000000,0.0001
TRXUSDT,1631548800000,0.0001
TRXUSDT,1631577600000,0.0001
TRXUSDT,1631606400000,0.0001
TRXUSDT,1631635200000,0.0001
TRXUSDT,1631664000000,0.0001
TRXUSDT,1631692800000,0.0001
TRXUSDT,1631721600000,0.0001
TRXUSDT,1631750400000,0.0001
TRXUSDT,1631779200000,0.0001
TRXUSDT,1631808000000,0.0001
TRXUSDT,1631836800000,0.0001
TRXUSDT,1631865600000,0.00020203
TRXUSDT,1631894400000,0.0001
TRXUSDT,1631923200000,0.0001
TRXUSDT,1631952000000,0.0001
TRXUSDT,1631980800000,0.0001
TRXUSDT,1632009600000,0.0001
TRXUSDT,1632038400000,0.0001
TRXUSDT,1632067200000,0.0001
TRXUSDT,1632096000000,0.0001
TRXUSDT,1632124800000,0.0001
TRXUSDT,1632153600000,-0.00010593
TRXUSDT,1632182400000,-0.0001856
TRXUSDT,1632211200000,0.0001
TRXUSDT,1632240000000,1.171e-05
TRXUSDT,1632268800000,9.383e-05
TRXUSDT,1632297600000,-0.0001065
TRXUSDT,1632326400000,0.0001
TRXUSDT,1632355200000,-4.478e-05
TRXUSDT,1632384000000,0.0001
TRXUSDT,1632412800000,0.0001
TRXUSDT,1632441600000,5.683e-05
TRXUSDT,1632470400000,0.0001
TRXUSDT,1632499200000,0.0001
TRXUSDT,1632528000000,0.0001
TRXUSDT,1632556800000,0.0001
TRXUSDT,1632585600000,0.0001
TRXUSDT,1632614400000,0.0001
TRXUSDT,1632643200000,0.0001
TRXUSDT,1632672000000,0.0001
TRXUSDT,1632700800000,0.0001
TRXUSDT,1632729600000,0.0001
TRXUSDT,1632758400000,0.0001
TRXUSDT,1632787200000,-7.31e-06
TRXUSDT,1632816000000,0.0001
TRXUSDT,1632844800000,1.616e-05
TRXUSDT,1632873600000,6.798e-05
TRXUSDT,1632902400000,0.0001
TRXUSDT,1632931200000,0.0001
TRXUSDT,1632960000000,8.525e-05
TRXUSDT,1632988800000,0.0001
TRXUSDT,1633017600000,0.0001
TRXUSDT,1633046400000,0.0001
TRXUSDT,1633075200000,0.0001
TRXUSDT,1633104000000,0.0001
TRXUSDT,1633132800000,0.0001
TRXUSDT,1633161600000,0.0001
TRXUSDT,1633190400000,0.0001
TRXUSDT,1633219200000,0.0001
TRXUSDT,1633248000000,0.0001
TRXUSDT,1633276800000,0.0001
TRXUSDT,1633305600000,0.0001
TRXUSDT,1633334400000,0.0001
TRXUSDT,1633363200000,0.0001
TRXUSDT,1633392000000,0.0001
TRXUSDT,1633420800000,0.0001
TRXUSDT,1633449600000,0.0001
TRXUSDT,1633478400000,0.0001
TRXUSDT,1633507200000,0.0001
TRXUSDT,1633536000000,0.0001
TRXUSDT,1633564800000,0.0001616
TRXUSDT,1633593600000,0.00034522
TRXUSDT,1633622400000,0.00044441
TRXUSDT,1633651200000,0.00026199
TRXUSDT,1633680000000,0.00042812
TRXUSDT,1633708800000,0.0003829
TRXUSDT,1633737600000,0.0001
TRXUSDT,1633766400000,0.00026213
TRXUSDT,1633795200000,0.00021919
TRXUSDT,1633824000000,0.00014184
TRXUSDT,1633852800000,0.0001
TRXUSDT,1633881600000,0.00022636
TRXUSDT,1633910400000,0.0001
TRXUSDT,1633939200000,0.0001
TRXUSDT,1633968000000,0.0001
TRXUSDT,1633996800000,0.0001
TRXUSDT,1634025600000,0.0001
TRXUSDT,1634054400000,0.0001
TRXUSDT,1634083200000,0.0001
TRXUSDT,1634112000000,0.0001
TRXUSDT,1634140800000,0.0001
TRXUSDT,1634169600000,0.0001
TRXUSDT,1634198400000,0.00011447
TRXUSDT,1634227200000,0.00021753
TRXUSDT,1634256000000,0.00010993
TRXUSDT,1634284800000,0.00028186
TRXUSDT,1634313600000,0.00018447
TRXUSDT,1634342400000,0.0001
TRXUSDT,1634371200000,0.00016007
TRXUSDT,1634400000000,0.00034693
TRXUSDT,1634428800000,0.00015493
TRXUSDT,1634457600000,0.00023803
TRXUSDT,1634486400000,0.00027222
TRXUSDT,1634515200000,0.0001
TRXUSDT,1634544000000,0.0001
TRXUSDT,1634572800000,0.0001
TRXUSDT,1634601600000,0.000103
TRXUSDT,1634630400000,0.00026529
TRXUSDT,1634659200000,0.00040057
TRXUSDT,1634688000000,0.00020642
TRXUSDT,1634716800000,0.00028247
TRXUSDT,1634745600000,0.00047747
TRXUSDT,1634774400000,0.00034329
TRXUSDT,1634803200000,0.00082055
TRXUSDT,1634832000000,0.00055553
TRXUSDT,1634860800000,0.00012813
TRXUSDT,1634889600000,0.00029146
TRXUSDT,1634918400000,0.00036312
TRXUSDT,1634947200000,0.00028419
TRXUSDT,1634976000000,0.00023325
TRXUSDT,1635004800000,0.00041903
TRXUSDT,1635033600000,0.00026861
TRXUSDT,1635062400000,0.00023832
TRXUSDT,1635091200000,0.00022014
TRXUSDT,1635120000000,0.00019726
TRXUSDT,1635148800000,0.00052776
TRXUSDT,1635177600000,0.00068349
TRXUSDT,1635206400000,0.00054583
TRXUSDT,1635235200000,0.00088967
TRXUSDT,1635264000000,0.00063182
TRXUSDT,1635292800000,0.00041614
TRXUSDT,1635321600000,0.00063081
TRXUSDT,1635350400000,0.0001
TRXUSDT,1635379200000,0.0001
TRXUSDT,1635408000000,0.0001
TRXUSDT,1635436800000,0.0001
TRXUSDT,1635465600000,0.0001
TRXUSDT,1635494400000,0.0001
TRXUSDT,1635523200000,0.0001
TRXUSDT,1635552000000,0.0001
TRXUSDT,1635580800000,0.00030967
TRXUSDT,1635609600000,0.00020899
TRXUSDT,1635638400000,0.00023053
TRXUSDT,1635667200000,0.00048104
TRXUSDT,1635696000000,0.00012863
TRXUSDT,1635724800000,0.00016175
TRXUSDT,1635753600000,0.0001
TRXUSDT,1635782400000,0.00032107
TRXUSDT,1635811200000,0.00026093
TRXUSDT,1635840000000,0.00062855
TRXUSDT,1635868800000,0.00073917
TRXUSDT,1635897600000,0.00074056
TRXUSDT,1635926400000,0.00065534
TRXUSDT,1635955200000,0.00024415
TRXUSDT,1635984000000,0.00046134
TRXUSDT,1636012800000,0.0004869
TRXUSDT,1636041600000,0.00042298
TRXUSDT,1636070400000,0.00034664
TRXUSDT,1636099200000,0.00046664
TRXUSDT,1636128000000,0.00036967
TRXUSDT,1636156800000,0.00010372
TRXUSDT,1636185600000,0.00037706
TRXUSDT,1636214400000,0.0001
TRXUSDT,1636243200000,0.0001
TRXUSDT,1636272000000,0.00044039
TRXUSDT,1636300800000,0.00037815
TRXUSDT,1636329600000,0.00051309
TRXUSDT,1636358400000,0.00062826
TRXUSDT,1636387200000,0.00068083
TRXUSDT,1636416000000,0.00042337
TRXUSDT,1636444800000,0.00063704
TRXUSDT,1636473600000,0.00030943
TRXUSDT,1636502400000,0.00028435
TRXUSDT,1636531200000,0.00023815
TRXUSDT,1636560000000,0.00045646
TRXUSDT,1636588800000,0.0001
TRXUSDT,1636617600000,0.0001
TRXUSDT,1636646400000,0.0001
TRXUSDT,1636675200000,0.0001
TRXUSDT,1636704000000,0.0001
TRXUSDT,1636732800000,0.0001
TRXUSDT,1636761600000,0.0001
TRXUSDT,1636790400000,0.0001
TRXUSDT,1636819200000,0.0001
TRXUSDT,1636848000000,0.0001
TRXUSDT,1636876800000,0.0001
TRXUSDT,1636905600000,0.0001
TRXUSDT,1636934400000,0.0001
TRXUSDT,1636963200000,0.0001
TRXUSDT,1636992000000,0.00042728
TRXUSDT,1637020800000,0.00029217
TRXUSDT,1637049600000,0.0001
TRXUSDT,1637078400000,0.0001
TRXUSDT,1637107200000,0.0001
TRXUSDT,1637136000000,0.0001
TRXUSDT,1637164800000,0.0001
TRXUSDT,1637193600000,0.0001
TRXUSDT,1637222400000,0.0001
TRXUSDT,1637251200000,0.0001
TRXUSDT,1637280000000,0.0001
TRXUSDT,1637308800000,0.0001
TRXUSDT,1637337600000,0.0001
TRXUSDT,1637366400000,0.0001
TRXUSDT,1637395200000,0.0001
TRXUSDT,1637424000000,0.0001
TRXUSDT,1637452800000,0.0001
TRXUSDT,1637481600000,0.0001
TRXUSDT,1637510400000,0.0001
TRXUSDT,1637539200000,0.0001
TRXUSDT,1637568000000,0.0001
TRXUSDT,1637596800000,0.0001
TRXUSDT,1637625600000,0.0001
TRXUSDT,1637654400000,0.0001
TRXUSDT,1637683200000,0.0001
TRXUSDT,1637712000000,0.0001
TRXUSDT,1637740800000,0.0001
TRXUSDT,1637769600000,0.0001
TRXUSDT,1637798400000,0.00013851
TRXUSDT,1637827200000,0.00021596
TRXUSDT,1637856000000,0.00019501
TRXUSDT,1637884800000,0.00029054
TRXUSDT,1637913600000,0.00020573
TRXUSDT,1637942400000,0.0001
TRXUSDT,1637971200000,0.0001
TRXUSDT,1638000000000,0.0001
TRXUSDT,1638028800000,0.0001
TRXUSDT,1638057600000,0.0001
TRXUSDT,1638086400000,0.0001
TRXUSDT,1638115200000,0.0001
TRXUSDT,1638144000000,0.0001
TRXUSDT,1638172800000,0.0001
TRXUSDT,1638201600000,0.0001
TRXUSDT,1638230400000,0.0001
TRXUSDT,1638259200000,0.0001
TRXUSDT,1638288000000,0.0001
TRXUSDT,1638316800000,0.0001
TRXUSDT,1638345600000,0.0001
TRXUSDT,1638374400000,0.0001
TRXUSDT,1638403200000,0.0001
TRXUSDT,1638432000000,0.0001
TRXUSDT,1638460800000,0.0001
TRXUSDT,1638489600000,0.0001
TRXUSDT,1638518400000,0.0001
TRXUSDT,1638547200000,0.0001
TRXUSDT,1638576000000,0.0001
TRXUSDT,1638604800000,-0.00072632
TRXUSDT,1638633600000,-0.000127
TRXUSDT,1638662400000,-3.303e-05
TRXUSDT,1638691200000,0.0001
TRXUSDT,1638720000000,1.827e-05
TRXUSDT,1638748800000,0.0001
TRXUSDT,1638777600000,0.0001
TRXUSDT,1638806400000,7.72e-06
TRXUSDT,1638835200000,6.934e-05
TRXUSDT,1638864000000,-3.15e-05
TRXUSDT,1638892800000,0.0001
TRXUSDT,1638921600000,0.0001
TRXUSDT,1638950400000,0.0001
TRXUSDT,1638979200000,0.0001
TRXUSDT,1639008000000,0.0001
TRXUSDT,1639036800000,0.0001
TRXUSDT,1639065600000,0.0001
TRXUSDT,1639094400000,3.545e-05
TRXUSDT,1639123200000,4.864e-05
TRXUSDT,1639152000000,3.611e-05
TRXUSDT,1639180800000,0.0001
TRXUSDT,1639209600000,6.362e-05
TRXUSDT,1639238400000,7.007e-05
TRXUSDT,1639267200000,0.0001
TRXUSDT,1639296000000,0.0001
TRXUSDT,1639324800000,0.0001
TRXUSDT,1639353600000,0.0001
TRXUSDT,1639382400000,-1.4e-05
TRXUSDT,1639411200000,4.114e-05
TRXUSDT,1639440000000,4.044e-05
TRXUSDT,1639468800000,0.0001
TRXUSDT,1639497600000,0.0001
TRXUSDT,1639526400000,0.0001
TRXUSDT,1639555200000,0.0001
TRXUSDT,1639584000000,8.615e-05
TRXUSDT,1639612800000,0.0001
TRXUSDT,1639641600000,0.0001
TRXUSDT,1639670400000,0.0001
TRXUSDT,1639699200000,0.0001
TRXUSDT,1639728000000,0.0001
TRXUSDT,1639756800000,0.0001
TRXUSDT,1639785600000,0.0001
TRXUSDT,1639814400000,0.0001
TRXUSDT,1639843200000,0.0001
TRXUSDT,1639872000000,0.0001
TRXUSDT,1639900800000,8.218e-05
TRXUSDT,1639929600000,6.77e-05
TRXUSDT,1639958400000,-3.846e-05
TRXUSDT,1639987200000,-5.94e-05
TRXUSDT,1640016000000,3.204e-05
TRXUSDT,1640044800000,-5.04e-06
TRXUSDT,1640073600000,0.0001
TRXUSDT,1640102400000,-7.012e-05
TRXUSDT,1640131200000,6.168e-05
TRXUSDT,1640160000000,-9.337e-05
TRXUSDT,1640188800000,0.0001
TRXUSDT,1640217600000,0.0001
TRXUSDT,1640246400000,-1.317e-05
TRXUSDT,1640275200000,0.0001
TRXUSDT,1640304000000,0.0001
TRXUSDT,1640332800000,0.0001
TRXUSDT,1640361600000,0.0001
TRXUSDT,1640390400000,0.0001
TRXUSDT,1640419200000,0.0001
TRXUSDT,1640448000000,0.0001
TRXUSDT,1640476800000,0.0001
TRXUSDT,1640505600000,0.0001
TRXUSDT,1640534400000,0.0001
TRXUSDT,1640563200000,0.0001
TRXUSDT,1640592000000,0.0001
TRXUSDT,1640620800000,0.0001
TRXUSDT,1640649600000,0.0001
TRXUSDT,1640678400000,-0.00022893
TRXUSDT,1640707200000,0.0001
TRXUSDT,1640736000000,-4.879e-05
TRXUSDT,1640764800000,-3.874e-05
TRXUSDT,1640793600000,2.706e-05
TRXUSDT,1640822400000,-3.472e-05
TRXUSDT,1640851200000,4.21e-06
TRXUSDT,1640880000000,0.0001
TRXUSDT,1640908800000,0.0001
TRXUSDT,1640937600000,0.0001
TRXUSDT,1640966400000,0.0001
TRXUSDT,1640995200000,-8.992e-05
TRXUSDT,1641024000000,0.0001
TRXUSDT,1641052800000,0.0001
TRXUSDT,1641081600000,0.0001
TRXUSDT,1641110400000,0.0001
TRXUSDT,1641139200000,0.0001
TRXUSDT,1641168000000,0.0001
TRXUSDT,1641196800000,0.0001
TRXUSDT,1641225600000,0.0001
TRXUSDT,1641254400000,0.0001
TRXUSDT,1641283200000,0.0001
TRXUSDT,1641312000000,0.0001
TRXUSDT,1641340800000,0.0001
TRXUSDT,1641369600000,0.0001
TRXUSDT,1641398400000,0.0001
TRXUSDT,1641427200000,-4.924e-05
TRXUSDT,1641456000000,-0.00014971
TRXUSDT,1641484800000,-3.135e-05
TRXUSDT,1641513600000,-5.179e-05
TRXUSDT,1641542400000,-0.00010792
TRXUSDT,1641571200000,3.458e-05
TRXUSDT,1641600000000,0.0001
TRXUSDT,1641628800000,0.0001
TRXUSDT,1641657600000,0.0001
TRXUSDT,1641686400000,0.0001
TRXUSDT,1641715200000,0.0001
TRXUSDT,1641744000000,0.0001
TRXUSDT,1641772800000,0.0001
TRXUSDT,1641801600000,0.0001
TRXUSDT,1641830400000,8.642e-05
TRXUSDT,1641859200000,0.0001
TRXUSDT,1641888000000,0.0001
TRXUSDT,1641916800000,0.0001
TRXUSDT,1641945600000,0.0001
TRXUSDT,1641974400000,0.0001
TRXUSDT,1642003200000,9.968e-05
TRXUSDT,1642032000000,0.0001
TRXUSDT,1642060800000,0.0001
TRXUSDT,1642089600000,0.0001
TRXUSDT,1642118400000,-0.00019205
TRXUSDT,1642147200000,4.797e-05
TRXUSDT,1642176000000,9.49e-06
TRXUSDT,1642204800000,-5.03e-05
TRXUSDT,1642233600000,-7.08e-06
TRXUSDT,1642262400000,-1.64e-06
TRXUSDT,1642291200000,3.626e-05
TRXUSDT,1642320000000,7.159e-05
TRXUSDT,1642348800000,1.735e-05
TRXUSDT,1642377600000,4.7e-07
TRXUSDT,1642406400000,2.074e-05
TRXUSDT,1642435200000,0.0001
TRXUSDT,1642464000000,0.0001
TRXUSDT,1642492800000,-6.097e-05
TRXUSDT,1642521600000,-8.138e-05
TRXUSDT,1642550400000,-0.00014487
TRXUSDT,1642579200000,-0.0002104
TRXUSDT,1642608000000,-0.00014091
TRXUSDT,1642636800000,3.295e-05
TRXUSDT,1642665600000,0.0001
TRXUSDT,1642694400000,5.277e-05
TRXUSDT,1642723200000,-0.00025891
TRXUSDT,1642752000000,-0.00023392
TRXUSDT,1642780800000,-0.00027503
TRXUSDT,1642809600000,-0.00030718
TRXUSDT,1642838400000,-0.00020795
TRXUSDT,1642867200000,2.125e-05
TRXUSDT,1642896000000,0.0001
TRXUSDT,1642924800000,0.0001
TRXUSDT,1642953600000,5.098e-05
TRXUSDT,1642982400000,0.0001
TRXUSDT,1643011200000,9.143e-05
TRXUSDT,1643040000000,8.067e-05
TRXUSDT,1643068800000,0.0001
TRXUSDT,1643097600000,0.0001
TRXUSDT,1643126400000,3.866e-05
TRXUSDT,1643155200000,1.262e-05
TRXUSDT,1643184000000,-4.962e-05
TRXUSDT,1643212800000,7.463e-05
TRXUSDT,1643241600000,-3.992e-05
TRXUSDT,1643270400000,-4.847e-05
TRXUSDT,1643299200000,6.677e-05
TRXUSDT,1643328000000,-7.343e-05
TRXUSDT,1643356800000,0.0001
TRXUSDT,1643385600000,3.719e-05
TRXUSDT,1643414400000,0.0001
TRXUSDT,1643443200000,0.0001
TRXUSDT,1643472000000,8.082e-05
TRXUSDT,1643500800000,0.0001
TRXUSDT,1643529600000,0.0001
TRXUSDT,1643558400000,0.0001
TRXUSDT,1643587200000,-0.00011686
TRXUSDT,1643616000000,-0.00061682
TRXUSDT,1643644800000,-0.00043331
TRXUSDT,1643673600000,-0.00040233
TRXUSDT,1643702400000,-0.00025997
TRXUSDT,1643731200000,-0.00025586
TRXUSDT,1643760000000,4.759e-05
TRXUSDT,1643788800000,0.0001
TRXUSDT,1643817600000,0.0001
TRXUSDT,1643846400000,-0.00023624
TRXUSDT,1643875200000,-0.00048697
TRXUSDT,1643904000000,-0.00046366
TRXUSDT,1643932800000,-0.00013852
TRXUSDT,1643961600000,8.07e-05
TRXUSDT,1643990400000,9.562e-05
TRXUSDT,1644019200000,-7.457e-05
TRXUSDT,1644048000000,-5.21e-05
TRXUSDT,1644076800000,-0.0003602
TRXUSDT,1644105600000,-0.0002506
TRXUSDT,1644134400000,-0.00011374
TRXUSDT,1644163200000,-0.00017616
TRXUSDT,1644192000000,0.0001
TRXUSDT,1644220800000,7.566e-05
TRXUSDT,1644249600000,0.0001
TRXUSDT,1644278400000,5.602e-05
TRXUSDT,1644307200000,0.0001
TRXUSDT,1644336000000,8.65e-06
TRXUSDT,1644364800000,3.22e-05
TRXUSDT,1644393600000,-0.00024727
TRXUSDT,1644422400000,-9.176e-05
TRXUSDT,1644451200000,-5.418e-05
TRXUSDT,1644480000000,0.0001
TRXUSDT,1644508800000,0.0001
TRXUSDT,1644537600000,0.0001
TRXUSDT,1644566400000,-0.00013795
TRXUSDT,1644595200000,-4.058e-05
TRXUSDT,1644624000000,-0.00036567
TRXUSDT,1644652800000,-0.00015122
TRXUSDT,1644681600000,-0.00044339
TRXUSDT,1644710400000,-0.00013039
TRXUSDT,1644739200000,-0.00023543
TRXUSDT,1644768000000,-0.00018836
TRXUSDT,1644796800000,-7.773e-05
TRXUSDT,1644825600000,-0.00010928
TRXUSDT,1644854400000,8.054e-05
TRXUSDT,1644883200000,-3.812e-05
TRXUSDT,1644912000000,-9.778e-05
TRXUSDT,1644940800000,-9.426e-05
TRXUSDT,1644969600000,0.0001
TRXUSDT,1644998400000,-1.402e-05
TRXUSDT,1645027200000,4.462e-05
TRXUSDT,1645056000000,6.973e-05
TRXUSDT,1645084800000,-0.00010248
TRXUSDT,1645113600000,-0.00013853
TRXUSDT,1645142400000,-0.00052308
TRXUSDT,1645171200000,-0.00035494
TRXUSDT,1645200000000,-0.00030693
TRXUSDT,1645228800000,-7.843e-05
TRXUSDT,1645257600000,-0.00015762
TRXUSDT,1645286400000,-3.913e-05
TRXUSDT,1645315200000,-0.00017847
TRXUSDT,1645344000000,-0.00037358
TRXUSDT,1645372800000,-0.00028341
TRXUSDT,1645401600000,-0.00018041
TRXUSDT,1645430400000,3.248e-05
TRXUSDT,1645459200000,-0.00026509
TRXUSDT,1645488000000,-0.00057729
TRXUSDT,1645516800000,-0.00072927
TRXUSDT,1645545600000,-0.00024653
TRXUSDT,1645574400000,-0.00015917
TRXUSDT,1645603200000,1.283e-05
TRXUSDT,1645632000000,-0.00012138
TRXUSDT,1645660800000,-0.00040608
TRXUSDT,1645689600000,-0.00090345
TRXUSDT,1645718400000,-0.00063077
TRXUSDT,1645747200000,-0.00014046
TRXUSDT,1645776000000,-0.00038165
TRXUSDT,1645804800000,-0.00016908
TRXUSDT,1645833600000,-0.00022024
TRXUSDT,1645862400000,-0.00038786
TRXUSDT,1645891200000,-0.00047277
TRXUSDT,1645920000000,-0.00046526
TRXUSDT,1645948800000,-0.00030663
TRXUSDT,1645977600000,-0.00026966
TRXUSDT,1646006400000,-0.00061695
TRXUSDT,1646035200000,-0.00025472
TRXUSDT,1646064000000,-0.00017567
TRXUSDT,1646092800000,0.0001
TRXUSDT,1646121600000,0.0001
TRXUSDT,1646150400000,0.0001
TRXUSDT,1646179200000,1.608e-05
TRXUSDT,1646208000000,0.0001
TRXUSDT,1646236800000,9.56e-06
TRXUSDT,1646265600000,-9.59e-06
TRXUSDT,1646294400000,-0.00015872
TRXUSDT,1646323200000,-0.00031978
TRXUSDT,1646352000000,-0.00060428
TRXUSDT,1646380800000,-0.00049065
TRXUSDT,1646409600000,-0.00046833
TRXUSDT,1646438400000,-0.00042444
TRXUSDT,1646467200000,-0.00038151
TRXUSDT,1646496000000,-0.00045371
TRXUSDT,1646524800000,-8.525e-05
TRXUSDT,1646553600000,-0.00013808
TRXUSDT,1646582400000,-0.00032566
TRXUSDT,1646611200000,-0.00046835
TRXUSDT,1646640000000,-0.00048377
TRXUSDT,1646668800000,5.105e-05
TRXUSDT,1646697600000,-0.00019539
TRXUSDT,1646726400000,0.0001
TRXUSDT,1646755200000,0.0001
TRXUSDT,1646784000000,0.0001
TRXUSDT,1646812800000,0.0001
TRXUSDT,1646841600000,0.0001
TRXUSDT,1646870400000,-0.00013547
TRXUSDT,1646899200000,-0.00050195
TRXUSDT,1646928000000,-0.00060951
TRXUSDT,1646956800000,-0.00019657
TRXUSDT,1646985600000,-0.00018376
TRXUSDT,1647014400000,-2.12e-06
TRXUSDT,1647043200000,-5.042e-05
TRXUSDT,1647072000000,0.0001
TRXUSDT,1647100800000,3.952e-05
TRXUSDT,1647129600000,-9.557e-05
TRXUSDT,1647158400000,0.0001
TRXUSDT,1647187200000,-2.52e-06
TRXUSDT,1647216000000,3.282e-05
TRXUSDT,1647244800000,8.004e-05
TRXUSDT,1647273600000,0.0001
TRXUSDT,1647302400000,-0.00015219
TRXUSDT,1647331200000,-0.00034111
TRXUSDT,1647360000000,6.796e-05
TRXUSDT,1647388800000,9.378e-05
TRXUSDT,1647417600000,4.724e-05
TRXUSDT,1647446400000,-3.172e-05
TRXUSDT,1647475200000,5.837e-05
TRXUSDT,1647504000000,9.614e-05
TRXUSDT,1647532800000,0.0001
TRXUSDT,1647561600000,8.244e-05
TRXUSDT,1647590400000,7.22e-06
TRXUSDT,1647619200000,5.393e-05
TRXUSDT,1647648000000,0.0001
TRXUSDT,1647676800000,0.0001
TRXUSDT,1647705600000,0.0001
TRXUSDT,1647734400000,0.0001
TRXUSDT,1647763200000,0.0001
TRXUSDT,1647792000000,0.0001
TRXUSDT,1647820800000,0.0001
TRXUSDT,1647849600000,9.941e-05
TRXUSDT,1647878400000,0.0001
TRXUSDT,1647907200000,0.0001
TRXUSDT,1647936000000,0.0001
TRXUSDT,1647964800000,0.0001
TRXUSDT,1647993600000,0.0001
TRXUSDT,1648022400000,0.0001
TRXUSDT,1648051200000,0.0001
TRXUSDT,1648080000000,0.0001
TRXUSDT,1648108800000,0.0001
TRXUSDT,1648137600000,0.0001
TRXUSDT,1648166400000,0.0001
TRXUSDT,1648195200000,0.0001
TRXUSDT,1648224000000,0.0001
TRXUSDT,1648252800000,0.0001
TRXUSDT,1648281600000,0.0001
TRXUSDT,1648310400000,0.0001
TRXUSDT,1648339200000,0.0001
TRXUSDT,1648368000000,0.0001
TRXUSDT,1648396800000,0.0001
TRXUSDT,1648425600000,0.0001
TRXUSDT,1648454400000,0.0001
TRXUSDT,1648483200000,0.0001
TRXUSDT,1648512000000,0.0001
TRXUSDT,1648540800000,0.0001
TRXUSDT,1648569600000,0.0001
TRXUSDT,1648598400000,0.0001
TRXUSDT,1648627200000,0.0001
TRXUSDT,1648656000000,0.0001
TRXUSDT,1648684800000,0.0001
TRXUSDT,1648713600000,0.0001
TRXUSDT,1648742400000,0.0001
TRXUSDT,1648771200000,0.0001
TRXUSDT,1648800000000,0.0001
TRXUSDT,1648828800000,0.0001
TRXUSDT,1648857600000,0.0001
TRXUSDT,1648886400000,0.0001
TRXUSDT,1648915200000,0.0001
TRXUSDT,1648944000000,0.0001
TRXUSDT,1648972800000,0.0001
TRXUSDT,1649001600000,0.0001
TRXUSDT,1649030400000,0.0001
TRXUSDT,1649059200000,0.0001
TRXUSDT,1649088000000,0.0001
TRXUSDT,1649116800000,0.0001
TRXUSDT,1649145600000,0.0001
TRXUSDT,1649174400000,0.0001
TRXUSDT,1649203200000,0.0001
TRXUSDT,1649232000000,0.0001
TRXUSDT,1649260800000,0.0001
TRXUSDT,1649289600000,5.622e-05
TRXUSDT,1649318400000,0.0001
TRXUSDT,1649347200000,9.835e-05
TRXUSDT,1649376000000,0.0001
TRXUSDT,1649404800000,0.0001
TRXUSDT,1649433600000,0.0001
TRXUSDT,1649462400000,0.0001
TRXUSDT,1649491200000,0.0001
TRXUSDT,1649520000000,0.0001
TRXUSDT,1649548800000,0.0001
TRXUSDT,1649577600000,0.0001
TRXUSDT,1649606400000,0.0001
TRXUSDT,1649635200000,0.0001
TRXUSDT,1649664000000,0.0001
TRXUSDT,1649692800000,6.526e-05
TRXUSDT,1649721600000,-4.08e-06
TRXUSDT,1649750400000,0.0001
TRXUSDT,1649779200000,0.0001
TRXUSDT,1649808000000,0.0001
TRXUSDT,1649836800000,0.0001
TRXUSDT,1649865600000,0.0001
TRXUSDT,1649894400000,0.0001
TRXUSDT,1649923200000,0.0001
TRXUSDT,1649952000000,4.947e-05
TRXUSDT,1649980800000,7.53e-06
TRXUSDT,1650009600000,0.0001
TRXUSDT,1650038400000,0.0001
TRXUSDT,1650067200000,0.0001
TRXUSDT,1650096000000,0.0001
TRXUSDT,1650124800000,0.0001
TRXUSDT,1650153600000,0.0001
TRXUSDT,1650182400000,0.0001
TRXUSDT,1650211200000,0.0001
TRXUSDT,1650240000000,0.0001
TRXUSDT,1650268800000,-6.489e-05
TRXUSDT,1650297600000,0.0001
TRXUSDT,1650326400000,0.0001
TRXUSDT,1650355200000,0.0001
TRXUSDT,1650384000000,0.0001
TRXUSDT,1650412800000,0.0001
TRXUSDT,1650441600000,0.0001
TRXUSDT,1650470400000,0.0001
TRXUSDT,1650499200000,0.0001
TRXUSDT,1650528000000,0.0001
TRXUSDT,1650556800000,0.0001
TRXUSDT,1650585600000,0.0001
TRXUSDT,1650614400000,0.0001
TRXUSDT,1650643200000,0.0001
TRXUSDT,1650672000000,0.0001
TRXUSDT,1650700800000,0.0001
TRXUSDT,1650729600000,0.0001
TRXUSDT,1650758400000,0.0001
TRXUSDT,1650787200000,0.0001
TRXUSDT,1650816000000,8.682e-05
TRXUSDT,1650844800000,0.0001
TRXUSDT,1650873600000,-2.373e-05
TRXUSDT,1650902400000,9.68e-05
TRXUSDT,1650931200000,0.0001
TRXUSDT,1650960000000,0.0001
TRXUSDT,1650988800000,-0.00011059
TRXUSDT,1651017600000,6.822e-05
TRXUSDT,1651046400000,0.0001
TRXUSDT,1651075200000,9.845e-05
TRXUSDT,1651104000000,3.774e-05
TRXUSDT,1651132800000,0.0001
TRXUSDT,1651161600000,-2.092e-05
TRXUSDT,1651190400000,4.747e-05
TRXUSDT,1651219200000,0.0001
TRXUSDT,1651248000000,-2.909e-05
TRXUSDT,1651276800000,-8.881e-05
TRXUSDT,1651305600000,0.0001
TRXUSDT,1651334400000,-0.00011477
TRXUSDT,1651363200000,-2.41e-06
TRXUSDT,1651392000000,0.0001
TRXUSDT,1651420800000,0.0001
TRXUSDT,1651449600000,0.0001
TRXUSDT,1651478400000,0.0001
TRXUSDT,1651507200000,-7.711e-05
TRXUSDT,1651536000000,0.0001
TRXUSDT,1651564800000,8.848e-05
TRXUSDT,1651593600000,0.0001
TRXUSDT,1651622400000,6.685e-05
TRXUSDT,1651651200000,0.0001
TRXUSDT,1651680000000,0.0001
TRXUSDT,1651708800000,0.0001
TRXUSDT,1651737600000,0.0001
TRXUSDT,1651766400000,0.0001
TRXUSDT,1651795200000,2.501e-05
TRXUSDT,1651824000000,-1.312e-05
TRXUSDT,1651852800000,0.0001
TRXUSDT,1651881600000,0.0001
TRXUSDT,1651910400000,2.484e-05
TRXUSDT,1651939200000,5.373e-05
TRXUSDT,1651968000000,0.0001
TRXUSDT,1651996800000,5.717e-05
TRXUSDT,1652025600000,0.0001
TRXUSDT,1652054400000,0.0001
TRXUSDT,1652083200000,0.0001
TRXUSDT,1652112000000,-7.16e-05
TRXUSDT,1652140800000,-0.00012318
TRXUSDT,1652169600000,0.0001
TRXUSDT,1652198400000,0.0001
TRXUSDT,1652227200000,-0.00021459
TRXUSDT,1652256000000,-0.0002301
TRXUSDT,1652284800000,-0.00460686
TRXUSDT,1652313600000,-0.00194964
TRXUSDT,1652342400000,-0.00300151
TRXUSDT,1652371200000,-0.00164353
TRXUSDT,1652400000000,-0.00157666
TRXUSDT,1652428800000,-0.00019882
TRXUSDT,1652457600000,0.0001
TRXUSDT,1652486400000,0.0001
TRXUSDT,1652515200000,7.76e-06
TRXUSDT,1652544000000,-0.00041783
TRXUSDT,1652572800000,-7.487e-05
TRXUSDT,1652601600000,-0.00026076
TRXUSDT,1652630400000,-0.00057375
TRXUSDT,1652659200000,9.582e-05
TRXUSDT,1652688000000,-0.00020428
TRXUSDT,1652716800000,-0.00048606
TRXUSDT,1652745600000,-0.00010871
TRXUSDT,1652774400000,-0.00012197
TRXUSDT,1652803200000,-0.00032135
TRXUSDT,1652832000000,3.066e-05
TRXUSDT,1652860800000,-0.00022096
TRXUSDT,1652889600000,-0.00060303
TRXUSDT,1652918400000,-0.00022338
TRXUSDT,1652947200000,-0.00010906
TRXUSDT,1652976000000,4.63e-06
TRXUSDT,1653004800000,-0.0001564
TRXUSDT,1653033600000,3.462e-05
TRXUSDT,1653062400000,-0.00015839
TRXUSDT,1653091200000,-0.00034654
TRXUSDT,1653120000000,-0.0005425
TRXUSDT,1653148800000,7.5e-07
TRXUSDT,1653177600000,2.6e-05
TRXUSDT,1653206400000,3.569e-05
TRXUSDT,1653235200000,0.0001
TRXUSDT,1653264000000,0.0001
TRXUSDT,1653292800000,0.0001
TRXUSDT,1653321600000,9.628e-05
TRXUSDT,1653350400000,3.715e-05
TRXUSDT,1653379200000,7.655e-05
TRXUSDT,1653408000000,0.0001
TRXUSDT,1653436800000,0.0001
TRXUSDT,1653465600000,0.0001
TRXUSDT,1653494400000,0.0001
TRXUSDT,1653523200000,0.0001
TRXUSDT,1653552000000,0.0001
TRXUSDT,1653580800000,0.0001
TRXUSDT,1653609600000,0.0001
TRXUSDT,1653638400000,0.0001
TRXUSDT,1653667200000,0.0001
TRXUSDT,1653696000000,0.0001
TRXUSDT,1653724800000,0.0001
TRXUSDT,1653753600000,0.0001
TRXUSDT,1653782400000,0.0001
TRXUSDT,1653811200000,0.0001
TRXUSDT,1653840000000,0.0001
TRXUSDT,1653868800000,0.0001
TRXUSDT,1653897600000,0.0001
TRXUSDT,1653926400000,0.0001
TRXUSDT,1653955200000,0.0001
TRXUSDT,1653984000000,0.0001
TRXUSDT,1654012800000,0.0001
TRXUSDT,1654041600000,0.0001
TRXUSDT,1654070400000,0.0001
TRXUSDT,1654099200000,0.0001
TRXUSDT,1654128000000,9.8e-06
TRXUSDT,1654156800000,8.34e-05
TRXUSDT,1654185600000,0.0001
TRXUSDT,1654214400000,0.0001
TRXUSDT,1654243200000,0.0001
TRXUSDT,1654272000000,5.373e-05
TRXUSDT,1654300800000,2.574e-05
TRXUSDT,1654329600000,-0.00017424
TRXUSDT,1654358400000,-8.783e-05
TRXUSDT,1654387200000,5.627e-05
TRXUSDT,1654416000000,-9.78e-06
TRXUSDT,1654444800000,0.0001
TRXUSDT,1654473600000,0.0001
TRXUSDT,1654502400000,0.0001
TRXUSDT,1654531200000,0.0001
TRXUSDT,1654560000000,0.0001
TRXUSDT,1654588800000,-6.607e-05
TRXUSDT,1654617600000,1.577e-05
TRXUSDT,1654646400000,0.0001
TRXUSDT,1654675200000,-0.00010915
TRXUSDT,1654704000000,-2.13e-05
TRXUSDT,1654732800000,4.206e-05
TRXUSDT,1654761600000,2.829e-05
TRXUSDT,1654790400000,-3.176e-05
TRXUSDT,1654819200000,-5.736e-05
TRXUSDT,1654848000000,4.352e-05
TRXUSDT,1654876800000,-0.00012772
TRXUSDT,1654905600000,-0.000273
TRXUSDT,1654934400000,-1.79e-05
TRXUSDT,1654963200000,-0.00057549
TRXUSDT,1654992000000,-0.00030393
TRXUSDT,1655020800000,-0.00052766
TRXUSDT,1655049600000,-0.00032509
TRXUSDT,1655078400000,-0.00045154
TRXUSDT,1655107200000,-0.00430136
TRXUSDT,1655136000000,-0.00107476
TRXUSDT,1655164800000,-0.0007606
TRXUSDT,1655193600000,-0.000873
TRXUSDT,1655222400000,-0.00100242
TRXUSDT,1655251200000,-0.00322751
TRXUSDT,1655280000000,-0.004875
TRXUSDT,1655308800000,-0.00187406
TRXUSDT,1655337600000,-0.00082305
TRXUSDT,1655366400000,-0.00144746
TRXUSDT,1655395200000,-0.00170153
TRXUSDT,1655424000000,-0.00143899
TRXUSDT,1655452800000,-0.0005658
TRXUSDT,1655481600000,-0.00063393
TRXUSDT,1655510400000,-0.00029647
TRXUSDT,1655539200000,-0.00074445
TRXUSDT,1655568000000,-0.00032317
TRXUSDT,1655596800000,-0.00051455
TRXUSDT,1655625600000,-0.00044454
TRXUSDT,1655654400000,-0.00042644
TRXUSDT,1655683200000,-0.00055066
TRXUSDT,1655712000000,-0.00043216
TRXUSDT,1655740800000,-0.00035562
TRXUSDT,1655769600000,-0.00033473
TRXUSDT,1655798400000,-0.00022228
TRXUSDT,1655827200000,-0.00019263
TRXUSDT,1655856000000,-0.00032117
TRXUSDT,1655884800000,-0.0003771
TRXUSDT,1655913600000,-0.00035839
TRXUSDT,1655942400000,-0.00040446
TRXUSDT,1655971200000,-0.00033764
TRXUSDT,1656000000000,-0.00075608
TRXUSDT,1656028800000,-0.00036466
TRXUSDT,1656057600000,-0.00018767
TRXUSDT,1656086400000,-0.00017758
TRXUSDT,1656115200000,-0.00015872
TRXUSDT,1656144000000,-0.00045023
TRXUSDT,1656172800000,-0.00069889
TRXUSDT,1656201600000,-0.00043752
TRXUSDT,1656230400000,-0.00036713
TRXUSDT,1656259200000,-0.00039945
TRXUSDT,1656288000000,-0.00025164
TRXUSDT,1656316800000,-0.00014062
TRXUSDT,1656345600000,-0.0003668
TRXUSDT,1656374400000,-0.00048396
TRXUSDT,1656403200000,-0.0005297
TRXUSDT,1656432000000,-0.00064686
TRXUSDT,1656460800000,-0.00129006
TRXUSDT,1656489600000,-0.00113604
TRXUSDT,1656518400000,-0.00106347
TRXUSDT,1656547200000,-0.00094782
TRXUSDT,1656576000000,-0.00084621
TRXUSDT,1656604800000,-0.00062069
TRXUSDT,1656633600000,-0.00047215
TRXUSDT,1656662400000,-0.00052557
TRXUSDT,1656691200000,-0.00062355
TRXUSDT,1656720000000,-0.00025942
TRXUSDT,1656748800000,-0.00052735
TRXUSDT,1656777600000,-0.00046082
TRXUSDT,1656806400000,-0.00057957
TRXUSDT,1656835200000,-0.00094646
TRXUSDT,1656864000000,-0.00082969
TRXUSDT,1656892800000,-9.175e-05
TRXUSDT,1656921600000,-0.00048756
TRXUSDT,1656950400000,-0.0002941
TRXUSDT,1656979200000,-0.00027648
TRXUSDT,1657008000000,-0.0002506
TRXUSDT,1657036800000,-0.00042369
TRXUSDT,1657065600000,-0.0003821
TRXUSDT,1657094400000,-0.00047076
TRXUSDT,1657123200000,-0.00059571
TRXUSDT,1657152000000,-0.00050771
TRXUSDT,1657180800000,-0.00079012
TRXUSDT,1657209600000,-0.00019765
TRXUSDT,1657238400000,-0.00049001
TRXUSDT,1657267200000,-0.00023216
TRXUSDT,1657296000000,-0.00030645
TRXUSDT,1657324800000,-0.00025521
TRXUSDT,1657353600000,-0.00018
TRXUSDT,1657382400000,-0.00013515
TRXUSDT,1657411200000,-0.00016359
TRXUSDT,1657440000000,-0.00015071
TRXUSDT,1657468800000,-0.00039629
TRXUSDT,1657497600000,-0.00043765
TRXUSDT,1657526400000,-0.0004905
TRXUSDT,1657555200000,-0.00041926
TRXUSDT,1657584000000,-0.00058781
TRXUSDT,1657612800000,-0.00033573
TRXUSDT,1657641600000,-0.00024527
TRXUSDT,1657670400000,-0.00036941
TRXUSDT,1657699200000,-0.00022055
TRXUSDT,1657728000000,-0.00045626
TRXUSDT,1657756800000,-0.00012094
TRXUSDT,1657785600000,-0.00027966
TRXUSDT,1657814400000,-0.00031216
TRXUSDT,1657843200000,1.938e-05
TRXUSDT,1657872000000,-0.00010081
TRXUSDT,1657900800000,-0.00019278
TRXUSDT,1657929600000,-2.753e-05
TRXUSDT,1657958400000,-0.00028479
TRXUSDT,1657987200000,-0.00012264
TRXUSDT,1658016000000,2.828e-05
TRXUSDT,1658044800000,-2.776e-05
TRXUSDT,1658073600000,-0.0002334
TRXUSDT,1658102400000,-0.00021466
TRXUSDT,1658131200000,-0.00018399
TRXUSDT,1658160000000,1.967e-05
TRXUSDT,1658188800000,-0.00028808
TRXUSDT,1658217600000,-0.00014943
TRXUSDT,1658246400000,-6.712e-05
TRXUSDT,1658275200000,-0.00023724
TRXUSDT,1658304000000,8.616e-05
TRXUSDT,1658332800000,-0.00011078
TRXUSDT,1658361600000,-0.00047495
TRXUSDT,1658390400000,-0.00034081
TRXUSDT,1658419200000,-0.00030865
TRXUSDT,1658448000000,-0.00028239
TRXUSDT,1658476800000,-0.00034856
TRXUSDT,1658505600000,-0.0005478
TRXUSDT,1658534400000,-0.00066356
TRXUSDT,1658563200000,-0.00044668
TRXUSDT,1658592000000,-0.00062473
TRXUSDT,1658620800000,-0.00041738
TRXUSDT,1658649600000,-0.00037926
TRXUSDT,1658678400000,-0.00038884
TRXUSDT,1658707200000,-0.00031163
TRXUSDT,1658736000000,-0.00050223
TRXUSDT,1658764800000,-0.00062143
TRXUSDT,1658793600000,-0.00063697
TRXUSDT,1658822400000,-0.00048053
TRXUSDT,1658851200000,-0.00044969
TRXUSDT,1658880000000,-0.00035365
TRXUSDT,1658908800000,-0.00027158
TRXUSDT,1658937600000,-0.00028025
TRXUSDT,1658966400000,3.201e-05
TRXUSDT,1658995200000,9.45e-06
TRXUSDT,1659024000000,8.832e-05
TRXUSDT,1659052800000,0.0001
TRXUSDT,1659081600000,7.189e-05
TRXUSDT,1659110400000,4.117e-05
TRXUSDT,1659139200000,8.958e-05
TRXUSDT,1659168000000,0.0001
TRXUSDT,1659196800000,0.0001
TRXUSDT,1659225600000,-3.008e-05
TRXUSDT,1659254400000,-0.00020337
TRXUSDT,1659283200000,-3.984e-05
TRXUSDT,1659312000000,-0.00012095
TRXUSDT,1659340800000,-7.5e-05
TRXUSDT,1659369600000,-0.00015924
TRXUSDT,1659398400000,6.876e-05
TRXUSDT,1659427200000,-0.00032601
TRXUSDT,1659456000000,-0.00010976
TRXUSDT,1659484800000,-0.00012269
TRXUSDT,1659513600000,-0.00010428
TRXUSDT,1659542400000,-0.0001397
TRXUSDT,1659571200000,-0.00031041
TRXUSDT,1659600000000,-0.00026193
TRXUSDT,1659628800000,-0.00033566
TRXUSDT,1659657600000,-3.573e-05
TRXUSDT,1659686400000,-0.00013112
TRXUSDT,1659715200000,-5.148e-05
TRXUSDT,1659744000000,-9.532e-05
TRXUSDT,1659772800000,-5.382e-05
TRXUSDT,1659801600000,3.239e-05
TRXUSDT,1659830400000,-0.00015897
TRXUSDT,1659859200000,-8.939e-05
TRXUSDT,1659888000000,-0.00017557
TRXUSDT,1659916800000,-2.606e-05
TRXUSDT,1659945600000,-0.00021118
TRXUSDT,1659974400000,-8.062e-05
TRXUSDT,1660003200000,-0.00010514
TRXUSDT,1660032000000,-0.00011618
TRXUSDT,1660060800000,-0.00026599
TRXUSDT,1660089600000,-0.00034166
TRXUSDT,1660118400000,-0.00030255
TRXUSDT,1660147200000,-0.00011244
TRXUSDT,1660176000000,-0.00011503
TRXUSDT,1660204800000,9.979e-05
TRXUSDT,1660233600000,4.394e-05
TRXUSDT,1660262400000,-5.991e-05
TRXUSDT,1660291200000,9.57e-06
TRXUSDT,1660320000000,-0.00015265
TRXUSDT,1660348800000,-0.00026608
TRXUSDT,1660377600000,0.0001
TRXUSDT,1660406400000,-0.00018412
TRXUSDT,1660435200000,-0.00014342
TRXUSDT,1660464000000,-9.447e-05
TRXUSDT,1660492800000,0.0001
TRXUSDT,1660521600000,4.851e-05
TRXUSDT,1660550400000,-0.00027567
TRXUSDT,1660579200000,-0.00042588
TRXUSDT,1660608000000,-0.00034468
TRXUSDT,1660636800000,-0.00025923
TRXUSDT,1660665600000,-0.00030736
TRXUSDT,1660694400000,-0.00023573
TRXUSDT,1660723200000,-0.00013034
TRXUSDT,1660752000000,-0.00015829
TRXUSDT,1660780800000,-0.00048564
TRXUSDT,1660809600000,-0.00035936
TRXUSDT,1660838400000,-0.00036727
TRXUSDT,1660867200000,-0.00027797
TRXUSDT,1660896000000,-0.00064417
TRXUSDT,1660924800000,-0.00039635
TRXUSDT,1660953600000,-0.00045604
TRXUSDT,1660982400000,-0.0001806
TRXUSDT,1661011200000,-0.0003226
TRXUSDT,1661040000000,-0.00022854
TRXUSDT,1661068800000,-0.00037177
TRXUSDT,1661097600000,-0.00027806
TRXUSDT,1661126400000,-9.113e-05
TRXUSDT,1661155200000,-6.275e-05
TRXUSDT,1661184000000,-0.00019645
TRXUSDT,1661212800000,-0.0001257
TRXUSDT,1661241600000,-0.00015256
TRXUSDT,1661270400000,-2.475e-05
TRXUSDT,1661299200000,-2.852e-05
TRXUSDT,1661328000000,-0.00019076
TRXUSDT,1661356800000,-0.00011977
TRXUSDT,1661385600000,-0.00036896
TRXUSDT,1661414400000,-0.00015949
TRXUSDT,1661443200000,-0.00038446
TRXUSDT,1661472000000,-0.00012361
TRXUSDT,1661500800000,-0.00029228
TRXUSDT,1661529600000,-0.00021436
TRXUSDT,1661558400000,-0.00072122
TRXUSDT,1661587200000,-0.00036042
TRXUSDT,1661616000000,-0.00019986
TRXUSDT,1661644800000,-7.467e-05
TRXUSDT,1661673600000,-0.00023933
TRXUSDT,1661702400000,-0.00027333
TRXUSDT,1661731200000,-0.00050355
TRXUSDT,1661760000000,-0.00034805
TRXUSDT,1661788800000,-0.00021351
TRXUSDT,1661817600000,-7.415e-05
TRXUSDT,1661846400000,-0.00014978
TRXUSDT,1661875200000,-5.835e-05
TRXUSDT,1661904000000,-8.956e-05
TRXUSDT,1661932800000,-6.621e-05
TRXUSDT,1661961600000,-0.00016735
TRXUSDT,1661990400000,-0.00034655
TRXUSDT,1662019200000,-0.00016865
TRXUSDT,1662048000000,-0.00032063
TRXUSDT,1662076800000,-0.00012027
TRXUSDT,1662105600000,-0.00018313
TRXUSDT,1662134400000,-0.00010387
TRXUSDT,1662163200000,-0.00034429
TRXUSDT,1662192000000,-0.00010088
TRXUSDT,1662220800000,-0.00010722
TRXUSDT,1662249600000,-5.834e-05
TRXUSDT,1662278400000,-7.36e-05
TRXUSDT,1662307200000,-3.698e-05
TRXUSDT,1662336000000,-3.04e-06
TRXUSDT,1662364800000,-0.00014281
TRXUSDT,1662393600000,-0.0001301
TRXUSDT,1662422400000,-0.00020877
TRXUSDT,1662451200000,2.3e-05
TRXUSDT,1662480000000,3.072e-05
TRXUSDT,1662508800000,-0.00055874
TRXUSDT,1662537600000,-0.00047611
TRXUSDT,1662566400000,-0.00029346
TRXUSDT,1662595200000,-0.00024202
TRXUSDT,1662624000000,-0.00022157
TRXUSDT,1662652800000,-0.00033183
TRXUSDT,1662681600000,-0.00022189
TRXUSDT,1662710400000,-7.53e-06
TRXUSDT,1662739200000,5.329e-05
TRXUSDT,1662768000000,5.051e-05
TRXUSDT,1662796800000,8.824e-05
TRXUSDT,1662825600000,0.0001
TRXUSDT,1662854400000,0.0001
TRXUSDT,1662883200000,7.73e-05
TRXUSDT,1662912000000,-3.721e-05
TRXUSDT,1662940800000,-5.063e-05
TRXUSDT,1662969600000,-2.003e-05
TRXUSDT,1662998400000,-5.157e-05
TRXUSDT,1663027200000,-0.00010179
TRXUSDT,1663056000000,-3.664e-05
TRXUSDT,1663084800000,-0.00049116
TRXUSDT,1663113600000,-0.00068337
TRXUSDT,1663142400000,-0.00038382
TRXUSDT,1663171200000,-0.00046842
TRXUSDT,1663200000000,-0.00021558
TRXUSDT,1663228800000,-0.00036174
TRXUSDT,1663257600000,-0.00033774
TRXUSDT,1663286400000,-0.00022501
TRXUSDT,1663315200000,-0.00016796
TRXUSDT,1663344000000,-0.00023243
TRXUSDT,1663372800000,-0.00015058
TRXUSDT,1663401600000,-0.00022196
TRXUSDT,1663430400000,-8.848e-05
TRXUSDT,1663459200000,-0.00018312
TRXUSDT,1663488000000,9.97e-06
TRXUSDT,1663516800000,8.3e-06
TRXUSDT,1663545600000,-0.00031741
TRXUSDT,1663574400000,-0.00046392
TRXUSDT,1663603200000,-0.00025329
TRXUSDT,1663632000000,-0.00012463
TRXUSDT,1663660800000,-1.679e-05
TRXUSDT,1663689600000,-0.00017509
TRXUSDT,1663718400000,-0.00020865
TRXUSDT,1663747200000,-0.00026533
TRXUSDT,1663776000000,-0.00015718
TRXUSDT,1663804800000,-0.00027546
TRXUSDT,1663833600000,-0.00030765
TRXUSDT,1663862400000,-0.00016035
TRXUSDT,1663891200000,-5.5e-05
TRXUSDT,1663920000000,5.201e-05
TRXUSDT,1663948800000,-0.00016647
TRXUSDT,1663977600000,-5.87e-06
TRXUSDT,1664006400000,7.229e-05
TRXUSDT,1664035200000,8.15e-05
TRXUSDT,1664064000000,-0.00016524
TRXUSDT,1664092800000,-7.262e-05
TRXUSDT,1664121600000,-2.494e-05
TRXUSDT,1664150400000,-3.91e-06
TRXUSDT,1664179200000,-0.00028815
TRXUSDT,1664208000000,-3.62e-05
TRXUSDT,1664236800000,-5.567e-05
TRXUSDT,1664265600000,-3.876e-05
TRXUSDT,1664294400000,1.537e-05
TRXUSDT,1664323200000,-0.00024527
TRXUSDT,1664352000000,-0.00024095
TRXUSDT,1664380800000,-6.605e-05
TRXUSDT,1664409600000,5.896e-05
TRXUSDT,1664438400000,0.0001
TRXUSDT,1664467200000,5.244e-05
TRXUSDT,1664496000000,7.403e-05
TRXUSDT,1664524800000,8.987e-05
TRXUSDT,1664553600000,-2.522e-05
TRXUSDT,1664582400000,4.573e-05
TRXUSDT,1664611200000,5.26e-06
TRXUSDT,1664640000000,2.29e-06
TRXUSDT,1664668800000,-8.891e-05
TRXUSDT,1664697600000,-0.00013016
TRXUSDT,1664726400000,-9.621e-05
TRXUSDT,1664755200000,-4.251e-05
TRXUSDT,1664784000000,-1.313e-05
TRXUSDT,1664812800000,4.964e-05
TRXUSDT,1664841600000,-1.088e-05
TRXUSDT,1664870400000,-0.00013547
TRXUSDT,1664899200000,-1.433e-05
TRXUSDT,1664928000000,1.679e-05
TRXUSDT,1664956800000,9.136e-05
TRXUSDT,1664985600000,-5.94e-06
TRXUSDT,1665014400000,-7.328e-05
TRXUSDT,1665043200000,8.83e-06
TRXUSDT,1665072000000,-9.118e-05
TRXUSDT,1665100800000,-4.71e-05
TRXUSDT,1665129600000,-4.315e-05
TRXUSDT,1665158400000,-0.00013586
TRXUSDT,1665187200000,-0.00017458
TRXUSDT,1665216000000,-9.248e-05
TRXUSDT,1665244800000,-5.16e-06
TRXUSDT,1665273600000,-0.00016824
TRXUSDT,1665302400000,8.25e-06
TRXUSDT,1665331200000,5.184e-05
TRXUSDT,1665360000000,8.441e-05
TRXUSDT,1665388800000,4.07e-06
TRXUSDT,1665417600000,0.0001
TRXUSDT,1665446400000,7.032e-05
TRXUSDT,1665475200000,-0.00011432
TRXUSDT,1665504000000,1.851e-05
TRXUSDT,1665532800000,0.0001
TRXUSDT,1665561600000,6.033e-05
TRXUSDT,1665590400000,5.13e-06
TRXUSDT,1665619200000,-0.00015244
TRXUSDT,1665648000000,-0.00021583
TRXUSDT,1665676800000,-1.686e-05
TRXUSDT,1665705600000,-2.547e-05
TRXUSDT,1665734400000,-2.293e-05
TRXUSDT,1665763200000,0.0001
TRXUSDT,1665792000000,0.0001
TRXUSDT,1665820800000,0.0001
TRXUSDT,1665849600000,-1.601e-05
TRXUSDT,1665878400000,-3.07e-05
TRXUSDT,1665907200000,-5.373e-05
TRXUSDT,1665936000000,-9.122e-05
TRXUSDT,1665964800000,-5.513e-05
TRXUSDT,1665993600000,2.894e-05
TRXUSDT,1666022400000,-3.43e-06
TRXUSDT,1666051200000,8.227e-05
TRXUSDT,1666080000000,5.272e-05
TRXUSDT,1666108800000,-1.946e-05
TRXUSDT,1666137600000,-2.754e-05
TRXUSDT,1666166400000,0.0001
TRXUSDT,1666195200000,-2.449e-05
TRXUSDT,1666224000000,-6.135e-05
TRXUSDT,1666252800000,-0.00013038
TRXUSDT,1666281600000,5.639e-05
TRXUSDT,1666310400000,7.412e-05
TRXUSDT,1666339200000,1.407e-05
TRXUSDT,1666368000000,-0.00016148
TRXUSDT,1666396800000,-0.00016191
TRXUSDT,1666425600000,-0.00022775
TRXUSDT,1666454400000,-0.0002465
TRXUSDT,1666483200000,-7.95e-05
TRXUSDT,1666512000000,-4.45e-06
TRXUSDT,1666540800000,-0.00016134
TRXUSDT,1666569600000,-6.751e-05
TRXUSDT,1666598400000,-0.00013407
TRXUSDT,1666627200000,-9.27e-06
TRXUSDT,1666656000000,1.473e-05
TRXUSDT,1666684800000,6.685e-05
TRXUSDT,1666713600000,5.494e-05
TRXUSDT,1666742400000,-4.616e-05
TRXUSDT,1666771200000,-9.31e-06
TRXUSDT,1666800000000,-5.52e-05
TRXUSDT,1666828800000,7.869e-05
TRXUSDT,1666857600000,7.569e-05
TRXUSDT,1666886400000,0.0001
TRXUSDT,1666915200000,3.401e-05
TRXUSDT,1666944000000,2.649e-05
TRXUSDT,1666972800000,5.15e-05
TRXUSDT,1667001600000,4.644e-05
TRXUSDT,1667030400000,0.0001
TRXUSDT,1667059200000,0.0001
TRXUSDT,1667088000000,8.748e-05
TRXUSDT,1667116800000,9.83e-05
TRXUSDT,1667145600000,5.845e-05
TRXUSDT,1667174400000,5.961e-05
TRXUSDT,1667203200000,-5.882e-05
TRXUSDT,1667232000000,4.782e-05
TRXUSDT,1667260800000,0.0001
TRXUSDT,1667289600000,6.534e-05
TRXUSDT,1667318400000,-9.047e-05
TRXUSDT,1667347200000,-0.000104
TRXUSDT,1667376000000,-7.274e-05
TRXUSDT,1667404800000,9.275e-05
TRXUSDT,1667433600000,-0.00010253
TRXUSDT,1667462400000,-9.036e-05
TRXUSDT,1667491200000,-2.743e-05
TRXUSDT,1667520000000,-0.00012285
TRXUSDT,1667548800000,-3.09e-05
TRXUSDT,1667577600000,4.324e-05
TRXUSDT,1667606400000,5.66e-05
TRXUSDT,1667635200000,0.0001
TRXUSDT,1667664000000,0.0001
TRXUSDT,1667692800000,0.0001
TRXUSDT,1667721600000,0.0001
TRXUSDT,1667750400000,0.0001
TRXUSDT,1667779200000,6.79e-06
TRXUSDT,1667808000000,1.094e-05
TRXUSDT,1667836800000,1.719e-05
TRXUSDT,1667865600000,1.474e-05
TRXUSDT,1667894400000,-0.0002013
TRXUSDT,1667923200000,-3.023e-05
TRXUSDT,1667952000000,-0.00034561
TRXUSDT,1667980800000,-0.00165254
TRXUSDT,1668009600000,7.091e-05
TRXUSDT,1668038400000,-0.00038373
TRXUSDT,1668067200000,-0.00038428
TRXUSDT,1668096000000,-0.00039409
TRXUSDT,1668124800000,-0.00031072
TRXUSDT,1668153600000,-0.00022494
TRXUSDT,1668182400000,-0.00034163
TRXUSDT,1668211200000,-0.00017262
TRXUSDT,1668240000000,-0.00051135
TRXUSDT,1668268800000,-0.00019572
TRXUSDT,1668297600000,-0.00020706
TRXUSDT,1668326400000,-0.00082833
TRXUSDT,1668355200000,-0.00037252
TRXUSDT,1668384000000,-0.00088207
TRXUSDT,1668412800000,-0.00227044
TRXUSDT,1668441600000,-0.00053119
TRXUSDT,1668470400000,-0.00086585
TRXUSDT,1668499200000,-0.00026609
TRXUSDT,1668528000000,-0.00024971
TRXUSDT,1668556800000,-0.00027957
TRXUSDT,1668585600000,-0.00031197
TRXUSDT,1668614400000,-0.00017738
TRXUSDT,1668643200000,-0.00020643
TRXUSDT,1668672000000,-0.00037925
TRXUSDT,1668700800000,-0.00022251
TRXUSDT,1668729600000,-0.00011131
TRXUSDT,1668758400000,-0.00028088
TRXUSDT,1668787200000,-0.00024203
TRXUSDT,1668816000000,-0.00027119
TRXUSDT,1668844800000,-0.00031391
TRXUSDT,1668873600000,-0.00018518
TRXUSDT,1668902400000,-0.00021446
TRXUSDT,1668931200000,-0.00042502
TRXUSDT,1668960000000,-0.00023719
TRXUSDT,1668988800000,-0.00032824
TRXUSDT,1669017600000,-0.00020439
TRXUSDT,1669046400000,-0.00016902
TRXUSDT,1669075200000,-0.00014984
TRXUSDT,1669104000000,-0.00014975
TRXUSDT,1669132800000,-0.00068986
TRXUSDT,1669161600000,-0.00023296
TRXUSDT,1669190400000,-0.00025091
TRXUSDT,1669219200000,-0.00039562
TRXUSDT,1669248000000,-0.00018821
TRXUSDT,1669276800000,-0.00026099
TRXUSDT,1669305600000,-0.00016704
TRXUSDT,1669334400000,-0.00014797
TRXUSDT,1669363200000,-0.00017859
TRXUSDT,1669392000000,-0.00024322
TRXUSDT,1669420800000,-0.00026895
TRXUSDT,1669449600000,-0.0002288
TRXUSDT,1669478400000,-0.00020783
TRXUSDT,1669507200000,-0.00021973
TRXUSDT,1669536000000,-0.00012364
TRXUSDT,1669564800000,-7.719e-05
TRXUSDT,1669593600000,-0.00013279
TRXUSDT,1669622400000,-0.00020438
TRXUSDT,1669651200000,-0.00011143
TRXUSDT,1669680000000,-9.966e-05
TRXUSDT,1669708800000,-7.379e-05
TRXUSDT,1669737600000,-3.243e-05
TRXUSDT,1669766400000,-0.00014663
TRXUSDT,1669795200000,-0.00011217
TRXUSDT,1669824000000,-7.972e-05
TRXUSDT,1669852800000,1.413e-05
TRXUSDT,1669881600000,-1.235e-05
TRXUSDT,1669910400000,-0.00012281
TRXUSDT,1669939200000,1.382e-05
TRXUSDT,1669968000000,-0.0002585
TRXUSDT,1669996800000,-9.543e-05
TRXUSDT,1670025600000,-6.043e-05
TRXUSDT,1670054400000,-0.00017855
TRXUSDT,1670083200000,-1.445e-05
TRXUSDT,1670112000000,-0.00023979
TRXUSDT,1670140800000,-0.00018982
TRXUSDT,1670169600000,-0.00046024
TRXUSDT,1670198400000,-0.00040231
TRXUSDT,1670227200000,-0.00026836
TRXUSDT,1670256000000,-0.00026288
TRXUSDT,1670284800000,-0.00014463
TRXUSDT,1670313600000,-0.00027767
TRXUSDT,1670342400000,-0.00022049
TRXUSDT,1670371200000,-5.009e-05
TRXUSDT,1670400000000,-0.00025764
TRXUSDT,1670428800000,-0.00015982
TRXUSDT,1670457600000,-8.318e-05
TRXUSDT,1670486400000,6.1e-07
TRXUSDT,1670515200000,-4.768e-05
TRXUSDT,1670544000000,3.49e-05
TRXUSDT,1670572800000,-6.03e-05
TRXUSDT,1670601600000,1.045e-05
TRXUSDT,1670630400000,-3.514e-05
TRXUSDT,1670659200000,-1.467e-05
TRXUSDT,1670688000000,-8.126e-05
TRXUSDT,1670716800000,1.542e-05
TRXUSDT,1670745600000,-2.136e-05
TRXUSDT,1670774400000,-5.859e-05
TRXUSDT,1670803200000,2.148e-05
TRXUSDT,1670832000000,-0.0003172
TRXUSDT,1670860800000,-3.746e-05
TRXUSDT,1670889600000,-3.474e-05
TRXUSDT,1670918400000,-0.00020101
TRXUSDT,1670947200000,-4.303e-05
TRXUSDT,1670976000000,-9.677e-05
TRXUSDT,1671004800000,-0.00011601
TRXUSDT,1671033600000,2.843e-05
TRXUSDT,1671062400000,7.44e-05
TRXUSDT,1671091200000,0.0001
TRXUSDT,1671120000000,-2.647e-05
TRXUSDT,1671148800000,0.0001
TRXUSDT,1671177600000,-6.303e-05
TRXUSDT,1671206400000,-1.761e-05
TRXUSDT,1671235200000,-0.00025065
TRXUSDT,1671264000000,-0.00047891
TRXUSDT,1671292800000,-0.00053665
TRXUSDT,1671321600000,-0.00093483
TRXUSDT,1671350400000,-0.00040771
TRXUSDT,1671379200000,-0.00018596
TRXUSDT,1671408000000,-4.996e-05
TRXUSDT,1671436800000,-0.00015132
TRXUSDT,1671465600000,1.605e-05
TRXUSDT,1671494400000,-8.869e-05
TRXUSDT,1671523200000,-8.389e-05
TRXUSDT,1671552000000,5.59e-06
TRXUSDT,1671580800000,2.73e-06
TRXUSDT,1671609600000,3.97e-06
TRXUSDT,1671638400000,1.05e-06
TRXUSDT,1671667200000,-0.00013887
TRXUSDT,1671696000000,-5.457e-05
TRXUSDT,1671724800000,-0.00010836
TRXUSDT,1671753600000,-8.511e-05
TRXUSDT,1671782400000,-0.00014951
TRXUSDT,1671811200000,-0.0001876
TRXUSDT,1671840000000,-0.00023264
TRXUSDT,1671868800000,-7.189e-05
TRXUSDT,1671897600000,-6.23e-05
TRXUSDT,1671926400000,-0.00012215
TRXUSDT,1671955200000,-0.00013898
TRXUSDT,1671984000000,-8.722e-05
TRXUSDT,1672012800000,-7.41e-06
TRXUSDT,1672041600000,-3.406e-05
TRXUSDT,1672070400000,-0.00014847
TRXUSDT,1672099200000,8.63e-06
TRXUSDT,1672128000000,-0.00018743
TRXUSDT,1672156800000,-0.00030407
TRXUSDT,1672185600000,-0.00010549
TRXUSDT,1672214400000,-0.00026806
TRXUSDT,1672243200000,-0.00015436
TRXUSDT,1672272000000,-0.00010536
TRXUSDT,1672300800000,-0.00016286
TRXUSDT,1672329600000,-0.00011237
TRXUSDT,1672358400000,-0.00037799
TRXUSDT,1672387200000,-0.00041483
TRXUSDT,1672416000000,-0.00047957
TRXUSDT,1672444800000,-0.00015962
TRXUSDT,1672473600000,-7.893e-05
TRXUSDT,1672502400000,-5.854e-05
TRXUSDT,1672531200000,-0.00011615
TRXUSDT,1672560000000,-8.48e-06
TRXUSDT,1672588800000,-0.00013053
TRXUSDT,1672617600000,-0.00011977
TRXUSDT,1672646400000,-0.00017468
TRXUSDT,1672675200000,-3.47e-05
TRXUSDT,1672704000000,-3.546e-05
TRXUSDT,1672732800000,5.134e-05
TRXUSDT,1672761600000,2.055e-05
TRXUSDT,1672790400000,-0.000122
TRXUSDT,1672819200000,-8.53e-05
TRXUSDT,1672848000000,-0.00017082
TRXUSDT,1672876800000,-0.00037958
TRXUSDT,1672905600000,-0.00048797
TRXUSDT,1672934400000,-0.00043955
TRXUSDT,1672963200000,-0.00142804
TRXUSDT,1672992000000,-0.00259376
TRXUSDT,1673020800000,-0.00179834
TRXUSDT,1673049600000,-0.00014421
TRXUSDT,1673078400000,-0.00055595
TRXUSDT,1673107200000,-0.00058005
TRXUSDT,1673136000000,-0.00026979
TRXUSDT,1673164800000,-0.00023152
TRXUSDT,1673193600000,-0.00029062
TRXUSDT,1673222400000,-6.58e-05
TRXUSDT,1673251200000,-0.00015533
TRXUSDT,1673280000000,-8.996e-05
TRXUSDT,1673308800000,-0.00015767
TRXUSDT,1673337600000,-0.00011145
TRXUSDT,1673366400000,-4.977e-05
TRXUSDT,1673395200000,-9.613e-05
TRXUSDT,1673424000000,-1.941e-05
TRXUSDT,1673452800000,2.6e-06
TRXUSDT,1673481600000,-5.842e-05
TRXUSDT,1673510400000,-0.00012724
TRXUSDT,1673539200000,-7.592e-05
TRXUSDT,1673568000000,-0.0001248
TRXUSDT,1673596800000,3.93e-05
TRXUSDT,1673625600000,-6.162e-05
TRXUSDT,1673654400000,0.0001
TRXUSDT,1673683200000,0.0001
TRXUSDT,1673712000000,0.0001
TRXUSDT,1673740800000,0.0001
TRXUSDT,1673769600000,0.0001
TRXUSDT,1673798400000,0.0001
TRXUSDT,1673827200000,0.0001
TRXUSDT,1673856000000,-7.51e-06
TRXUSDT,1673884800000,9.312e-05
TRXUSDT,1673913600000,0.0001
TRXUSDT,1673942400000,0.0001
TRXUSDT,1673971200000,7.682e-05
TRXUSDT,1674000000000,-1.656e-05
TRXUSDT,1674028800000,0.0001
TRXUSDT,1674057600000,0.0001
TRXUSDT,1674086400000,-0.00032174
TRXUSDT,1674115200000,-0.00017961
TRXUSDT,1674144000000,-8.873e-05
TRXUSDT,1674172800000,-2.63e-06
TRXUSDT,1674201600000,-2.983e-05
TRXUSDT,1674230400000,-2.586e-05
TRXUSDT,1674259200000,0.0001
TRXUSDT,1674288000000,0.0001
TRXUSDT,1674316800000,0.0001
TRXUSDT,1674345600000,0.0001
TRXUSDT,1674374400000,0.0001
TRXUSDT,1674403200000,0.0001
TRXUSDT,1674432000000,0.0001
TRXUSDT,1674460800000,0.0001
TRXUSDT,1674489600000,0.0001
TRXUSDT,1674518400000,0.0001
TRXUSDT,1674547200000,0.0001
TRXUSDT,1674576000000,0.0001
TRXUSDT,1674604800000,2.082e-05
TRXUSDT,1674633600000,2.356e-05
TRXUSDT,1674662400000,-1.687e-05
TRXUSDT,1674691200000,0.0001
TRXUSDT,1674720000000,0.0001
TRXUSDT,1674748800000,0.0001
TRXUSDT,1674777600000,0.0001
TRXUSDT,1674806400000,0.0001
TRXUSDT,1674835200000,0.0001
TRXUSDT,1674864000000,0.0001
TRXUSDT,1674892800000,0.0001
TRXUSDT,1674921600000,0.0001
TRXUSDT,1674950400000,0.0001
TRXUSDT,1674979200000,0.0001
TRXUSDT,1675008000000,0.0001
TRXUSDT,1675036800000,0.0001
TRXUSDT,1675065600000,0.0001
TRXUSDT,1675094400000,7.208e-05
TRXUSDT,1675123200000,0.0001
TRXUSDT,1675152000000,0.0001
TRXUSDT,1675180800000,0.0001
TRXUSDT,1675209600000,0.0001
TRXUSDT,1675238400000,8.16e-05
TRXUSDT,1675267200000,0.0001
TRXUSDT,1675296000000,0.0001
TRXUSDT,1675324800000,0.0001
TRXUSDT,1675353600000,0.0001
TRXUSDT,1675382400000,0.0001
TRXUSDT,1675411200000,0.0001
TRXUSDT,1675440000000,0.0001
TRXUSDT,1675468800000,0.0001
TRXUSDT,1675497600000,0.0001
TRXUSDT,1675526400000,0.0001
TRXUSDT,1675555200000,0.0001
TRXUSDT,1675584000000,0.0001
TRXUSDT,1675612800000,0.0001
TRXUSDT,1675641600000,0.0001
TRXUSDT,1675670400000,0.0001
TRXUSDT,1675699200000,0.0001
TRXUSDT,1675728000000,0.0001
TRXUSDT,1675756800000,0.0001
TRXUSDT,1675785600000,0.0001
TRXUSDT,1675814400000,0.0001
TRXUSDT,1675843200000,0.0001
TRXUSDT,1675872000000,0.0001
TRXUSDT,1675900800000,0.0001
TRXUSDT,1675929600000,0.0001
TRXUSDT,1675958400000,0.0001
TRXUSDT,1675987200000,-0.00023064
TRXUSDT,1676016000000,0.0001
TRXUSDT,1676044800000,6.981e-05
TRXUSDT,1676073600000,1.825e-05
TRXUSDT,1676102400000,0.0001
TRXUSDT,1676131200000,4.484e-05
TRXUSDT,1676160000000,5.56e-05
TRXUSDT,1676188800000,-8.385e-05
TRXUSDT,1676217600000,3.048e-05
TRXUSDT,1676246400000,-0.00012381
TRXUSDT,1676275200000,9.469e-05
TRXUSDT,1676304000000,0.0001
TRXUSDT,1676332800000,0.0001
TRXUSDT,1676361600000,3.345e-05
TRXUSDT,1676390400000,6.32e-05
TRXUSDT,1676419200000,0.0001
TRXUSDT,1676448000000,4.738e-05
TRXUSDT,1676476800000,9.106e-05
TRXUSDT,1676505600000,0.0001
TRXUSDT,1676534400000,0.0001
TRXUSDT,1676563200000,0.0001
TRXUSDT,1676592000000,0.0001
TRXUSDT,1676620800000,0.0001
TRXUSDT,1676649600000,0.0001
TRXUSDT,1676678400000,0.0001
TRXUSDT,1676707200000,0.0001
TRXUSDT,1676736000000,0.0001
TRXUSDT,1676764800000,0.0001
TRXUSDT,1676793600000,0.0001
TRXUSDT,1676822400000,0.0001
TRXUSDT,1676851200000,0.0001
TRXUSDT,1676880000000,0.0001
TRXUSDT,1676908800000,0.0001
TRXUSDT,1676937600000,0.0001
TRXUSDT,1676966400000,0.0001
TRXUSDT,1676995200000,0.0001
TRXUSDT,1677024000000,0.0001
TRXUSDT,1677052800000,8.313e-05
TRXUSDT,1677081600000,0.0001
TRXUSDT,1677110400000,0.0001
TRXUSDT,1677139200000,0.0001
TRXUSDT,1677168000000,0.0001
TRXUSDT,1677196800000,0.0001
TRXUSDT,1677225600000,0.0001
TRXUSDT,1677254400000,2.278e-05
TRXUSDT,1677283200000,-0.00018239
TRXUSDT,1677312000000,-0.00010367
TRXUSDT,1677340800000,8.755e-05
TRXUSDT,1677369600000,-0.00012988
TRXUSDT,1677398400000,-3.657e-05
TRXUSDT,1677427200000,8.72e-05
TRXUSDT,1677456000000,4.387e-05
TRXUSDT,1677484800000,-6.022e-05
TRXUSDT,1677513600000,8.153e-05
TRXUSDT,1677542400000,-6.42e-05
TRXUSDT,1677571200000,9.29e-05
TRXUSDT,1677600000000,0.0001
TRXUSDT,1677628800000,-5.731e-05
TRXUSDT,1677657600000,0.0001
TRXUSDT,1677686400000,0.0001
TRXUSDT,1677715200000,0.0001
TRXUSDT,1677744000000,5.266e-05
TRXUSDT,1677772800000,6.776e-05
TRXUSDT,1677801600000,3.848e-05
TRXUSDT,1677830400000,-0.00018818
TRXUSDT,1677859200000,-0.000195
TRXUSDT,1677888000000,5.204e-05
TRXUSDT,1677916800000,-0.00016581
TRXUSDT,1677945600000,-0.00017805
TRXUSDT,1677974400000,-0.00033248
TRXUSDT,1678003200000,-0.00018564
TRXUSDT,1678032000000,-0.00013458
TRXUSDT,1678060800000,-8.993e-05
TRXUSDT,1678089600000,-0.00018859
TRXUSDT,1678118400000,-8.483e-05
TRXUSDT,1678147200000,-7.25e-05
TRXUSDT,1678176000000,-9.634e-05
TRXUSDT,1678204800000,-0.00027866
TRXUSDT,1678233600000,-0.00025079
TRXUSDT,1678262400000,-0.00031168
TRXUSDT,1678291200000,-0.00023037
TRXUSDT,1678320000000,-0.0003804
TRXUSDT,1678348800000,-7.549e-05
TRXUSDT,1678377600000,-7.218e-05
TRXUSDT,1678406400000,-0.00183111
TRXUSDT,1678435200000,-0.00138063
TRXUSDT,1678464000000,-0.00053695
TRXUSDT,1678492800000,-0.00044928
TRXUSDT,1678521600000,-0.00175049
TRXUSDT,1678550400000,-0.00090905
TRXUSDT,1678579200000,-0.00030457
TRXUSDT,1678608000000,-0.00032948
TRXUSDT,1678636800000,-0.00043488
TRXUSDT,1678665600000,-9.065e-05
TRXUSDT,1678694400000,0.0001
TRXUSDT,1678723200000,7.651e-05
TRXUSDT,1678752000000,7.162e-05
TRXUSDT,1678780800000,-5.628e-05
TRXUSDT,1678809600000,0.0001
TRXUSDT,1678838400000,0.0001
TRXUSDT,1678867200000,0.0001
TRXUSDT,1678896000000,7.009e-05
TRXUSDT,1678924800000,-4.709e-05
TRXUSDT,1678953600000,9.735e-05
TRXUSDT,1678982400000,-0.00011124
TRXUSDT,1679011200000,-6.037e-05
TRXUSDT,1679040000000,-0.00011193
TRXUSDT,1679068800000,-0.00011847
TRXUSDT,1679097600000,5.472e-05
TRXUSDT,1679126400000,0.0001
TRXUSDT,1679155200000,0.0001
TRXUSDT,1679184000000,-9.01e-05
TRXUSDT,1679212800000,0.0001
TRXUSDT,1679241600000,8.885e-05
TRXUSDT,1679270400000,5.174e-05
TRXUSDT,1679299200000,-0.00010255
TRXUSDT,1679328000000,0.0001
TRXUSDT,1679356800000,-0.00035872
TRXUSDT,1679385600000,-0.00029205
TRXUSDT,1679414400000,7.313e-05
TRXUSDT,1679443200000,0.0001
TRXUSDT,1679472000000,6.771e-05
TRXUSDT,1679500800000,0.0001
TRXUSDT,1679529600000,-0.00180589
TRXUSDT,1679558400000,-0.00048358
TRXUSDT,1679587200000,-0.00030305
TRXUSDT,1679616000000,-0.00030194
TRXUSDT,1679644800000,-0.00038247
TRXUSDT,1679673600000,0.0001
TRXUSDT,1679702400000,-0.00031087
TRXUSDT,1679731200000,-0.00029793
TRXUSDT,1679760000000,-0.00015359
TRXUSDT,1679788800000,-0.00021566
TRXUSDT,1679817600000,-0.00010853
TRXUSDT,1679846400000,-0.00023075
TRXUSDT,1679875200000,-0.00012634
TRXUSDT,1679904000000,-0.00031226
TRXUSDT,1679932800000,-0.00037721
TRXUSDT,1679961600000,-0.00024486
TRXUSDT,1679990400000,2.289e-05
TRXUSDT,1680019200000,-0.00012681
TRXUSDT,1680048000000,-2.944e-05
TRXUSDT,1680076800000,9.286e-05
TRXUSDT,1680105600000,-0.00012857
TRXUSDT,1680134400000,-0.00030637
TRXUSDT,1680163200000,1.042e-05
TRXUSDT,1680192000000,9.811e-05
TRXUSDT,1680220800000,4.019e-05
TRXUSDT,1680249600000,-9.745e-05
TRXUSDT,1680278400000,4.889e-05
TRXUSDT,1680307200000,-0.00011404
TRXUSDT,1680336000000,-1.328e-05
TRXUSDT,1680364800000,0.0001
TRXUSDT,1680393600000,-4.711e-05
TRXUSDT,1680422400000,2.323e-05
TRXUSDT,1680451200000,2.07e-05
TRXUSDT,1680480000000,4.714e-05
TRXUSDT,1680508800000,-3.026e-05
TRXUSDT,1680537600000,-2.952e-05
TRXUSDT,1680566400000,2.525e-05
TRXUSDT,1680595200000,8.852e-05
TRXUSDT,1680624000000,0.0001
TRXUSDT,1680652800000,4.008e-05
TRXUSDT,1680681600000,0.0001
TRXUSDT,1680710400000,4.101e-05
TRXUSDT,1680739200000,-7.244e-05
TRXUSDT,1680768000000,-6.975e-05
TRXUSDT,1680796800000,2.028e-05
TRXUSDT,1680825600000,-0.0001148
TRXUSDT,1680854400000,-0.00019606
TRXUSDT,1680883200000,-0.00010609
TRXUSDT,1680912000000,-9.898e-05
TRXUSDT,1680940800000,0.0001
TRXUSDT,1680969600000,-9.31e-06
TRXUSDT,1680998400000,-7.301e-05
TRXUSDT,1681027200000,-7.852e-05
TRXUSDT,1681056000000,-7.815e-05
TRXUSDT,1681084800000,5.681e-05
TRXUSDT,1681113600000,-4.325e-05
TRXUSDT,1681142400000,6.09e-06
TRXUSDT,1681171200000,7.576e-05
TRXUSDT,1681200000000,5.22e-05
TRXUSDT,1681228800000,-0.00010705
TRXUSDT,1681257600000,-0.0001347
TRXUSDT,1681286400000,-0.00071863
TRXUSDT,1681315200000,-0.00030703
TRXUSDT,1681344000000,-0.00027003
TRXUSDT,1681372800000,-0.00029764
TRXUSDT,1681401600000,-0.00018343
TRXUSDT,1681430400000,-0.00022121
TRXUSDT,1681459200000,0.0001
TRXUSDT,1681488000000,0.0001
TRXUSDT,1681516800000,0.0001
TRXUSDT,1681545600000,5.163e-05
TRXUSDT,1681574400000,8.268e-05
TRXUSDT,1681603200000,0.0001
TRXUSDT,1681632000000,0.0001
TRXUSDT,1681660800000,0.0001
TRXUSDT,1681689600000,0.0001
TRXUSDT,1681718400000,0.0001
TRXUSDT,1681747200000,0.0001
TRXUSDT,1681776000000,-3.533e-05
TRXUSDT,1681804800000,0.0001
TRXUSDT,1681833600000,0.0001
TRXUSDT,1681862400000,0.0001
TRXUSDT,1681891200000,9.42e-06
TRXUSDT,1681920000000,-0.0001523
TRXUSDT,1681948800000,-0.00027008
TRXUSDT,1681977600000,4.323e-05
TRXUSDT,1682006400000,1.874e-05
TRXUSDT,1682035200000,-7.892e-05
TRXUSDT,1682064000000,-0.00020627
TRXUSDT,1682092800000,3.41e-05
TRXUSDT,1682121600000,-0.00052059
TRXUSDT,1682150400000,-0.00026747
TRXUSDT,1682179200000,-6.248e-05
TRXUSDT,1682208000000,-6.475e-05
TRXUSDT,1682236800000,2.899e-05
TRXUSDT,1682265600000,2.542e-05
TRXUSDT,1682294400000,2.307e-05
TRXUSDT,1682323200000,-2.825e-05
TRXUSDT,1682352000000,-8.064e-05
TRXUSDT,1682380800000,-6.153e-05
TRXUSDT,1682409600000,-3.777e-05
TRXUSDT,1682438400000,-0.00024811
TRXUSDT,1682467200000,-7.001e-05
TRXUSDT,1682496000000,-8.818e-05
TRXUSDT,1682524800000,3.124e-05
TRXUSDT,1682553600000,-0.00046766
TRXUSDT,1682582400000,-0.00054744
TRXUSDT,1682611200000,-0.00015638
TRXUSDT,1682640000000,-9.897e-05
TRXUSDT,1682668800000,-5.493e-05
TRXUSDT,1682697600000,-2.71e-05
TRXUSDT,1682726400000,7.162e-05
TRXUSDT,1682755200000,2.428e-05
TRXUSDT,1682784000000,-1.034e-05
TRXUSDT,1682812800000,-5.45e-05
TRXUSDT,1682841600000,-0.00019219
TRXUSDT,1682870400000,-0.0001421
TRXUSDT,1682899200000,-0.0001175
TRXUSDT,1682928000000,1.675e-05
TRXUSDT,1682956800000,-5.299e-05
TRXUSDT,1682985600000,-1.637e-05
TRXUSDT,1683014400000,-2.885e-05
TRXUSDT,1683043200000,-5.282e-05
TRXUSDT,1683072000000,-8.033e-05
TRXUSDT,1683100800000,-0.00018486
TRXUSDT,1683129600000,-6.646e-05
TRXUSDT,1683158400000,-9.454e-05
TRXUSDT,1683187200000,-0.00014397
TRXUSDT,1683216000000,-0.00025337
TRXUSDT,1683244800000,-0.00022294
TRXUSDT,1683273600000,-8.902e-05
TRXUSDT,1683302400000,-9.094e-05
TRXUSDT,1683331200000,-0.00014693
TRXUSDT,1683360000000,1.313e-05
TRXUSDT,1683388800000,-7.326e-05
TRXUSDT,1683417600000,6.432e-05
TRXUSDT,1683446400000,-8.79e-05
TRXUSDT,1683475200000,-6.985e-05
TRXUSDT,1683504000000,-6.796e-05
TRXUSDT,1683532800000,-0.00012736
TRXUSDT,1683561600000,-1.11e-05
TRXUSDT,1683590400000,-2.133e-05
TRXUSDT,1683619200000,7.35e-06
TRXUSDT,1683648000000,-5.652e-05
TRXUSDT,1683676800000,-6.135e-05
TRXUSDT,1683705600000,-7.668e-05
TRXUSDT,1683734400000,-2.95e-05
TRXUSDT,1683763200000,-0.000176
TRXUSDT,1683792000000,-4.224e-05
TRXUSDT,1683820800000,-1.149e-05
TRXUSDT,1683849600000,-0.00026222
TRXUSDT,1683878400000,-0.00014511
TRXUSDT,1683907200000,3.98e-06
TRXUSDT,1683936000000,2.094e-05
TRXUSDT,1683964800000,-8.66e-05
TRXUSDT,1683993600000,-0.00015744
TRXUSDT,1684022400000,-5.107e-05
TRXUSDT,1684051200000,-3.708e-05
TRXUSDT,1684080000000,-5.411e-05
TRXUSDT,1684108800000,-5.146e-05
TRXUSDT,1684137600000,-4.77e-06
TRXUSDT,1684166400000,-0.00012973
TRXUSDT,1684195200000,-0.00018293
TRXUSDT,1684224000000,5.883e-05
TRXUSDT,1684252800000,5.376e-05
TRXUSDT,1684281600000,1.397e-05
TRXUSDT,1684310400000,-0.00012032
TRXUSDT,1684339200000,1.892e-05
TRXUSDT,1684368000000,-2.065e-05
TRXUSDT,1684396800000,-3.66e-06
TRXUSDT,1684425600000,-8.27e-06
TRXUSDT,1684454400000,-4.027e-05
TRXUSDT,1684483200000,-2.774e-05
TRXUSDT,1684512000000,-2.995e-05
TRXUSDT,1684540800000,-1.175e-05
TRXUSDT,1684569600000,-9.238e-05
TRXUSDT,1684598400000,-8.185e-05
TRXUSDT,1684627200000,-0.00017486
TRXUSDT,1684656000000,-0.00014708
TRXUSDT,1684684800000,-0.00053197
TRXUSDT,1684713600000,-0.00015244
TRXUSDT,1684742400000,-0.0003017
TRXUSDT,1684771200000,-0.00045002
TRXUSDT,1684800000000,-0.00037116
TRXUSDT,1684828800000,-0.0002551
TRXUSDT,1684857600000,-0.00019805
TRXUSDT,1684886400000,-0.00021247
TRXUSDT,1684915200000,-6.641e-05
TRXUSDT,1684944000000,0.0001
TRXUSDT,1684972800000,-5.895e-05
TRXUSDT,1685001600000,-4.036e-05
TRXUSDT,1685030400000,4.149e-05
TRXUSDT,1685059200000,-0.00019605
TRXUSDT,1685088000000,-0.00011469
TRXUSDT,1685116800000,-7.814e-05
TRXUSDT,1685145600000,-5.632e-05
TRXUSDT,1685174400000,-7.167e-05
TRXUSDT,1685203200000,-0.00010957
TRXUSDT,1685232000000,9.604e-05
TRXUSDT,1685260800000,-0.00025591
TRXUSDT,1685289600000,-0.00036581
TRXUSDT,1685318400000,-0.00042857
TRXUSDT,1685347200000,-0.00019306
TRXUSDT,1685376000000,-0.0006211
TRXUSDT,1685404800000,-0.00066174
TRXUSDT,1685433600000,-0.00045431
TRXUSDT,1685462400000,-0.00060897
TRXUSDT,1685491200000,-0.00070177
TRXUSDT,1685520000000,-0.00030121
TRXUSDT,1685548800000,-0.00020697
TRXUSDT,1685577600000,-7.379e-05
TRXUSDT,1685606400000,-0.0003547
TRXUSDT,1685635200000,-0.00015936
TRXUSDT,1685664000000,-0.00018104
TRXUSDT,1685692800000,1.409e-05
TRXUSDT,1685721600000,-3.58e-05
TRXUSDT,1685750400000,-0.00052876
TRXUSDT,1685779200000,-0.00066325
TRXUSDT,1685808000000,-0.00010456
TRXUSDT,1685836800000,-8.513e-05
TRXUSDT,1685865600000,0.0001
TRXUSDT,1685894400000,0.0001
TRXUSDT,1685923200000,0.0001
TRXUSDT,1685952000000,0.0001
TRXUSDT,1685980800000,0.0001
TRXUSDT,1686009600000,-0.00015922
TRXUSDT,1686038400000,-0.00010106
TRXUSDT,1686067200000,3.998e-05
TRXUSDT,1686096000000,3.751e-05
TRXUSDT,1686124800000,-4.74e-05
TRXUSDT,1686153600000,-7.33e-06
TRXUSDT,1686182400000,-9.02e-06
TRXUSDT,1686211200000,-1.321e-05
TRXUSDT,1686240000000,3.295e-05
TRXUSDT,1686268800000,1.748e-05
TRXUSDT,1686297600000,-5.067e-05
TRXUSDT,1686326400000,-0.00012981
TRXUSDT,1686355200000,0.0001
TRXUSDT,1686384000000,-0.00017662
TRXUSDT,1686412800000,-0.00065234
TRXUSDT,1686441600000,-0.00022398
TRXUSDT,1686470400000,-0.00033751
TRXUSDT,1686499200000,-0.00047264
TRXUSDT,1686528000000,-0.00031394
TRXUSDT,1686556800000,-0.00039153
TRXUSDT,1686585600000,-0.00036321
TRXUSDT,1686614400000,-0.0001064
TRXUSDT,1686643200000,-0.00024944
TRXUSDT,1686672000000,-0.00019273
TRXUSDT,1686700800000,-0.00016513
TRXUSDT,1686729600000,-0.00016045
TRXUSDT,1686758400000,-0.0002007
TRXUSDT,1686787200000,-0.0001295
TRXUSDT,1686816000000,1.47e-06
TRXUSDT,1686844800000,-0.00019873
TRXUSDT,1686873600000,-0.00011646
TRXUSDT,1686902400000,-0.00017115
TRXUSDT,1686931200000,-0.00026274
TRXUSDT,1686960000000,-0.00012662
TRXUSDT,1686988800000,3.343e-05
TRXUSDT,1687017600000,-3.336e-05
TRXUSDT,1687046400000,3.441e-05
TRXUSDT,1687075200000,-3.664e-05
TRXUSDT,1687104000000,-8.136e-05
TRXUSDT,1687132800000,-0.00047451
TRXUSDT,1687161600000,-0.00050366
TRXUSDT,1687190400000,-0.00041058
TRXUSDT,1687219200000,-0.00038037
TRXUSDT,1687248000000,-0.00049297
TRXUSDT,1687276800000,-0.00034804
TRXUSDT,1687305600000,3.935e-05
TRXUSDT,1687334400000,-5.442e-05
TRXUSDT,1687363200000,4.053e-05
TRXUSDT,1687392000000,-6.126e-05
TRXUSDT,1687420800000,2.849e-05
TRXUSDT,1687449600000,-1.1e-07
TRXUSDT,1687478400000,-4.981e-05
TRXUSDT,1687507200000,-1.802e-05
TRXUSDT,1687536000000,-5.321e-05
TRXUSDT,1687564800000,-9.671e-05
TRXUSDT,1687593600000,-5.328e-05
TRXUSDT,1687622400000,-0.00014818
TRXUSDT,1687651200000,2.631e-05
TRXUSDT,1687680000000,1.998e-05
TRXUSDT,1687708800000,0.0001
TRXUSDT,1687737600000,3.182e-05
TRXUSDT,1687766400000,1.036e-05
TRXUSDT,1687795200000,8.696e-05
TRXUSDT,1687824000000,-0.00025751
TRXUSDT,1687852800000,2.036e-05
TRXUSDT,1687881600000,2.97e-06
TRXUSDT,1687910400000,-3.143e-05
TRXUSDT,1687939200000,-0.00023652
TRXUSDT,1687968000000,-8.31e-06
TRXUSDT,1687996800000,-0.00016326
TRXUSDT,1688025600000,-2.262e-05
TRXUSDT,1688054400000,-4.226e-05
TRXUSDT,1688083200000,-0.00016909
TRXUSDT,1688112000000,9.741e-05
TRXUSDT,1688140800000,6.006e-05
TRXUSDT,1688169600000,-2.408e-05
TRXUSDT,1688198400000,0.0001
TRXUSDT,1688227200000,0.0001
TRXUSDT,1688256000000,6.652e-05
TRXUSDT,1688284800000,-2.775e-05
TRXUSDT,1688313600000,-0.00016433
TRXUSDT,1688342400000,3.325e-05
TRXUSDT,1688371200000,4.345e-05
TRXUSDT,1688400000000,0.0001
TRXUSDT,1688428800000,2.614e-05
TRXUSDT,1688457600000,0.0001
TRXUSDT,1688486400000,0.0001
TRXUSDT,1688515200000,0.0001
TRXUSDT,1688544000000,0.0001
TRXUSDT,1688572800000,-4.727e-05
TRXUSDT,1688601600000,5.69e-06
TRXUSDT,1688630400000,-1.305e-05
TRXUSDT,1688659200000,-0.00010888
TRXUSDT,1688688000000,-0.00016179
TRXUSDT,1688716800000,-5.364e-05
TRXUSDT,1688745600000,6.096e-05
TRXUSDT,1688774400000,3.798e-05
TRXUSDT,1688803200000,-7.79e-06
TRXUSDT,1688832000000,1.88e-06
TRXUSDT,1688860800000,-1.054e-05
TRXUSDT,1688889600000,-2.27e-06
TRXUSDT,1688918400000,-2.104e-05
TRXUSDT,1688947200000,-7.299e-05
TRXUSDT,1688976000000,-0.00019738
TRXUSDT,1689004800000,-0.00019364
TRXUSDT,1689033600000,-3.336e-05
TRXUSDT,1689062400000,-0.00024262
TRXUSDT,1689091200000,-0.00023596
TRXUSDT,1689120000000,-0.00011711
TRXUSDT,1689148800000,-0.00037099
TRXUSDT,1689177600000,-0.00018544
TRXUSDT,1689206400000,-0.00020366
TRXUSDT,1689235200000,-0.00014357
TRXUSDT,1689264000000,-0.00032631
TRXUSDT,1689292800000,0.0001
TRXUSDT,1689321600000,0.0001
TRXUSDT,1689350400000,0.0001
TRXUSDT,1689379200000,-0.00016015
TRXUSDT,1689408000000,0.0001
TRXUSDT,1689436800000,0.0001
TRXUSDT,1689465600000,0.0001
TRXUSDT,1689494400000,0.0001
TRXUSDT,1689523200000,0.0001
TRXUSDT,1689552000000,0.0001
TRXUSDT,1689580800000,0.0001
TRXUSDT,1689609600000,0.0001
TRXUSDT,1689638400000,0.0001
TRXUSDT,1689667200000,0.0001
TRXUSDT,1689696000000,1.759e-05
TRXUSDT,1689724800000,6.179e-05
TRXUSDT,1689753600000,0.0001
TRXUSDT,1689782400000,0.0001
TRXUSDT,1689811200000,-2.191e-05
TRXUSDT,1689840000000,0.0001
TRXUSDT,1689868800000,0.0001
TRXUSDT,1689897600000,0.0001
TRXUSDT,1689926400000,0.0001
TRXUSDT,1689955200000,0.0001
TRXUSDT,1689984000000,4.331e-05
TRXUSDT,1690012800000,-0.00052749
TRXUSDT,1690041600000,-0.00024313
TRXUSDT,1690070400000,-6.831e-05
TRXUSDT,1690099200000,9.928e-05
TRXUSDT,1690128000000,0.0001
TRXUSDT,1690156800000,2.162e-05
TRXUSDT,1690185600000,-9.203e-05
TRXUSDT,1690214400000,-1.561e-05
TRXUSDT,1690243200000,0.0001
TRXUSDT,1690272000000,5.905e-05
TRXUSDT,1690300800000,4.561e-05
TRXUSDT,1690329600000,5.883e-05
TRXUSDT,1690358400000,6.337e-05
TRXUSDT,1690387200000,5.966e-05
TRXUSDT,1690416000000,7.168e-05
TRXUSDT,1690444800000,-4.83e-06
TRXUSDT,1690473600000,-0.00010607
TRXUSDT,1690502400000,2.898e-05
TRXUSDT,1690531200000,-4.687e-05
TRXUSDT,1690560000000,0.0001
TRXUSDT,1690588800000,3.62e-05
TRXUSDT,1690617600000,2.526e-05
TRXUSDT,1690646400000,0.0001
TRXUSDT,1690675200000,0.0001
TRXUSDT,1690704000000,0.0001
TRXUSDT,1690732800000,0.0001
TRXUSDT,1690761600000,9.003e-05
TRXUSDT,1690790400000,1.325e-05
TRXUSDT,1690819200000,0.0001
TRXUSDT,1690848000000,-3.12e-05
TRXUSDT,1690876800000,8.393e-05
TRXUSDT,1690905600000,5.958e-05
TRXUSDT,1690934400000,0.0001
TRXUSDT,1690963200000,-6.786e-05
TRXUSDT,1690992000000,-2.155e-05
TRXUSDT,1691020800000,-4.988e-05
TRXUSDT,1691049600000,-7.287e-05
TRXUSDT,1691078400000,6.423e-05
TRXUSDT,1691107200000,-8.88e-05
TRXUSDT,1691136000000,-7.37e-05
TRXUSDT,1691164800000,5.65e-05
TRXUSDT,1691193600000,-5.847e-05
TRXUSDT,1691222400000,-7.422e-05
TRXUSDT,1691251200000,-0.00020312
TRXUSDT,1691280000000,-0.00014179
TRXUSDT,1691308800000,-1.277e-05
TRXUSDT,1691337600000,-0.00022282
TRXUSDT,1691366400000,-0.00040279
TRXUSDT,1691395200000,-0.00041656
TRXUSDT,1691424000000,-0.0001378
TRXUSDT,1691452800000,-0.0001543
TRXUSDT,1691481600000,-6.069e-05
TRXUSDT,1691510400000,-9.41e-05
TRXUSDT,1691539200000,2.635e-05
TRXUSDT,1691568000000,-0.00013686
TRXUSDT,1691596800000,4.464e-05
TRXUSDT,1691625600000,8.007e-05
TRXUSDT,1691654400000,8.757e-05
TRXUSDT,1691683200000,0.0001
TRXUSDT,1691712000000,2.522e-05
TRXUSDT,1691740800000,5.144e-05
TRXUSDT,1691769600000,0.0001
TRXUSDT,1691798400000,3.302e-05
TRXUSDT,1691827200000,-4.8e-07
TRXUSDT,1691856000000,0.0001
TRXUSDT,1691884800000,3.955e-05
TRXUSDT,1691913600000,5.213e-05
TRXUSDT,1691942400000,0.0001
TRXUSDT,1691971200000,0.0001
TRXUSDT,1692000000000,3.782e-05
TRXUSDT,1692028800000,0.0001
TRXUSDT,1692057600000,6.558e-05
TRXUSDT,1692086400000,1.879e-05
TRXUSDT,1692115200000,0.0001
TRXUSDT,1692144000000,-1.574e-05
TRXUSDT,1692172800000,2.634e-05
TRXUSDT,1692201600000,4.76e-06
TRXUSDT,1692230400000,-4.726e-05
TRXUSDT,1692259200000,-7.85e-06
TRXUSDT,1692288000000,4.375e-05
TRXUSDT,1692316800000,-0.00031532
TRXUSDT,1692345600000,6.049e-05
TRXUSDT,1692374400000,0.0001
TRXUSDT,1692403200000,0.0001
TRXUSDT,1692432000000,3.631e-05
TRXUSDT,1692460800000,0.0001
TRXUSDT,1692489600000,7.02e-06
TRXUSDT,1692518400000,-0.00012447
TRXUSDT,1692547200000,-4.105e-05
TRXUSDT,1692576000000,-1e-07
TRXUSDT,1692604800000,-0.00022306
TRXUSDT,1692633600000,-0.00010065
TRXUSDT,1692662400000,0.0001
TRXUSDT,1692691200000,-6.478e-05
TRXUSDT,1692720000000,2e-05
TRXUSDT,1692748800000,7.608e-05
TRXUSDT,1692777600000,9.425e-05
TRXUSDT,1692806400000,0.0001
TRXUSDT,1692835200000,3.519e-05
TRXUSDT,1692864000000,8.325e-05
TRXUSDT,1692892800000,1.394e-05
TRXUSDT,1692921600000,4.161e-05
TRXUSDT,1692950400000,-4.081e-05
TRXUSDT,1692979200000,3.146e-05
TRXUSDT,1693008000000,0.0001
TRXUSDT,1693036800000,3.942e-05
TRXUSDT,1693065600000,0.0001
TRXUSDT,1693094400000,5.772e-05
TRXUSDT,1693123200000,5.204e-05
TRXUSDT,1693152000000,0.0001
TRXUSDT,1693180800000,0.0001
TRXUSDT,1693209600000,7.983e-05
TRXUSDT,1693238400000,8.978e-05
TRXUSDT,1693267200000,-4.56e-06
TRXUSDT,1693296000000,-8.415e-05
TRXUSDT,1693324800000,-0.00014315
TRXUSDT,1693353600000,4.133e-05
TRXUSDT,1693382400000,-0.00019322
TRXUSDT,1693411200000,-9.461e-05
TRXUSDT,1693440000000,-0.00015114
TRXUSDT,1693468800000,-0.00024016
TRXUSDT,1693497600000,-0.00010129
TRXUSDT,1693526400000,-0.00015317
TRXUSDT,1693555200000,2.159e-05
TRXUSDT,1693584000000,7.597e-05
TRXUSDT,1693612800000,-3.809e-05
TRXUSDT,1693641600000,4.844e-05
TRXUSDT,1693670400000,3.705e-05
TRXUSDT,1693699200000,1.808e-05
TRXUSDT,1693728000000,4.272e-05
TRXUSDT,1693756800000,-9.12e-06
TRXUSDT,1693785600000,6.329e-05
TRXUSDT,1693814400000,8.397e-05
TRXUSDT,1693843200000,2.46e-05
TRXUSDT,1693872000000,8.684e-05
TRXUSDT,1693900800000,6.88e-06
TRXUSDT,1693929600000,4.276e-05
TRXUSDT,1693958400000,-4.43e-06
TRXUSDT,1693987200000,-4.973e-05
TRXUSDT,1694016000000,5.22e-05
TRXUSDT,1694044800000,6.919e-05
TRXUSDT,1694073600000,4.549e-05
TRXUSDT,1694102400000,2.921e-05
TRXUSDT,1694131200000,8.694e-05
TRXUSDT,1694160000000,-1.283e-05
TRXUSDT,1694188800000,4.688e-05
TRXUSDT,1694217600000,-1.579e-05
TRXUSDT,1694246400000,-9.829e-05
TRXUSDT,1694275200000,-9.897e-05
TRXUSDT,1694304000000,-0.00010946
TRXUSDT,1694332800000,3.166e-05
TRXUSDT,1694361600000,4.996e-05
TRXUSDT,1694390400000,8.565e-05
TRXUSDT,1694419200000,5.143e-05
TRXUSDT,1694448000000,6.701e-05
TRXUSDT,1694476800000,8.795e-05
TRXUSDT,1694505600000,-1.96e-06
TRXUSDT,1694534400000,3.77e-06
TRXUSDT,1694563200000,-3.2e-05
TRXUSDT,1694592000000,-5.192e-05
TRXUSDT,1694620800000,3.354e-05
TRXUSDT,1694649600000,3.104e-05
TRXUSDT,1694678400000,-2.821e-05
TRXUSDT,1694707200000,-0.00014924
TRXUSDT,1694736000000,-3.541e-05
TRXUSDT,1694764800000,3.275e-05
TRXUSDT,1694793600000,5.803e-05
TRXUSDT,1694822400000,0.0001
TRXUSDT,1694851200000,-7.66e-06
TRXUSDT,1694880000000,6.678e-05
TRXUSDT,1694908800000,2.162e-05
TRXUSDT,1694937600000,4.19e-06
TRXUSDT,1694966400000,6.746e-05
TRXUSDT,1694995200000,-1.322e-05
TRXUSDT,1695024000000,6.384e-05
TRXUSDT,1695052800000,0.0001
TRXUSDT,1695081600000,-0.00011351
TRXUSDT,1695110400000,-2.806e-05
TRXUSDT,1695139200000,-1.082e-05
TRXUSDT,1695168000000,4.318e-05
TRXUSDT,1695196800000,-6.604e-05
TRXUSDT,1695225600000,-0.00014478
TRXUSDT,1695254400000,-0.00017282
TRXUSDT,1695283200000,-4.546e-05
TRXUSDT,1695312000000,-5.595e-05
TRXUSDT,1695340800000,2.395e-05
TRXUSDT,1695369600000,1.419e-05
TRXUSDT,1695398400000,-0.00012682
TRXUSDT,1695427200000,-1.39e-05
TRXUSDT,1695456000000,-5.372e-05
TRXUSDT,1695484800000,-5.671e-05
TRXUSDT,1695513600000,-9.839e-05
TRXUSDT,1695542400000,-0.00018293
TRXUSDT,1695571200000,-0.00015096
TRXUSDT,1695600000000,-0.00019074
TRXUSDT,1695628800000,-5.039e-05
TRXUSDT,1695657600000,-0.00011408
TRXUSDT,1695686400000,-0.00011214
TRXUSDT,1695715200000,-0.00014732
TRXUSDT,1695744000000,-0.00013706
TRXUSDT,1695772800000,-0.00018718
TRXUSDT,1695801600000,-2.755e-05
TRXUSDT,1695830400000,-6.798e-05
TRXUSDT,1695859200000,-0.00015037
TRXUSDT,1695888000000,5.015e-05
TRXUSDT,1695916800000,-1.177e-05
TRXUSDT,1695945600000,3.293e-05
TRXUSDT,1695974400000,-0.00011382
TRXUSDT,1696003200000,-5.796e-05
TRXUSDT,1696032000000,-0.00026222
TRXUSDT,1696060800000,-3.153e-05
TRXUSDT,1696089600000,-0.00011054
TRXUSDT,1696118400000,-0.00012403
TRXUSDT,1696147200000,-0.00018629
TRXUSDT,1696176000000,-0.00022562
TRXUSDT,1696204800000,8.952e-05
TRXUSDT,1696233600000,-0.00019522
TRXUSDT,1696262400000,-0.00086204
TRXUSDT,1696291200000,-0.00046399
TRXUSDT,1696320000000,-0.00021386
TRXUSDT,1696348800000,-0.00026971
TRXUSDT,1696377600000,-0.00062925
TRXUSDT,1696406400000,-0.00036815
TRXUSDT,1696435200000,-0.00032129
TRXUSDT,1696464000000,-0.00034984
TRXUSDT,1696492800000,-0.00012953
TRXUSDT,1696521600000,-0.00017871
TRXUSDT,1696550400000,-0.00041915
TRXUSDT,1696579200000,-9.021e-05
TRXUSDT,1696608000000,-4.68e-06
TRXUSDT,1696636800000,-7.94e-06
TRXUSDT,1696665600000,-0.00017972
TRXUSDT,1696694400000,-0.00011086
TRXUSDT,1696723200000,-0.00010089
TRXUSDT,1696752000000,-8.158e-05
TRXUSDT,1696780800000,-0.00019173
TRXUSDT,1696809600000,-0.00012298
TRXUSDT,1696838400000,-0.00019998
TRXUSDT,1696867200000,-0.0002877
TRXUSDT,1696896000000,-0.00014705
TRXUSDT,1696924800000,-1.929e-05
TRXUSDT,1696953600000,-3.891e-05
TRXUSDT,1696982400000,-6.621e-05
TRXUSDT,1697011200000,-0.00011901
TRXUSDT,1697040000000,-3.784e-05
TRXUSDT,1697068800000,-4.184e-05
TRXUSDT,1697097600000,-7.052e-05
TRXUSDT,1697126400000,-0.0001536
TRXUSDT,1697155200000,-2.9e-07
TRXUSDT,1697184000000,-2.2e-06
TRXUSDT,1697212800000,-0.00010857
TRXUSDT,1697241600000,-9.764e-05
TRXUSDT,1697270400000,4.077e-05
TRXUSDT,1697299200000,5.453e-05
TRXUSDT,1697328000000,7.12e-05
TRXUSDT,1697356800000,-6.147e-05
TRXUSDT,1697385600000,7.876e-05
TRXUSDT,1697414400000,-2.402e-05
TRXUSDT,1697443200000,6.211e-05
TRXUSDT,1697472000000,0.0001
TRXUSDT,1697500800000,7.708e-05
TRXUSDT,1697529600000,-9.071e-05
TRXUSDT,1697558400000,-4.108e-05
TRXUSDT,1697587200000,5.231e-05
TRXUSDT,1697616000000,1.059e-05
TRXUSDT,1697644800000,3.597e-05
TRXUSDT,1697673600000,-4.401e-05
TRXUSDT,1697702400000,-6.134e-05
TRXUSDT,1697731200000,5e-05
TRXUSDT,1697760000000,5.643e-05
TRXUSDT,1697788800000,0.0001
TRXUSDT,1697817600000,-7.56e-06
TRXUSDT,1697846400000,-0.00010181
TRXUSDT,1697875200000,2.514e-05
TRXUSDT,1697904000000,5.224e-05
TRXUSDT,1697932800000,-5.227e-05
TRXUSDT,1697961600000,1.48e-05
TRXUSDT,1697990400000,-0.00032052
TRXUSDT,1698019200000,6.085e-05
TRXUSDT,1698048000000,-2.3e-06
TRXUSDT,1698076800000,0.0001
TRXUSDT,1698105600000,0.0001
TRXUSDT,1698134400000,0.0001
TRXUSDT,1698163200000,0.0001
TRXUSDT,1698192000000,-1.327e-05
TRXUSDT,1698220800000,0.0001
TRXUSDT,1698249600000,0.0001
TRXUSDT,1698278400000,0.0001
TRXUSDT,1698307200000,0.0001
TRXUSDT,1698336000000,0.0001
TRXUSDT,1698364800000,0.0001
TRXUSDT,1698393600000,0.0001
TRXUSDT,1698422400000,0.0001
TRXUSDT,1698451200000,0.0001
TRXUSDT,1698480000000,0.0001
TRXUSDT,1698508800000,0.0001
TRXUSDT,1698537600000,5.406e-05
TRXUSDT,1698566400000,8.346e-05
TRXUSDT,1698595200000,0.0001
TRXUSDT,1698624000000,0.0001
TRXUSDT,1698652800000,0.0001
TRXUSDT,1698681600000,0.0001
TRXUSDT,1698710400000,0.0001
TRXUSDT,1698739200000,0.0001
TRXUSDT,1698768000000,0.0001
TRXUSDT,1698796800000,0.0001
TRXUSDT,1698825600000,0.0001
TRXUSDT,1698854400000,0.0001
TRXUSDT,1698883200000,0.0001
TRXUSDT,1698912000000,0.0001
TRXUSDT,1698940800000,0.0001
TRXUSDT,1698969600000,0.0001
TRXUSDT,1698998400000,0.0001
TRXUSDT,1699027200000,0.0001
TRXUSDT,1699056000000,0.0001
TRXUSDT,1699084800000,0.0001
TRXUSDT,1699113600000,0.0001
TRXUSDT,1699142400000,0.0001
TRXUSDT,1699171200000,0.0001
TRXUSDT,1699200000000,0.0001
TRXUSDT,1699228800000,0.0001
TRXUSDT,1699257600000,0.0001
TRXUSDT,1699286400000,0.0001
TRXUSDT,1699315200000,0.0001
TRXUSDT,1699344000000,0.0001
TRXUSDT,1699372800000,0.0001
TRXUSDT,1699401600000,0.0001
TRXUSDT,1699430400000,8.161e-05
TRXUSDT,1699459200000,0.0001
TRXUSDT,1699488000000,0.0001
TRXUSDT,1699516800000,0.0001
TRXUSDT,1699545600000,0.0001
TRXUSDT,1699574400000,0.0001
TRXUSDT,1699603200000,0.0001
TRXUSDT,1699632000000,-0.00053642
TRXUSDT,1699660800000,0.0001
TRXUSDT,1699689600000,0.0001
TRXUSDT,1699718400000,0.0001
TRXUSDT,1699747200000,0.0001
TRXUSDT,1699776000000,0.0001
TRXUSDT,1699804800000,0.0001
TRXUSDT,1699833600000,0.0001
TRXUSDT,1699862400000,0.0001
TRXUSDT,1699891200000,0.0001
TRXUSDT,1699920000000,0.0001
TRXUSDT,1699948800000,0.0001
TRXUSDT,1699977600000,0.0001
TRXUSDT,1700006400000,0.0001
TRXUSDT,1700035200000,0.0001
TRXUSDT,1700064000000,0.0001
TRXUSDT,1700092800000,0.0001
TRXUSDT,1700121600000,0.00010235
TRXUSDT,1700150400000,0.0001
TRXUSDT,1700179200000,0.0001
TRXUSDT,1700208000000,0.0001
TRXUSDT,1700236800000,0.0001
TRXUSDT,1700265600000,0.0001
TRXUSDT,1700294400000,0.0001
TRXUSDT,1700323200000,0.0001
TRXUSDT,1700352000000,0.0001
TRXUSDT,1700380800000,0.0001
TRXUSDT,1700409600000,0.0001
TRXUSDT,1700438400000,0.0001
TRXUSDT,1700467200000,0.0001
TRXUSDT,1700496000000,0.0001
TRXUSDT,1700524800000,-0.00044186
TRXUSDT,1700553600000,2.052e-05
TRXUSDT,1700582400000,0.0001
TRXUSDT,1700611200000,6.975e-05
TRXUSDT,1700640000000,0.0001
TRXUSDT,1700668800000,-0.00034997
TRXUSDT,1700697600000,0.0001
TRXUSDT,1700726400000,0.0001
TRXUSDT,1700755200000,3.479e-05
TRXUSDT,1700784000000,0.0001
TRXUSDT,1700812800000,0.0001
TRXUSDT,1700841600000,0.0001
TRXUSDT,1700870400000,0.0001
TRXUSDT,1700899200000,0.0001
TRXUSDT,1700928000000,0.0001
TRXUSDT,1700956800000,0.0001
TRXUSDT,1700985600000,0.0001
TRXUSDT,1701014400000,0.0001
TRXUSDT,1701043200000,0.0001
TRXUSDT,1701072000000,0.0001
TRXUSDT,1701100800000,-0.00013447
TRXUSDT,1701129600000,-0.00052246
TRXUSDT,1701158400000,-0.00026358
TRXUSDT,1701187200000,-0.00038246
TRXUSDT,1701216000000,-0.00035366
TRXUSDT,1701244800000,4.17e-06
TRXUSDT,1701273600000,0.0001
TRXUSDT,1701302400000,0.0001
TRXUSDT,1701331200000,0.0001
TRXUSDT,1701360000000,0.0001
TRXUSDT,1701388800000,0.0001
TRXUSDT,1701417600000,0.0001
TRXUSDT,1701446400000,0.0001
TRXUSDT,1701475200000,0.0001
TRXUSDT,1701504000000,0.0001
TRXUSDT,1701532800000,0.0001
TRXUSDT,1701561600000,0.0001
TRXUSDT,1701590400000,0.0001
TRXUSDT,1701619200000,0.0001
TRXUSDT,1701648000000,0.0001
TRXUSDT,1701676800000,0.0001
TRXUSDT,1701705600000,0.0001
TRXUSDT,1701734400000,0.0001
TRXUSDT,1701763200000,0.0001
TRXUSDT,1701792000000,0.0001
TRXUSDT,1701820800000,0.0001
TRXUSDT,1701849600000,0.0001
TRXUSDT,1701878400000,0.0001
TRXUSDT,1701907200000,0.0001
TRXUSDT,1701936000000,0.0001
TRXUSDT,1701964800000,0.0001
TRXUSDT,1701993600000,0.0001
TRXUSDT,1702022400000,0.0001
TRXUSDT,1702051200000,0.0001
TRXUSDT,1702080000000,0.0002113
TRXUSDT,1702108800000,0.00056997
TRXUSDT,1702137600000,0.00016224
TRXUSDT,1702166400000,0.0001
TRXUSDT,1702195200000,0.00017219
TRXUSDT,1702224000000,0.00012151
TRXUSDT,1702252800000,0.0001
TRXUSDT,1702281600000,-0.00010456
TRXUSDT,1702310400000,0.0001
TRXUSDT,1702339200000,0.0001
TRXUSDT,1702368000000,0.0001
TRXUSDT,1702396800000,9.894e-05
TRXUSDT,1702425600000,0.0001
TRXUSDT,1702454400000,-0.00037299
TRXUSDT,1702483200000,0.0001
TRXUSDT,1702512000000,8.003e-05
TRXUSDT,1702540800000,9.211e-05
TRXUSDT,1702569600000,0.0001
TRXUSDT,1702598400000,0.0001
TRXUSDT,1702627200000,0.0001
TRXUSDT,1702656000000,0.0001
TRXUSDT,1702684800000,0.0001
TRXUSDT,1702713600000,0.0001
TRXUSDT,1702742400000,0.0001
TRXUSDT,1702771200000,-0.00025808
TRXUSDT,1702800000000,-3.38e-06
TRXUSDT,1702828800000,0.0001
TRXUSDT,1702857600000,0.0001
TRXUSDT,1702886400000,-0.00039505
TRXUSDT,1702915200000,-7.414e-05
TRXUSDT,1702944000000,0.0001
TRXUSDT,1702972800000,0.0001
TRXUSDT,1703001600000,-7.356e-05
TRXUSDT,1703030400000,6.68e-06
TRXUSDT,1703059200000,0.0001
TRXUSDT,1703088000000,0.0001
TRXUSDT,1703116800000,0.0001
TRXUSDT,1703145600000,0.0001
TRXUSDT,1703174400000,0.0001
TRXUSDT,1703203200000,0.00033263
TRXUSDT,1703232000000,0.00011004
TRXUSDT,1703260800000,0.00015766
TRXUSDT,1703289600000,0.00036578
TRXUSDT,1703318400000,0.0001
TRXUSDT,1703347200000,0.00020859
TRXUSDT,1703376000000,0.00026116
TRXUSDT,1703404800000,0.00038698
TRXUSDT,1703433600000,0.00037521
TRXUSDT,1703462400000,0.00035699
TRXUSDT,1703491200000,0.00049395
TRXUSDT,1703520000000,0.00037269
TRXUSDT,1703548800000,0.00078167
TRXUSDT,1703577600000,0.00018857
TRXUSDT,1703606400000,0.00034619
TRXUSDT,1703635200000,0.0001
TRXUSDT,1703664000000,0.0001
TRXUSDT,1703692800000,0.00027766
TRXUSDT,1703721600000,0.00029762
TRXUSDT,1703750400000,0.00042228
TRXUSDT,1703779200000,0.0001
TRXUSDT,1703808000000,0.0001
TRXUSDT,1703836800000,0.0001
TRXUSDT,1703865600000,0.00021259
TRXUSDT,1703894400000,0.0001
TRXUSDT,1703923200000,0.00028626
TRXUSDT,1703952000000,0.00014459
TRXUSDT,1703980800000,0.0001
TRXUSDT,1704009600000,0.0001
TRXUSDT,1704038400000,0.00014065
TRXUSDT,1704067200000,0.00037659
TRXUSDT,1704096000000,0.00011795
TRXUSDT,1704124800000,0.00037953
TRXUSDT,1704153600000,0.0004399
TRXUSDT,1704182400000,0.00031662
TRXUSDT,1704211200000,0.00088784
TRXUSDT,1704240000000,0.00041512
TRXUSDT,1704268800000,0.00039434
TRXUSDT,1704297600000,0.0001
TRXUSDT,1704326400000,0.0001
TRXUSDT,1704355200000,0.0001139
TRXUSDT,1704384000000,0.0001
TRXUSDT,1704412800000,0.0001
TRXUSDT,1704441600000,0.0001
TRXUSDT,1704470400000,0.0001
TRXUSDT,1704499200000,0.0001
TRXUSDT,1704528000000,-0.0002863
TRXUSDT,1704556800000,0.0001
TRXUSDT,1704585600000,0.0001
TRXUSDT,1704614400000,0.0001
TRXUSDT,1704643200000,-0.00010134
TRXUSDT,1704672000000,-0.00019357
TRXUSDT,1704700800000,1e-08
TRXUSDT,1704729600000,-1.191e-05
TRXUSDT,1704758400000,5.426e-05
TRXUSDT,1704787200000,0.0001
TRXUSDT,1704816000000,-0.00041311
TRXUSDT,1704844800000,-0.00016813
TRXUSDT,1704873600000,3.292e-05
TRXUSDT,1704902400000,-1.6e-06
TRXUSDT,1704931200000,7.431e-05
TRXUSDT,1704960000000,0.0001
TRXUSDT,1704988800000,0.0001
TRXUSDT,1705017600000,0.0001
TRXUSDT,1705046400000,0.0001
TRXUSDT,1705075200000,0.0001
TRXUSDT,1705104000000,0.0001
TRXUSDT,1705132800000,0.0001
TRXUSDT,1705161600000,0.0001
TRXUSDT,1705190400000,0.0001
TRXUSDT,1705219200000,0.0001
TRXUSDT,1705248000000,0.0001
TRXUSDT,1705276800000,0.0001
TRXUSDT,1705305600000,0.0001
TRXUSDT,1705334400000,0.0001
TRXUSDT,1705363200000,0.0001
TRXUSDT,1705392000000,0.0001
TRXUSDT,1705420800000,0.0001
TRXUSDT,1705449600000,0.0001
TRXUSDT,1705478400000,-1.1e-06
TRXUSDT,1705507200000,0.0001
TRXUSDT,1705536000000,4.619e-05
TRXUSDT,1705564800000,0.0001
TRXUSDT,1705593600000,0.0001
TRXUSDT,1705622400000,-9.93e-06
TRXUSDT,1705651200000,4.392e-05
TRXUSDT,1705680000000,1.016e-05
TRXUSDT,1705708800000,0.0001
TRXUSDT,1705737600000,0.0001
TRXUSDT,1705766400000,7.198e-05
TRXUSDT,1705795200000,0.0001
TRXUSDT,1705824000000,0.0001
TRXUSDT,1705852800000,0.0001
TRXUSDT,1705881600000,-0.00012385
TRXUSDT,1705910400000,9.009e-05
TRXUSDT,1705939200000,-0.00022703
TRXUSDT,1705968000000,9.246e-05
TRXUSDT,1705996800000,0.0001
TRXUSDT,1706025600000,-7.57e-05
TRXUSDT,1706054400000,2.886e-05
TRXUSDT,1706083200000,0.0001
TRXUSDT,1706112000000,0.0001
TRXUSDT,1706140800000,0.0001
TRXUSDT,1706169600000,0.0001
TRXUSDT,1706198400000,0.0001
TRXUSDT,1706227200000,0.0001
TRXUSDT,1706256000000,0.0001
TRXUSDT,1706284800000,0.0001
TRXUSDT,1706313600000,6.233e-05
TRXUSDT,1706342400000,0.0001
TRXUSDT,1706371200000,4.829e-05
TRXUSDT,1706400000000,7.22e-06
TRXUSDT,1706428800000,0.0001
TRXUSDT,1706457600000,-0.00021418
TRXUSDT,1706486400000,1.861e-05
TRXUSDT,1706515200000,0.0001
TRXUSDT,1706544000000,0.0001
TRXUSDT,1706572800000,7.52e-06
TRXUSDT,1706601600000,-3.832e-05
TRXUSDT,1706630400000,-0.00032775
TRXUSDT,1706659200000,4.75e-05
TRXUSDT,1706688000000,0.0001
TRXUSDT,1706716800000,1.516e-05
TRXUSDT,1706745600000,-4.95e-06
TRXUSDT,1706774400000,0.0001
TRXUSDT,1706803200000,8.944e-05
TRXUSDT,1706832000000,-0.00014361
TRXUSDT,1706860800000,5.09e-06
TRXUSDT,1706889600000,-0.00019561
TRXUSDT,1706918400000,-0.00039909
TRXUSDT,1706947200000,-3.958e-05
TRXUSDT,1706976000000,9.951e-05
TRXUSDT,1707004800000,0.0001
TRXUSDT,1707033600000,-0.00013797
TRXUSDT,1707062400000,-8.591e-05
TRXUSDT,1707091200000,-0.00017443
TRXUSDT,1707120000000,-4.864e-05
TRXUSDT,1707148800000,-0.00037743
TRXUSDT,1707177600000,-0.00018661
TRXUSDT,1707206400000,-1.876e-05
TRXUSDT,1707235200000,0.0001
TRXUSDT,1707264000000,6.429e-05
TRXUSDT,1707292800000,9.117e-05
TRXUSDT,1707321600000,0.0001
TRXUSDT,1707350400000,4.025e-05
TRXUSDT,1707379200000,-4.701e-05
TRXUSDT,1707408000000,-8.801e-05
TRXUSDT,1707436800000,-0.0001479
TRXUSDT,1707465600000,-3.379e-05
TRXUSDT,1707494400000,-7.215e-05
TRXUSDT,1707523200000,9.586e-05
TRXUSDT,1707552000000,4.103e-05
TRXUSDT,1707580800000,3.523e-05
TRXUSDT,1707609600000,0.0001
TRXUSDT,1707638400000,0.0001
TRXUSDT,1707667200000,0.0001
TRXUSDT,1707696000000,0.0001
TRXUSDT,1707724800000,0.0001
TRXUSDT,1707753600000,0.0001
TRXUSDT,1707782400000,0.0001
TRXUSDT,1707811200000,0.0001
TRXUSDT,1707840000000,0.0001
TRXUSDT,1707868800000,0.0001
TRXUSDT,1707897600000,0.0001
TRXUSDT,1707926400000,0.0001
TRXUSDT,1707955200000,0.0001
TRXUSDT,1707984000000,0.00023587
TRXUSDT,1708012800000,0.00014558
TRXUSDT,1708041600000,0.0001
TRXUSDT,1708070400000,0.00020052
TRXUSDT,1708099200000,0.0001
TRXUSDT,1708128000000,0.00011527
TRXUSDT,1708156800000,0.00028302
TRXUSDT,1708185600000,0.0002361
TRXUSDT,1708214400000,0.00014413
TRXUSDT,1708243200000,0.0001
TRXUSDT,1708272000000,0.0001
TRXUSDT,1708300800000,0.00013813
TRXUSDT,1708329600000,0.00032746
TRXUSDT,1708358400000,0.0001
TRXUSDT,1708387200000,0.00036851
TRXUSDT,1708416000000,0.0002665
TRXUSDT,1708444800000,0.0001832
TRXUSDT,1708473600000,0.00035169
TRXUSDT,1708502400000,0.00022963
TRXUSDT,1708531200000,0.0001
TRXUSDT,1708560000000,0.0001
TRXUSDT,1708588800000,0.0001
TRXUSDT,1708617600000,0.00024212
TRXUSDT,1708646400000,0.0001
TRXUSDT,1708675200000,0.0001
TRXUSDT,1708704000000,0.00021365
TRXUSDT,1708732800000,0.00013082
TRXUSDT,1708761600000,0.0001
TRXUSDT,1708790400000,0.0001
TRXUSDT,1708819200000,0.0001
TRXUSDT,1708848000000,0.00024942
TRXUSDT,1708876800000,0.000258
TRXUSDT,1708905600000,0.00028398
TRXUSDT,1708934400000,0.00027397
TRXUSDT,1708963200000,0.00054688
TRXUSDT,1708992000000,0.00044615
TRXUSDT,1709020800000,0.00068014
TRXUSDT,1709049600000,0.00046035
TRXUSDT,1709078400000,0.00065474
TRXUSDT,1709107200000,0.00043556
TRXUSDT,1709136000000,0.00055729
TRXUSDT,1709164800000,0.0001
TRXUSDT,1709193600000,0.00076435
TRXUSDT,1709222400000,0.00026664
TRXUSDT,1709251200000,0.0001
TRXUSDT,1709280000000,0.00037382
TRXUSDT,1709308800000,0.00027245
TRXUSDT,1709337600000,0.00045343
TRXUSDT,1709366400000,0.00090132
TRXUSDT,1709395200000,0.00075191
TRXUSDT,1709424000000,0.00087655
TRXUSDT,1709452800000,0.00061236
TRXUSDT,1709481600000,0.0001
TRXUSDT,1709510400000,0.00029143
TRXUSDT,1709539200000,0.00039463
TRXUSDT,1709568000000,0.00041854
TRXUSDT,1709596800000,0.0001
TRXUSDT,1709625600000,0.00058469
TRXUSDT,1709654400000,0.00046175
TRXUSDT,1709683200000,-0.00069663
TRXUSDT,1709712000000,0.0001
TRXUSDT,1709740800000,-7.722e-05
TRXUSDT,1709769600000,0.0001
TRXUSDT,1709798400000,0.0001
TRXUSDT,1709827200000,5.414e-05
TRXUSDT,1709856000000,0.0001
TRXUSDT,1709884800000,0.0001
TRXUSDT,1709913600000,0.0001
TRXUSDT,1709942400000,-0.00015797
TRXUSDT,1709971200000,0.0001
TRXUSDT,1710000000000,0.0001
TRXUSDT,1710028800000,0.0001
TRXUSDT,1710057600000,0.00021382
TRXUSDT,1710086400000,0.0001
TRXUSDT,1710115200000,0.0001
TRXUSDT,1710144000000,0.0001
TRXUSDT,1710172800000,0.0001
TRXUSDT,1710201600000,0.0001
TRXUSDT,1710230400000,0.0001
TRXUSDT,1710259200000,0.0001
TRXUSDT,1710288000000,0.0001
TRXUSDT,1710316800000,0.00041712
TRXUSDT,1710345600000,0.0001
TRXUSDT,1710374400000,0.0001
TRXUSDT,1710403200000,0.0001
TRXUSDT,1710432000000,-0.00015974
TRXUSDT,1710460800000,0.0001
TRXUSDT,1710489600000,-7.19e-05
TRXUSDT,1710518400000,-3.399e-05
TRXUSDT,1710547200000,0.0001
TRXUSDT,1710576000000,0.0001
TRXUSDT,1710604800000,0.0001
TRXUSDT,1710633600000,-2.511e-05
TRXUSDT,1710662400000,-0.00012414
TRXUSDT,1710691200000,0.0001
TRXUSDT,1710720000000,0.0001
TRXUSDT,1710748800000,0.00010462
TRXUSDT,1710777600000,9.67e-06
TRXUSDT,1710806400000,0.0001
TRXUSDT,1710835200000,-0.00055703
TRXUSDT,1710864000000,0.0001
TRXUSDT,1710892800000,-0.00046057
TRXUSDT,1710921600000,0.0001
TRXUSDT,1710950400000,0.0001
TRXUSDT,1710979200000,0.0001
TRXUSDT,1711008000000,0.0001
TRXUSDT,1711036800000,0.0001
TRXUSDT,1711065600000,0.0001
TRXUSDT,1711094400000,0.0001
TRXUSDT,1711123200000,6.855e-05
TRXUSDT,1711152000000,0.0001
TRXUSDT,1711180800000,0.0001
TRXUSDT,1711209600000,0.0001
TRXUSDT,1711238400000,0.0001
TRXUSDT,1711267200000,0.0001
TRXUSDT,1711296000000,0.0001
TRXUSDT,1711324800000,0.0001
TRXUSDT,1711353600000,0.0001
TRXUSDT,1711382400000,0.0001
TRXUSDT,1711411200000,0.0001
TRXUSDT,1711440000000,0.00032287
TRXUSDT,1711468800000,0.00011292
TRXUSDT,1711497600000,0.00010558
TRXUSDT,1711526400000,0.00018441
TRXUSDT,1711555200000,0.0001
TRXUSDT,1711584000000,0.00014352
TRXUSDT,1711612800000,0.00020645
TRXUSDT,1711641600000,0.00032989
TRXUSDT,1711670400000,0.00044168
TRXUSDT,1711699200000,0.00018609
TRXUSDT,1711728000000,0.00032988
TRXUSDT,1711756800000,0.0001
TRXUSDT,1711785600000,0.00026854
TRXUSDT,1711814400000,0.00040458
TRXUSDT,1711843200000,0.00052328
TRXUSDT,1711872000000,0.00038202
TRXUSDT,1711900800000,0.00046562
TRXUSDT,1711929600000,0.00031387
TRXUSDT,1711958400000,0.00028298
TRXUSDT,1711987200000,0.0001
TRXUSDT,1712016000000,0.00012295
TRXUSDT,1712044800000,-2.233e-05
TRXUSDT,1712073600000,8.657e-05
TRXUSDT,1712102400000,0.0001
TRXUSDT,1712131200000,0.0001
TRXUSDT,1712160000000,0.0001
TRXUSDT,1712188800000,0.0001
TRXUSDT,1712217600000,0.0001
TRXUSDT,1712246400000,0.0001
TRXUSDT,1712275200000,0.0001
TRXUSDT,1712304000000,0.0001
TRXUSDT,1712332800000,0.0001
TRXUSDT,1712361600000,0.0001
TRXUSDT,1712390400000,0.0001
TRXUSDT,1712419200000,0.0001
TRXUSDT,1712448000000,0.0001
TRXUSDT,1712476800000,0.0001
TRXUSDT,1712505600000,0.0001
TRXUSDT,1712534400000,0.0001
TRXUSDT,1712563200000,0.0001
TRXUSDT,1712592000000,0.0001
TRXUSDT,1712620800000,0.0001
TRXUSDT,1712649600000,0.0001
TRXUSDT,1712678400000,0.0001
TRXUSDT,1712707200000,0.00020544
TRXUSDT,1712736000000,0.00021121
TRXUSDT,1712764800000,0.0001
TRXUSDT,1712793600000,0.00017345
TRXUSDT,1712822400000,0.0001662
TRXUSDT,1712851200000,0.0001
TRXUSDT,1712880000000,0.00041525
TRXUSDT,1712908800000,0.00011935
TRXUSDT,1712937600000,0.0001
TRXUSDT,1712966400000,0.0001
TRXUSDT,1712995200000,0.0001
TRXUSDT,1713024000000,0.0001
TRXUSDT,1713052800000,-0.00079018
TRXUSDT,1713081600000,0.0001
TRXUSDT,1713110400000,-0.00028018
TRXUSDT,1713139200000,5.333e-05
TRXUSDT,1713168000000,0.0001
TRXUSDT,1713196800000,-0.00018913
TRXUSDT,1713225600000,-0.00029431
TRXUSDT,1713254400000,-0.00044422
TRXUSDT,1713283200000,-0.00051722
TRXUSDT,1713312000000,9.521e-05
TRXUSDT,1713340800000,-2.607e-05
TRXUSDT,1713369600000,-0.00021089
TRXUSDT,1713398400000,-0.00038426
TRXUSDT,1713427200000,-0.00024294
TRXUSDT,1713456000000,-0.00026935
TRXUSDT,1713484800000,-5.98e-05
TRXUSDT,1713513600000,-0.0003822
TRXUSDT,1713542400000,7.944e-05
TRXUSDT,1713571200000,7.885e-05
TRXUSDT,1713600000000,8.409e-05
TRXUSDT,1713628800000,5.062e-05
TRXUSDT,1713657600000,-0.00029692
TRXUSDT,1713686400000,-0.00013263
TRXUSDT,1713715200000,-0.00021001
TRXUSDT,1713744000000,0.0001
TRXUSDT,1713772800000,7.996e-05
TRXUSDT,1713801600000,2.474e-05
TRXUSDT,1713830400000,0.0001
TRXUSDT,1713859200000,2.513e-05
TRXUSDT,1713888000000,9.538e-05
TRXUSDT,1713916800000,7.177e-05
TRXUSDT,1713945600000,0.0001
TRXUSDT,1713974400000,-9.49e-05
TRXUSDT,1714003200000,-0.00013925
TRXUSDT,1714032000000,-9.674e-05
TRXUSDT,1714060800000,0.0001
TRXUSDT,1714089600000,4.979e-05
TRXUSDT,1714118400000,4.636e-05
TRXUSDT,1714147200000,8.197e-05
TRXUSDT,1714176000000,1.461e-05
TRXUSDT,1714204800000,0.0001
TRXUSDT,1714233600000,-4.299e-05
TRXUSDT,1714262400000,-5.242e-05
TRXUSDT,1714291200000,0.0001
TRXUSDT,1714320000000,-7.415e-05
TRXUSDT,1714348800000,0.0001
TRXUSDT,1714377600000,-8.038e-05
TRXUSDT,1714406400000,1.504e-05
TRXUSDT,1714435200000,0.0001
TRXUSDT,1714464000000,0.0001
TRXUSDT,1714492800000,-3.911e-05
TRXUSDT,1714521600000,0.0001
TRXUSDT,1714550400000,5.844e-05
TRXUSDT,1714579200000,0.0001
TRXUSDT,1714608000000,0.0001
TRXUSDT,1714636800000,-4.61e-06
TRXUSDT,1714665600000,7.127e-05
TRXUSDT,1714694400000,-0.00011208
TRXUSDT,1714723200000,-6.199e-05
TRXUSDT,1714752000000,9.465e-05
TRXUSDT,1714780800000,0.0001
TRXUSDT,1714809600000,1.568e-05
TRXUSDT,1714838400000,6.872e-05
TRXUSDT,1714867200000,-4.91e-05
TRXUSDT,1714896000000,-7.571e-05
TRXUSDT,1714924800000,-6.082e-05
TRXUSDT,1714953600000,-5.1e-07
TRXUSDT,1714982400000,0.0001
TRXUSDT,1715011200000,-0.00012829
TRXUSDT,1715040000000,-0.00017519
TRXUSDT,1715068800000,-0.00011856
TRXUSDT,1715097600000,0.0001
TRXUSDT,1715126400000,6.915e-05
TRXUSDT,1715155200000,4.544e-05
TRXUSDT,1715184000000,0.0001
TRXUSDT,1715212800000,0.0001
TRXUSDT,1715241600000,0.0001
TRXUSDT,1715270400000,6.105e-05
TRXUSDT,1715299200000,-0.00020195
TRXUSDT,1715328000000,9.302e-05
TRXUSDT,1715356800000,3.285e-05
TRXUSDT,1715385600000,-1.41e-06
TRXUSDT,1715414400000,9.602e-05
TRXUSDT,1715443200000,-3.143e-05
TRXUSDT,1715472000000,0.0001
TRXUSDT,1715500800000,0.0001
TRXUSDT,1715529600000,2.73e-06
TRXUSDT,1715558400000,0.0001
TRXUSDT,1715587200000,3.456e-05
TRXUSDT,1715616000000,7.85e-06
TRXUSDT,1715644800000,0.0001
TRXUSDT,1715673600000,1.999e-05
TRXUSDT,1715702400000,0.0001
TRXUSDT,1715731200000,0.0001
TRXUSDT,1715760000000,5.134e-05
TRXUSDT,1715788800000,2.056e-05
TRXUSDT,1715817600000,-9.042e-05
TRXUSDT,1715846400000,8.453e-05
TRXUSDT,1715875200000,6.432e-05
TRXUSDT,1715904000000,0.0001
TRXUSDT,1715932800000,-0.00013047
TRXUSDT,1715961600000,2.701e-05
TRXUSDT,1715990400000,-0.00021306
TRXUSDT,1716019200000,-0.00016213
TRXUSDT,1716048000000,-0.00018452
TRXUSDT,1716076800000,-0.00014734
TRXUSDT,1716105600000,-0.00015125
TRXUSDT,1716134400000,-0.00042255
TRXUSDT,1716163200000,1.332e-05
TRXUSDT,1716192000000,-2.933e-05
TRXUSDT,1716220800000,3.507e-05
TRXUSDT,1716249600000,0.0001
TRXUSDT,1716278400000,0.0001
TRXUSDT,1716307200000,0.0001
TRXUSDT,1716336000000,0.0001
TRXUSDT,1716364800000,0.0001
TRXUSDT,1716393600000,-0.00033074
TRXUSDT,1716422400000,-0.00042049
TRXUSDT,1716451200000,-0.00022064
TRXUSDT,1716480000000,-0.00059124
TRXUSDT,1716508800000,-9.312e-05
TRXUSDT,1716537600000,-3.451e-05
TRXUSDT,1716566400000,0.0001
TRXUSDT,1716595200000,0.0001
TRXUSDT,1716624000000,0.0001
TRXUSDT,1716652800000,-0.00018464
TRXUSDT,1716681600000,-1.081e-05
TRXUSDT,1716710400000,2.949e-05
TRXUSDT,1716739200000,0.0001
TRXUSDT,1716768000000,-0.00020642
TRXUSDT,1716796800000,-0.00013007
TRXUSDT,1716825600000,5.373e-05
TRXUSDT,1716854400000,5.433e-05
TRXUSDT,1716883200000,-0.0004313
TRXUSDT,1716912000000,0.0001
TRXUSDT,1716940800000,0.0001
TRXUSDT,1716969600000,0.0001
TRXUSDT,1716998400000,0.0001
TRXUSDT,1717027200000,0.0001
TRXUSDT,1717056000000,0.0001
TRXUSDT,1717084800000,0.0001
TRXUSDT,1717113600000,0.0001
TRXUSDT,1717142400000,0.0001
TRXUSDT,1717171200000,0.0001
TRXUSDT,1717200000000,0.0001
TRXUSDT,1717228800000,0.0001
TRXUSDT,1717257600000,0.0001
TRXUSDT,1717286400000,0.0001
TRXUSDT,1717315200000,0.0001
TRXUSDT,1717344000000,0.0001
TRXUSDT,1717372800000,0.0001
TRXUSDT,1717401600000,0.0001
TRXUSDT,1717430400000,0.0001
TRXUSDT,1717459200000,0.0001
TRXUSDT,1717488000000,0.0001
TRXUSDT,1717516800000,0.0001
TRXUSDT,1717545600000,0.0001
TRXUSDT,1717574400000,0.0001
TRXUSDT,1717603200000,0.0001
TRXUSDT,1717632000000,0.0001
TRXUSDT,1717660800000,0.0001
TRXUSDT,1717689600000,0.0001
TRXUSDT,1717718400000,0.0001
TRXUSDT,1717747200000,0.0001
TRXUSDT,1717776000000,0.0001
TRXUSDT,1717804800000,-0.00069524
TRXUSDT,1717833600000,-0.00019156
TRXUSDT,1717862400000,-0.00020178
TRXUSDT,1717891200000,0.0001
TRXUSDT,1717920000000,0.0001
TRXUSDT,1717948800000,0.0001
TRXUSDT,1717977600000,0.0001
TRXUSDT,1718006400000,0.0001
TRXUSDT,1718035200000,0.0001
TRXUSDT,1718064000000,0.0001
TRXUSDT,1718092800000,0.0001
TRXUSDT,1718121600000,0.0001
TRXUSDT,1718150400000,0.0001
TRXUSDT,1718179200000,0.0001
TRXUSDT,1718208000000,0.0001
TRXUSDT,1718236800000,0.0001
TRXUSDT,1718265600000,0.0001
TRXUSDT,1718294400000,0.0001
TRXUSDT,1718323200000,0.0001
TRXUSDT,1718352000000,0.0001
TRXUSDT,1718380800000,8.764e-05
TRXUSDT,1718409600000,0.0001
TRXUSDT,1718438400000,0.0001
TRXUSDT,1718467200000,-9.51e-06
TRXUSDT,1718496000000,0.0001
TRXUSDT,1718524800000,0.0001
TRXUSDT,1718553600000,6.55e-05
TRXUSDT,1718582400000,0.0001
TRXUSDT,1718611200000,0.0001
TRXUSDT,1718640000000,6.21e-06
TRXUSDT,1718668800000,-4.833e-05
TRXUSDT,1718697600000,-3.799e-05
TRXUSDT,1718726400000,-1.892e-05
TRXUSDT,1718755200000,6.272e-05
TRXUSDT,1718784000000,0.0001
TRXUSDT,1718812800000,6.2e-06
TRXUSDT,1718841600000,-0.00012902
TRXUSDT,1718870400000,0.0001
TRXUSDT,1718899200000,9.71e-05
TRXUSDT,1718928000000,6.856e-05
TRXUSDT,1718956800000,2.752e-05
TRXUSDT,1718985600000,0.0001
TRXUSDT,1719014400000,0.0001
TRXUSDT,1719043200000,8.537e-05
TRXUSDT,1719072000000,0.0001
TRXUSDT,1719100800000,0.0001
TRXUSDT,1719129600000,2.34e-05
TRXUSDT,1719158400000,9.311e-05
TRXUSDT,1719187200000,-8.51e-06
TRXUSDT,1719216000000,-1.076e-05
TRXUSDT,1719244800000,-6.176e-05
TRXUSDT,1719273600000,-7.38e-06
TRXUSDT,1719302400000,0.0001
TRXUSDT,1719331200000,0.0001
TRXUSDT,1719360000000,0.0001
TRXUSDT,1719388800000,7.574e-05
TRXUSDT,1719417600000,0.0001
TRXUSDT,1719446400000,0.0001
TRXUSDT,1719475200000,0.0001
TRXUSDT,1719504000000,-5.448e-05
TRXUSDT,1719532800000,-2.479e-05
TRXUSDT,1719561600000,-2.99e-05
TRXUSDT,1719590400000,-2.109e-05
TRXUSDT,1719619200000,0.0001
TRXUSDT,1719648000000,0.0001
TRXUSDT,1719676800000,0.0001
TRXUSDT,1719705600000,0.0001
TRXUSDT,1719734400000,6.364e-05
TRXUSDT,1719763200000,-3.765e-05
TRXUSDT,1719792000000,-6.126e-05
TRXUSDT,1719820800000,2.646e-05
TRXUSDT,1719849600000,0.0001
TRXUSDT,1719878400000,1.06e-06
TRXUSDT,1719907200000,3.072e-05
TRXUSDT,1719936000000,-4.783e-05
TRXUSDT,1719964800000,0.0001
TRXUSDT,1719993600000,0.0001
TRXUSDT,1720022400000,0.0001
TRXUSDT,1720051200000,8.799e-05
TRXUSDT,1720080000000,-7.994e-05
TRXUSDT,1720108800000,-0.00016274
TRXUSDT,1720137600000,0.0001
TRXUSDT,1720166400000,-0.0006614
TRXUSDT,1720195200000,0.0001
TRXUSDT,1720224000000,4.322e-05
TRXUSDT,1720252800000,6.592e-05
TRXUSDT,1720281600000,0.0001
TRXUSDT,1720310400000,-6.762e-05
TRXUSDT,1720339200000,-5.993e-05
TRXUSDT,1720368000000,-0.00017306
TRXUSDT,1720396800000,-0.00045512
TRXUSDT,1720425600000,-0.0002046
TRXUSDT,1720454400000,-0.000129
TRXUSDT,1720483200000,0.0001
TRXUSDT,1720512000000,-3.469e-05
TRXUSDT,1720540800000,1.875e-05
TRXUSDT,1720569600000,0.0001
TRXUSDT,1720598400000,-7.141e-05
TRXUSDT,1720627200000,0.0001
TRXUSDT,1720656000000,3.428e-05
TRXUSDT,1720684800000,0.0001
TRXUSDT,1720713600000,9.63e-05
TRXUSDT,1720742400000,0.0001
TRXUSDT,1720771200000,0.0001
TRXUSDT,1720800000000,2.163e-05
TRXUSDT,1720828800000,0.0001
TRXUSDT,1720857600000,0.0001
TRXUSDT,1720886400000,0.0001
TRXUSDT,1720915200000,9.486e-05
TRXUSDT,1720944000000,-0.00014492
TRXUSDT,1720972800000,6.694e-05
TRXUSDT,1721001600000,4.97e-06
TRXUSDT,1721030400000,8.208e-05
TRXUSDT,1721059200000,-0.00010832
TRXUSDT,1721088000000,-0.00010887
TRXUSDT,1721116800000,-0.00054427
TRXUSDT,1721145600000,-0.00046379
TRXUSDT,1721174400000,-0.0005184
TRXUSDT,1721203200000,-1.469e-05
TRXUSDT,1721232000000,-0.0001754
TRXUSDT,1721260800000,-0.00048323
TRXUSDT,1721289600000,-0.00028124
TRXUSDT,1721318400000,-0.00010797
TRXUSDT,1721347200000,0.0001
TRXUSDT,1721376000000,4.713e-05
TRXUSDT,1721404800000,-0.00014407
TRXUSDT,1721433600000,-0.00026372
TRXUSDT,1721462400000,-0.00023383
TRXUSDT,1721491200000,-0.00045816
TRXUSDT,1721520000000,-0.00031757
TRXUSDT,1721548800000,-0.00039779
TRXUSDT,1721577600000,-0.00032173
TRXUSDT,1721606400000,-0.00042371
TRXUSDT,1721635200000,0.0001
TRXUSDT,1721664000000,0.0001
TRXUSDT,1721692800000,-0.00013742
TRXUSDT,1721721600000,-0.00036601
TRXUSDT,1721750400000,8.982e-05
TRXUSDT,1721779200000,0.0001
TRXUSDT,1721808000000,-0.00044509
TRXUSDT,1721836800000,-0.00012656
TRXUSDT,1721865600000,-0.00018832
TRXUSDT,1721894400000,0.0001
TRXUSDT,1721923200000,2.556e-05
TRXUSDT,1721952000000,-0.00017994
TRXUSDT,1721980800000,0.0001
TRXUSDT,1722009600000,0.0001
TRXUSDT,1722038400000,5.828e-05
TRXUSDT,1722067200000,2.611e-05
TRXUSDT,1722096000000,-8.047e-05
TRXUSDT,1722124800000,2.645e-05
TRXUSDT,1722153600000,4.069e-05
TRXUSDT,1722182400000,0.0001
TRXUSDT,1722211200000,0.0001
TRXUSDT,1722240000000,3.71e-05
TRXUSDT,1722268800000,-9.871e-05
TRXUSDT,1722297600000,8.48e-05
TRXUSDT,1722326400000,0.0001
TRXUSDT,1722355200000,-4.677e-05
TRXUSDT,1722384000000,-1.9e-07
TRXUSDT,1722412800000,-0.00028836
TRXUSDT,1722441600000,-0.00034422
TRXUSDT,1722470400000,-0.00056146
TRXUSDT,1722499200000,-0.00017934
TRXUSDT,1722528000000,-0.0002357
TRXUSDT,1722556800000,4.45e-05
TRXUSDT,1722585600000,-0.00023542
TRXUSDT,1722614400000,-0.00082992
TRXUSDT,1722643200000,-0.00037168
TRXUSDT,1722672000000,5.025e-05
TRXUSDT,1722700800000,-0.00014495
TRXUSDT,1722729600000,-0.00017753
TRXUSDT,1722758400000,-0.00019945
TRXUSDT,1722787200000,-0.00073627
TRXUSDT,1722816000000,-0.00030865
TRXUSDT,1722844800000,-0.00074279
TRXUSDT,1722873600000,-0.00013979
TRXUSDT,1722902400000,-0.00031777
TRXUSDT,1722931200000,1.425e-05
TRXUSDT,1722960000000,-0.00022492
TRXUSDT,1722988800000,-3.447e-05
TRXUSDT,1723017600000,-4.91e-05
TRXUSDT,1723046400000,-0.0001461
TRXUSDT,1723075200000,2.34e-05
TRXUSDT,1723104000000,7.46e-05
TRXUSDT,1723132800000,7.715e-05
TRXUSDT,1723161600000,-1.071e-05
TRXUSDT,1723190400000,4.654e-05
TRXUSDT,1723219200000,1.094e-05
TRXUSDT,1723248000000,0.0001
TRXUSDT,1723276800000,0.0001
TRXUSDT,1723305600000,-1.893e-05
TRXUSDT,1723334400000,-0.00014573
TRXUSDT,1723363200000,-0.00013738
TRXUSDT,1723392000000,-0.00025209
TRXUSDT,1723420800000,-0.00010892
TRXUSDT,1723449600000,0.0001
TRXUSDT,1723478400000,-0.00015018
TRXUSDT,1723507200000,9.295e-05
TRXUSDT,1723536000000,1.466e-05
TRXUSDT,1723564800000,0.0001
TRXUSDT,1723593600000,0.0001
TRXUSDT,1723622400000,0.0001
TRXUSDT,1723651200000,0.0001
TRXUSDT,1723680000000,6.661e-05
TRXUSDT,1723708800000,0.0001
TRXUSDT,1723737600000,-5.579e-05
TRXUSDT,1723766400000,-0.00015409
TRXUSDT,1723795200000,0.0001
TRXUSDT,1723824000000,1.53e-06
TRXUSDT,1723852800000,0.0001
TRXUSDT,1723881600000,0.0001
TRXUSDT,1723910400000,0.0001
TRXUSDT,1723939200000,-7.357e-05
TRXUSDT,1723968000000,-4.365e-05
TRXUSDT,1723996800000,0.0001
TRXUSDT,1724025600000,0.0001
TRXUSDT,1724054400000,9.152e-05
TRXUSDT,1724083200000,0.0001
TRXUSDT,1724112000000,8.81e-05
TRXUSDT,1724140800000,9.781e-05
TRXUSDT,1724169600000,0.0001
TRXUSDT,1724198400000,0.0001
TRXUSDT,1724227200000,9.042e-05
TRXUSDT,1724256000000,-0.0001039
TRXUSDT,1724284800000,5.05e-06
TRXUSDT,1724313600000,8.143e-05
TRXUSDT,1724342400000,6.612e-05
TRXUSDT,1724371200000,8.701e-05
TRXUSDT,1724400000000,-0.00011039
TRXUSDT,1724428800000,0.0001
TRXUSDT,1724457600000,-1.92e-05
TRXUSDT,1724486400000,0.0001
TRXUSDT,1724515200000,8.082e-05
TRXUSDT,1724544000000,-5.4e-05
TRXUSDT,1724572800000,0.0001
TRXUSDT,1724601600000,0.0001
TRXUSDT,1724630400000,0.0001
TRXUSDT,1724659200000,3.922e-05
TRXUSDT,1724688000000,2.124e-05
TRXUSDT,1724716800000,-0.00024961
TRXUSDT,1724745600000,-6.946e-05
TRXUSDT,1724774400000,0.0001
TRXUSDT,1724803200000,-0.00022312
TRXUSDT,1724832000000,7.643e-05
TRXUSDT,1724860800000,-9.425e-05
TRXUSDT,1724889600000,0.0001
TRXUSDT,1724918400000,6.6e-07
TRXUSDT,1724947200000,7.351e-05
TRXUSDT,1724976000000,6.329e-05
TRXUSDT,1725004800000,0.0001
TRXUSDT,1725033600000,-2.821e-05
TRXUSDT,1725062400000,-3.809e-05
TRXUSDT,1725091200000,-0.00027343
TRXUSDT,1725120000000,-0.00015497
TRXUSDT,1725148800000,0.0001
TRXUSDT,1725177600000,-0.00047133
TRXUSDT,1725206400000,4.771e-05
TRXUSDT,1725235200000,-0.00030349
TRXUSDT,1725264000000,-4.059e-05
TRXUSDT,1725292800000,5.275e-05
TRXUSDT,1725321600000,-0.00016795
TRXUSDT,1725350400000,0.0001
TRXUSDT,1725379200000,-0.00064654
TRXUSDT,1725408000000,-0.00025165
TRXUSDT,1725436800000,0.0001
TRXUSDT,1725465600000,-0.00013099
TRXUSDT,1725494400000,-5.052e-05
TRXUSDT,1725523200000,3.276e-05
TRXUSDT,1725552000000,-8.24e-06
TRXUSDT,1725580800000,7.493e-05
TRXUSDT,1725609600000,-0.00013831
TRXUSDT,1725638400000,-0.00019271
TRXUSDT,1725667200000,3.899e-05
TRXUSDT,1725696000000,0.0001
TRXUSDT,1725724800000,0.0001
TRXUSDT,1725753600000,9.122e-05
TRXUSDT,1725782400000,8.696e-05
TRXUSDT,1725811200000,6.924e-05
TRXUSDT,1725840000000,0.0001
TRXUSDT,1725868800000,0.0001
TRXUSDT,1725897600000,6.037e-05
TRXUSDT,1725926400000,-3.222e-05
TRXUSDT,1725955200000,-4.573e-05
TRXUSDT,1725984000000,-0.00010663
TRXUSDT,1726012800000,-1.734e-05
TRXUSDT,1726041600000,-0.00017933
TRXUSDT,1726070400000,1.016e-05
TRXUSDT,1726099200000,0.0001
TRXUSDT,1726128000000,0.0001
TRXUSDT,1726156800000,-0.00014841
TRXUSDT,1726185600000,-0.00016857
TRXUSDT,1726214400000,-0.00066915
TRXUSDT,1726243200000,-0.00055969
TRXUSDT,1726272000000,-0.00073698
TRXUSDT,1726300800000,-0.00063617
TRXUSDT,1726329600000,-0.00094916
TRXUSDT,1726358400000,-0.00018246
TRXUSDT,1726387200000,-0.00024285
TRXUSDT,1726416000000,-5.585e-05
TRXUSDT,1726444800000,2.28e-06
TRXUSDT,1726473600000,-7.662e-05
TRXUSDT,1726502400000,-1.126e-05
TRXUSDT,1726531200000,0.0001
TRXUSDT,1726560000000,0.0001
TRXUSDT,1726588800000,2.18e-06
TRXUSDT,1726617600000,-0.00024956
TRXUSDT,1726646400000,-0.00018685
TRXUSDT,1726675200000,-0.0002999
TRXUSDT,1726704000000,-0.00044323
TRXUSDT,1726732800000,-0.00013993
TRXUSDT,1726761600000,-0.00023671
TRXUSDT,1726790400000,-0.00026236
TRXUSDT,1726819200000,0.0001
TRXUSDT,1726848000000,-6.675e-05
TRXUSDT,1726876800000,0.0001
TRXUSDT,1726905600000,-1.139e-05
TRXUSDT,1726934400000,5.567e-05
TRXUSDT,1726963200000,-0.00014998
TRXUSDT,1726992000000,-0.00029672
TRXUSDT,1727020800000,-0.00049609
TRXUSDT,1727049600000,0.0001
TRXUSDT,1727078400000,-0.0003109
TRXUSDT,1727107200000,0.0001
TRXUSDT,1727136000000,-4.709e-05
TRXUSDT,1727164800000,-0.00022213
TRXUSDT,1727193600000,-0.00024698
TRXUSDT,1727222400000,-0.00062522
TRXUSDT,1727251200000,-0.00046637
TRXUSDT,1727280000000,-0.00027986
TRXUSDT,1727308800000,-0.00048762
TRXUSDT,1727337600000,6.644e-05
TRXUSDT,1727366400000,0.0001
TRXUSDT,1727395200000,0.0001
TRXUSDT,1727424000000,0.0001
TRXUSDT,1727452800000,0.0001
TRXUSDT,1727481600000,0.0001
TRXUSDT,1727510400000,0.0001
TRXUSDT,1727539200000,0.0001
TRXUSDT,1727568000000,0.0001
TRXUSDT,1727596800000,0.0001
TRXUSDT,1727625600000,0.0001
TRXUSDT,1727654400000,0.0001
TRXUSDT,1727683200000,-7.151e-05
TRXUSDT,1727712000000,0.0001
TRXUSDT,1727740800000,0.0001
TRXUSDT,1727769600000,0.0001
TRXUSDT,1727798400000,0.0001
TRXUSDT,1727827200000,4.38e-05
TRXUSDT,1727856000000,0.0001
TRXUSDT,1727884800000,-6.2e-05
TRXUSDT,1727913600000,9.05e-05
TRXUSDT,1727942400000,0.0001
TRXUSDT,1727971200000,-0.0001155
TRXUSDT,1728000000000,0.0001
TRXUSDT,1728028800000,0.0001
TRXUSDT,1728057600000,-3.352e-05
TRXUSDT,1728086400000,-0.0001533
TRXUSDT,1728115200000,-0.00031518
TRXUSDT,1728144000000,-0.00026829
TRXUSDT,1728172800000,-0.00016279
TRXUSDT,1728201600000,-0.00031848
TRXUSDT,1728230400000,-2.756e-05
TRXUSDT,1728259200000,-0.0004119
TRXUSDT,1728288000000,-0.00022269
TRXUSDT,1728316800000,8.691e-05
TRXUSDT,1728345600000,0.0001
TRXUSDT,1728374400000,0.0001
TRXUSDT,1728403200000,0.0001
TRXUSDT,1728432000000,0.0001
TRXUSDT,1728460800000,0.0001
TRXUSDT,1728489600000,0.0001
TRXUSDT,1728518400000,-4.715e-05
TRXUSDT,1728547200000,0.0001
TRXUSDT,1728576000000,0.0001
TRXUSDT,1728604800000,-3.343e-05
TRXUSDT,1728633600000,0.0001
TRXUSDT,1728662400000,0.0001
TRXUSDT,1728691200000,-4.313e-05
TRXUSDT,1728720000000,0.0001
TRXUSDT,1728748800000,0.0001
TRXUSDT,1728777600000,-9.528e-05
TRXUSDT,1728806400000,0.0001
TRXUSDT,1728835200000,0.0001
TRXUSDT,1728864000000,-4.41e-06
TRXUSDT,1728892800000,4.322e-05
TRXUSDT,1728921600000,-3.325e-05
TRXUSDT,1728950400000,-1.45e-06
TRXUSDT,1728979200000,-0.00040369
TRXUSDT,1729008000000,-0.0002182
TRXUSDT,1729036800000,9.717e-05
TRXUSDT,1729065600000,0.0001
TRXUSDT,1729094400000,1.768e-05
TRXUSDT,1729123200000,0.0001
TRXUSDT,1729152000000,0.0001
TRXUSDT,1729180800000,0.0001
TRXUSDT,1729209600000,-7.846e-05
TRXUSDT,1729238400000,-0.00014899
TRXUSDT,1729267200000,-0.00021729
TRXUSDT,1729296000000,-0.00030934
TRXUSDT,1729324800000,-0.00067976
TRXUSDT,1729353600000,-0.00067506
TRXUSDT,1729382400000,-0.00042275
TRXUSDT,1729411200000,-0.00039059
TRXUSDT,1729440000000,-0.00031277
TRXUSDT,1729468800000,-0.00022656
TRXUSDT,1729497600000,-0.00047868
TRXUSDT,1729526400000,8.401e-05
TRXUSDT,1729555200000,0.0001
TRXUSDT,1729584000000,0.0001
TRXUSDT,1729612800000,0.0001
TRXUSDT,1729641600000,0.0001
TRXUSDT,1729670400000,0.0001
TRXUSDT,1729699200000,0.0001
TRXUSDT,1729728000000,0.0001
TRXUSDT,1729756800000,0.0001
TRXUSDT,1729785600000,0.0001
TRXUSDT,1729814400000,0.0001
TRXUSDT,1729843200000,0.0001
TRXUSDT,1729872000000,0.0001
TRXUSDT,1729900800000,0.0001
TRXUSDT,1729929600000,0.0001
TRXUSDT,1729958400000,0.0001
TRXUSDT,1729987200000,0.0001
TRXUSDT,1730016000000,0.0001
TRXUSDT,1730044800000,-0.00011964
TRXUSDT,1730073600000,-0.00026681
TRXUSDT,1730102400000,-0.00012906
TRXUSDT,1730131200000,-1.6e-07
TRXUSDT,1730160000000,0.0001
TRXUSDT,1730188800000,9.856e-05
TRXUSDT,1730217600000,9.777e-05
TRXUSDT,1730246400000,0.0001
TRXUSDT,1730275200000,0.00028562
TRXUSDT,1730304000000,0.0001
TRXUSDT,1730332800000,0.00011103
TRXUSDT,1730361600000,0.0001
TRXUSDT,1730390400000,0.0001
TRXUSDT,1730419200000,0.0001
TRXUSDT,1730448000000,0.0001
TRXUSDT,1730476800000,0.0001
TRXUSDT,1730505600000,0.0001
TRXUSDT,1730534400000,0.0001
TRXUSDT,1730563200000,-0.00027902
TRXUSDT,1730592000000,-0.00014683
TRXUSDT,1730620800000,-0.00033727
TRXUSDT,1730649600000,-0.00016775
TRXUSDT,1730678400000,0.0001
TRXUSDT,1730707200000,0.0001
TRXUSDT,1730736000000,-0.00011134
TRXUSDT,1730764800000,-0.00042771
TRXUSDT,1730793600000,-0.0004167
TRXUSDT,1730822400000,-0.00033298
TRXUSDT,1730851200000,-0.0007806
TRXUSDT,1730880000000,0.0001
TRXUSDT,1730908800000,-1.424e-05
TRXUSDT,1730937600000,-1.099e-05
TRXUSDT,1730966400000,-0.00066924
TRXUSDT,1730995200000,-0.00073596
TRXUSDT,1731024000000,-0.00073812
TRXUSDT,1731052800000,-0.00030339
TRXUSDT,1731081600000,-8.386e-05
TRXUSDT,1731110400000,-0.00021926
TRXUSDT,1731139200000,-0.00057316
TRXUSDT,1731168000000,-0.00046119
TRXUSDT,1731196800000,0.0001
TRXUSDT,1731225600000,0.0001
TRXUSDT,1731254400000,0.0001
TRXUSDT,1731283200000,-0.00024216
TRXUSDT,1731312000000,4.081e-05
TRXUSDT,1731340800000,0.0001
TRXUSDT,1731369600000,0.0001
TRXUSDT,1731398400000,0.00034341
TRXUSDT,1731427200000,0.00039366
TRXUSDT,1731456000000,0.00027507
TRXUSDT,1731484800000,0.0001
TRXUSDT,1731513600000,0.0001
TRXUSDT,1731542400000,0.0001
TRXUSDT,1731571200000,0.00012866
TRXUSDT,1731600000000,0.0001
TRXUSDT,1731628800000,0.0001
TRXUSDT,1731657600000,0.0001
TRXUSDT,1731686400000,0.0001
TRXUSDT,1731715200000,0.0001
TRXUSDT,1731744000000,0.0001
TRXUSDT,1731772800000,0.00023253
TRXUSDT,1731801600000,0.00011629
TRXUSDT,1731830400000,0.00026243
TRXUSDT,1731859200000,0.0001
TRXUSDT,1731888000000,0.00038856
TRXUSDT,1731916800000,0.00027001
TRXUSDT,1731945600000,0.00020578
TRXUSDT,1731974400000,0.0001
TRXUSDT,1732003200000,0.00043411
TRXUSDT,1732032000000,0.0001
TRXUSDT,1732060800000,0.0001
TRXUSDT,1732089600000,0.0001
TRXUSDT,1732118400000,0.0001
TRXUSDT,1732147200000,0.0001
TRXUSDT,1732176000000,0.0001
TRXUSDT,1732204800000,0.0001
TRXUSDT,1732233600000,0.0001
TRXUSDT,1732262400000,0.0001
TRXUSDT,1732291200000,0.00010391
TRXUSDT,1732320000000,0.00018657
TRXUSDT,1732348800000,0.00040225
TRXUSDT,1732377600000,0.00041414
TRXUSDT,1732406400000,0.00017491
TRXUSDT,1732435200000,0.00046155
TRXUSDT,1732464000000,0.0001
TRXUSDT,1732492800000,0.00037801
TRXUSDT,1732521600000,0.00022665
TRXUSDT,1732550400000,0.0001
TRXUSDT,1732579200000,0.0001
TRXUSDT,1732608000000,0.0001
TRXUSDT,1732636800000,0.0001
TRXUSDT,1732665600000,0.0001
TRXUSDT,1732694400000,0.0001
TRXUSDT,1732723200000,0.00020384
TRXUSDT,1732752000000,0.0001
TRXUSDT,1732780800000,0.0001
TRXUSDT,1732809600000,0.0001
TRXUSDT,1732838400000,0.0001
TRXUSDT,1732867200000,0.0001
TRXUSDT,1732896000000,0.0001
TRXUSDT,1732924800000,0.0001
TRXUSDT,1732953600000,0.0001
TRXUSDT,1732982400000,0.0001
TRXUSDT,1733011200000,0.0001
TRXUSDT,1733040000000,0.0001
TRXUSDT,1733068800000,0.00032068
TRXUSDT,1733097600000,0.0001
TRXUSDT,1733126400000,0.00042369
TRXUSDT,1733155200000,0.00030024
TRXUSDT,1733184000000,0.0004335
TRXUSDT,1733212800000,0.00051035
TRXUSDT,1733241600000,0.00030379
TRXUSDT,1733270400000,0.0003831
TRXUSDT,1733299200000,0.0003874
TRXUSDT,1733328000000,0.00059058
TRXUSDT,1733356800000,0.00040976
TRXUSDT,1733385600000,0.00061242
TRXUSDT,1733414400000,0.00035533
TRXUSDT,1733443200000,0.00048052
TRXUSDT,1733472000000,0.00058151
TRXUSDT,1733500800000,0.00024374
TRXUSDT,1733529600000,0.00041718
TRXUSDT,1733558400000,0.000386
TRXUSDT,1733587200000,0.00044577
TRXUSDT,1733616000000,0.00045958
TRXUSDT,1733644800000,0.00034963
TRXUSDT,1733673600000,0.00055086
TRXUSDT,1733702400000,0.00059606
TRXUSDT,1733731200000,0.0001414
TRXUSDT,1733760000000,0.0001
TRXUSDT,1733788800000,0.0001
TRXUSDT,1733817600000,0.0001
TRXUSDT,1733846400000,0.0001
TRXUSDT,1733875200000,0.0001
TRXUSDT,1733904000000,0.0001
TRXUSDT,1733932800000,0.0001
TRXUSDT,1733961600000,6.839e-05
TRXUSDT,1733990400000,0.0001
TRXUSDT,1734019200000,0.0001
TRXUSDT,1734048000000,0.0001
TRXUSDT,1734076800000,9.44e-05
TRXUSDT,1734105600000,8.484e-05
TRXUSDT,1734134400000,0.0001
TRXUSDT,1734163200000,0.0001
TRXUSDT,1734192000000,0.0001
TRXUSDT,1734220800000,0.0001
TRXUSDT,1734249600000,-9.803e-05
TRXUSDT,1734278400000,0.0001
TRXUSDT,1734307200000,0.0001
TRXUSDT,1734336000000,0.0001
TRXUSDT,1734364800000,6.058e-05
TRXUSDT,1734393600000,0.0001
TRXUSDT,1734422400000,2.762e-05
TRXUSDT,1734451200000,9.636e-05
TRXUSDT,1734480000000,-8.73e-06
TRXUSDT,1734508800000,-5.224e-05
TRXUSDT,1734537600000,1.551e-05
TRXUSDT,1734566400000,-0.00032114
TRXUSDT,1734595200000,0.0001
TRXUSDT,1734624000000,0.0001
TRXUSDT,1734652800000,-0.00013253
TRXUSDT,1734681600000,-6.13e-05
TRXUSDT,1734710400000,0.0001
TRXUSDT,1734739200000,0.0001
TRXUSDT,1734768000000,0.0001
TRXUSDT,1734796800000,-0.00020414
TRXUSDT,1734825600000,-0.00022421
TRXUSDT,1734854400000,6.172e-05
TRXUSDT,1734883200000,0.0001
TRXUSDT,1734912000000,-7.682e-05
TRXUSDT,1734940800000,0.0001
TRXUSDT,1734969600000,0.0001
TRXUSDT,1734998400000,0.0001
TRXUSDT,1735027200000,0.0001
TRXUSDT,1735056000000,0.0001
TRXUSDT,1735084800000,0.0001
TRXUSDT,1735113600000,0.0001
TRXUSDT,1735142400000,0.0001
TRXUSDT,1735171200000,0.0001
TRXUSDT,1735200000000,9.77e-06
TRXUSDT,1735228800000,8.943e-05
TRXUSDT,1735257600000,0.0001
TRXUSDT,1735286400000,0.0001
TRXUSDT,1735315200000,0.0001
TRXUSDT,1735344000000,0.0001
TRXUSDT,1735372800000,-1.468e-05
TRXUSDT,1735401600000,-6.236e-05
TRXUSDT,1735430400000,4.378e-05
TRXUSDT,1735459200000,0.0001
TRXUSDT,1735488000000,0.0001
TRXUSDT,1735516800000,3.856e-05
TRXUSDT,1735545600000,1.534e-05
TRXUSDT,1735574400000,-0.00019995
TRXUSDT,1735603200000,9.325e-05
TRXUSDT,1735632000000,0.0001
TRXUSDT,1735660800000,0.0001
TRXUSDT,1735689600000,0.0001
TRXUSDT,1735718400000,0.0001
TRXUSDT,1735747200000,0.0001
TRXUSDT,1735776000000,0.0001
TRXUSDT,1735804800000,0.0001
TRXUSDT,1735833600000,0.0001
TRXUSDT,1735862400000,0.0001
TRXUSDT,1735891200000,0.0001
TRXUSDT,1735920000000,0.0001
TRXUSDT,1735948800000,0.0001
TRXUSDT,1735977600000,0.0001
TRXUSDT,1736006400000,0.0001
TRXUSDT,1736035200000,0.0001
TRXUSDT,1736064000000,0.0001
TRXUSDT,1736092800000,9.729e-05
TRXUSDT,1736121600000,4.449e-05
TRXUSDT,1736150400000,0.0001
TRXUSDT,1736179200000,0.0001
TRXUSDT,1736208000000,0.0001
TRXUSDT,1736236800000,0.0001
TRXUSDT,1736265600000,0.0001
TRXUSDT,1736294400000,-0.00018767
TRXUSDT,1736323200000,-0.00021475
TRXUSDT,1736352000000,5.961e-05
TRXUSDT,1736380800000,0.0001
TRXUSDT,1736409600000,-2.63e-05
TRXUSDT,1736438400000,-2.716e-05
TRXUSDT,1736467200000,-8.186e-05
TRXUSDT,1736496000000,0.0001
TRXUSDT,1736524800000,-7.109e-05
TRXUSDT,1736553600000,0.0001
TRXUSDT,1736582400000,7.836e-05
TRXUSDT,1736611200000,0.0001
TRXUSDT,1736640000000,-9.303e-05
TRXUSDT,1736668800000,-0.0002482
TRXUSDT,1736697600000,-1.29e-05
TRXUSDT,1736726400000,-0.00026511
TRXUSDT,1736755200000,-0.00016174
TRXUSDT,1736784000000,-0.00017338
TRXUSDT,1736812800000,0.0001
TRXUSDT,1736841600000,2.497e-05
TRXUSDT,1736870400000,-1.036e-05
TRXUSDT,1736899200000,-0.00010263
TRXUSDT,1736928000000,0.0001
TRXUSDT,1736956800000,0.0001
TRXUSDT,1736985600000,0.0001
TRXUSDT,1737014400000,0.0001
TRXUSDT,1737043200000,0.0001
TRXUSDT,1737072000000,6.298e-05
TRXUSDT,1737100800000,0.0001
TRXUSDT,1737129600000,0.0001
TRXUSDT,1737158400000,0.0001
TRXUSDT,1737187200000,4.418e-05
TRXUSDT,1737216000000,0.0001
TRXUSDT,1737244800000,0.0001
TRXUSDT,1737273600000,0.0001
TRXUSDT,1737302400000,0.0001
TRXUSDT,1737331200000,0.0001
TRXUSDT,1737360000000,0.0001
TRXUSDT,1737388800000,0.0001
TRXUSDT,1737417600000,0.0001
TRXUSDT,1737446400000,0.0001
TRXUSDT,1737475200000,0.0001
TRXUSDT,1737504000000,0.0001
TRXUSDT,1737532800000,0.0001
TRXUSDT,1737561600000,0.0001
TRXUSDT,1737590400000,0.0001
TRXUSDT,1737619200000,0.0001
TRXUSDT,1737648000000,0.0001
TRXUSDT,1737676800000,0.0001
TRXUSDT,1737705600000,0.0001
TRXUSDT,1737734400000,0.0001
TRXUSDT,1737763200000,9.422e-05
TRXUSDT,1737792000000,0.0001
TRXUSDT,1737820800000,0.0001
TRXUSDT,1737849600000,0.0001
TRXUSDT,1737878400000,0.0001
TRXUSDT,1737907200000,2.978e-05
TRXUSDT,1737936000000,-3.784e-05
TRXUSDT,1737964800000,-3.291e-05
TRXUSDT,1737993600000,0.0001
TRXUSDT,1738022400000,0.0001
TRXUSDT,1738051200000,0.0001
TRXUSDT,1738080000000,0.0001
TRXUSDT,1738108800000,-5.452e-05
TRXUSDT,1738137600000,0.0001
TRXUSDT,1738166400000,-9.103e-05
TRXUSDT,1738195200000,3.67e-05
TRXUSDT,1738224000000,0.0001
TRXUSDT,1738252800000,0.0001
TRXUSDT,1738281600000,0.0001
TRXUSDT,1738310400000,0.0001
TRXUSDT,1738339200000,0.0001
TRXUSDT,1738368000000,0.0001
TRXUSDT,1738396800000,0.0001
TRXUSDT,1738425600000,0.0001
TRXUSDT,1738454400000,-6.998e-05
TRXUSDT,1738483200000,-3.289e-05
TRXUSDT,1738512000000,2.199e-05
TRXUSDT,1738540800000,-0.00019619
TRXUSDT,1738569600000,-0.00017214
TRXUSDT,1738598400000,-0.00016855
TRXUSDT,1738627200000,-6.274e-05
TRXUSDT,1738656000000,-0.00046089
TRXUSDT,1738684800000,-0.00011833
TRXUSDT,1738713600000,-0.00016451
TRXUSDT,1738742400000,-8.656e-05
TRXUSDT,1738771200000,-0.00020497
TRXUSDT,1738800000000,-0.00027676
TRXUSDT,1738828800000,7.96e-05
TRXUSDT,1738857600000,6.32e-06
TRXUSDT,1738886400000,-2.39e-06
TRXUSDT,1738915200000,-9.056e-05
TRXUSDT,1738944000000,-3.93e-05
TRXUSDT,1738972800000,-2.937e-05
TRXUSDT,1739001600000,-1.756e-05
TRXUSDT,1739030400000,-2.961e-05
TRXUSDT,1739059200000,1.74e-06
TRXUSDT,1739088000000,5.331e-05
TRXUSDT,1739116800000,9.004e-05
TRXUSDT,1739145600000,2.568e-05
TRXUSDT,1739174400000,-8.86e-06
TRXUSDT,1739203200000,0.0001
TRXUSDT,1739232000000,0.0001
TRXUSDT,1739260800000,0.0001
TRXUSDT,1739289600000,0.0001
TRXUSDT,1739318400000,-4.281e-05
TRXUSDT,1739347200000,0.0001
TRXUSDT,1739376000000,0.0001
TRXUSDT,1739404800000,-5.721e-05
TRXUSDT,1739433600000,-0.00014881
TRXUSDT,1739462400000,-0.00012452
TRXUSDT,1739491200000,-0.0001873
TRXUSDT,1739520000000,-0.0003139
TRXUSDT,1739548800000,-0.00030582
TRXUSDT,1739577600000,-0.00021322
TRXUSDT,1739606400000,-5.452e-05
TRXUSDT,1739635200000,2.628e-05
TRXUSDT,1739664000000,0.0001
TRXUSDT,1739692800000,0.0001
TRXUSDT,1739721600000,0.0001
TRXUSDT,1739750400000,0.0001
TRXUSDT,1739779200000,0.0001
TRXUSDT,1739808000000,3.285e-05
TRXUSDT,1739836800000,-2.129e-05
TRXUSDT,1739865600000,4.383e-05
TRXUSDT,1739894400000,6.63e-06
TRXUSDT,1739923200000,0.0001
TRXUSDT,1739952000000,0.0001
TRXUSDT,1739980800000,8.243e-05
TRXUSDT,1740009600000,-6.273e-05
TRXUSDT,1740038400000,-0.0002083
TRXUSDT,1740067200000,5.859e-05
TRXUSDT,1740096000000,0.0001
TRXUSDT,1740124800000,0.0001
TRXUSDT,1740153600000,5.906e-05
TRXUSDT,1740182400000,4.045e-05
TRXUSDT,1740211200000,-9.656e-05
TRXUSDT,1740240000000,-0.00029469
TRXUSDT,1740268800000,-0.00020028
TRXUSDT,1740297600000,0.0001
TRXUSDT,1740326400000,0.0001
TRXUSDT,1740355200000,0.0001
TRXUSDT,1740384000000,0.0001
TRXUSDT,1740412800000,0.0001
TRXUSDT,1740441600000,0.0001
TRXUSDT,1740470400000,4.468e-05
TRXUSDT,1740499200000,-7.565e-05
TRXUSDT,1740528000000,-0.00013402
TRXUSDT,1740556800000,-0.00025649
TRXUSDT,1740585600000,-0.00015118
TRXUSDT,1740614400000,-0.00023156
TRXUSDT,1740643200000,-5.547e-05
TRXUSDT,1740672000000,-0.000142
TRXUSDT,1740700800000,-9.971e-05
TRXUSDT,1740729600000,-0.00029669
TRXUSDT,1740758400000,6.807e-05
TRXUSDT,1740787200000,0.0001
TRXUSDT,1740816000000,0.0001
TRXUSDT,1740844800000,0.0001
TRXUSDT,1740873600000,-1.177e-05
TRXUSDT,1740902400000,4.989e-05
TRXUSDT,1740931200000,8.374e-05
TRXUSDT,1740960000000,7.091e-05
TRXUSDT,1740988800000,3.12e-06
TRXUSDT,1741017600000,0.0001
TRXUSDT,1741046400000,-8.035e-05
TRXUSDT,1741075200000,2.743e-05
TRXUSDT,1741104000000,2.165e-05
TRXUSDT,1741132800000,0.0001
TRXUSDT,1741161600000,7.289e-05
TRXUSDT,1741190400000,0.0001
TRXUSDT,1741219200000,0.0001
TRXUSDT,1741248000000,7.828e-05
TRXUSDT,1741276800000,-3.134e-05
TRXUSDT,1741305600000,-2.852e-05
TRXUSDT,1741334400000,0.0001
TRXUSDT,1741363200000,0.0001
TRXUSDT,1741392000000,0.0001
TRXUSDT,1741420800000,0.0001
TRXUSDT,1741449600000,-4.66e-06
TRXUSDT,1741478400000,-0.0002218
TRXUSDT,1741507200000,-0.00019272
TRXUSDT,1741536000000,-3.602e-05
TRXUSDT,1741564800000,-9.821e-05
TRXUSDT,1741593600000,-0.00017263
TRXUSDT,1741622400000,-4.114e-05
TRXUSDT,1741651200000,-3.053e-05
TRXUSDT,1741680000000,4.443e-05
TRXUSDT,1741708800000,-0.00031051
TRXUSDT,1741737600000,-0.00048316
TRXUSDT,1741766400000,-0.00046489
TRXUSDT,1741795200000,-0.00077068
TRXUSDT,1741824000000,-0.00023801
TRXUSDT,1741852800000,-0.00015964
TRXUSDT,1741881600000,1.701e-05
TRXUSDT,1741910400000,-5.106e-05
TRXUSDT,1741939200000,-0.0001054
TRXUSDT,1741968000000,-0.0003209
TRXUSDT,1741996800000,-0.00073553
TRXUSDT,1742025600000,-0.00060071
TRXUSDT,1742054400000,-0.00073917
TRXUSDT,1742083200000,-0.00055835
TRXUSDT,1742112000000,-0.00065083
TRXUSDT,1742140800000,-0.00169726
TRXUSDT,1742169600000,-0.00067455
TRXUSDT,1742198400000,-0.00050515
TRXUSDT,1742227200000,-0.00013571
TRXUSDT,1742256000000,-7.169e-05
TRXUSDT,1742284800000,8.243e-05
TRXUSDT,1742313600000,0.0001
TRXUSDT,1742342400000,0.0001
TRXUSDT,1742371200000,0.0001
TRXUSDT,1742400000000,4.769e-05
TRXUSDT,1742428800000,1.159e-05
TRXUSDT,1742457600000,7.202e-05
TRXUSDT,1742486400000,0.0001
TRXUSDT,1742515200000,0.0001
TRXUSDT,1742544000000,3.016e-05
TRXUSDT,1742572800000,0.0001
TRXUSDT,1742601600000,-4.496e-05
TRXUSDT,1742630400000,-9.79e-06
TRXUSDT,1742659200000,-4.604e-05
TRXUSDT,1742688000000,0.0001
TRXUSDT,1742716800000,0.0001
TRXUSDT,1742745600000,-0.00016723
TRXUSDT,1742774400000,-0.00020545
TRXUSDT,1742803200000,1.138e-05
TRXUSDT,1742832000000,-1.777e-05
TRXUSDT,1742860800000,-0.00013713
TRXUSDT,1742889600000,-4.121e-05
TRXUSDT,1742918400000,-0.00011332
TRXUSDT,1742947200000,-0.00015397
TRXUSDT,1742976000000,7.814e-05
TRXUSDT,1743004800000,4.19e-05
TRXUSDT,1743033600000,0.0001
TRXUSDT,1743062400000,0.0001
TRXUSDT,1743091200000,0.0001
TRXUSDT,1743120000000,0.0001
TRXUSDT,1743148800000,3.694e-05
TRXUSDT,1743177600000,0.0001
TRXUSDT,1743206400000,0.0001
TRXUSDT,1743235200000,0.0001
TRXUSDT,1743264000000,0.0001
TRXUSDT,1743292800000,-6.133e-05
TRXUSDT,1743321600000,-2.308e-05
TRXUSDT,1743350400000,-6.013e-05
TRXUSDT,1743379200000,9.312e-05
TRXUSDT,1743408000000,0.0001
TRXUSDT,1743436800000,0.0001
TRXUSDT,1743465600000,0.0001
TRXUSDT,1743494400000,0.0001
TRXUSDT,1743523200000,7.247e-05
TRXUSDT,1743552000000,0.0001
TRXUSDT,1743580800000,6.545e-05
TRXUSDT,1743609600000,9.42e-05
TRXUSDT,1743638400000,-4.69e-06
TRXUSDT,1743667200000,0.0001
TRXUSDT,1743696000000,-8.44e-06
TRXUSDT,1743724800000,0.0001
TRXUSDT,1743753600000,0.0001
TRXUSDT,1743782400000,0.0001
TRXUSDT,1743811200000,-9.253e-05
TRXUSDT,1743840000000,-0.00013325
TRXUSDT,1743868800000,1.833e-05
TRXUSDT,1743897600000,4.004e-05
TRXUSDT,1743926400000,-0.00010636
TRXUSDT,1743955200000,0.0001
TRXUSDT,1743984000000,-0.000102
TRXUSDT,1744012800000,-0.00025013
TRXUSDT,1744041600000,-4.133e-05
TRXUSDT,1744070400000,0.0001
TRXUSDT,1744099200000,0.0001
TRXUSDT,1744128000000,0.0001
TRXUSDT,1744156800000,3.456e-05
TRXUSDT,1744185600000,-3.262e-05
TRXUSDT,1744214400000,2.91e-05
TRXUSDT,1744243200000,0.0001
TRXUSDT,1744272000000,0.0001
TRXUSDT,1744300800000,0.0001
TRXUSDT,1744329600000,-3.413e-05
TRXUSDT,1744358400000,-5.668e-05
TRXUSDT,1744387200000,9.838e-05
TRXUSDT,1744416000000,0.0001
TRXUSDT,1744444800000,0.0001
TRXUSDT,1744473600000,0.0001
TRXUSDT,1744502400000,-0.00011906
TRXUSDT,1744531200000,8.406e-05
TRXUSDT,1744560000000,9.095e-05
TRXUSDT,1744588800000,0.0001
TRXUSDT,1744617600000,0.0001
TRXUSDT,1744646400000,-5.466e-05
TRXUSDT,1744675200000,-7.698e-05
TRXUSDT,1744704000000,-8.077e-05
TRXUSDT,1744732800000,-0.00013842
TRXUSDT,1744761600000,0.0001
TRXUSDT,1744790400000,0.0001
TRXUSDT,1744819200000,0.0001
TRXUSDT,1744848000000,-0.00015516
TRXUSDT,1744876800000,-9.684e-05
TRXUSDT,1744905600000,0.0001
TRXUSDT,1744934400000,0.0001
TRXUSDT,1744963200000,-0.00010931
TRXUSDT,1744992000000,-0.0002027
TRXUSDT,1745020800000,-0.00025471
TRXUSDT,1745049600000,-0.00013666
TRXUSDT,1745078400000,-0.00010286
TRXUSDT,1745107200000,8.708e-05
TRXUSDT,1745136000000,-6.015e-05
TRXUSDT,1745164800000,0.0001
TRXUSDT,1745193600000,0.0001
TRXUSDT,1745222400000,-4.794e-05
TRXUSDT,1745251200000,-0.00011808
TRXUSDT,1745280000000,0.0001
TRXUSDT,1745308800000,0.0001
TRXUSDT,1745337600000,6.335e-05
TRXUSDT,1745366400000,7.52e-06
TRXUSDT,1745395200000,1.72e-06
TRXUSDT,1745424000000,-0.00012703
TRXUSDT,1745452800000,8.807e-05
TRXUSDT,1745481600000,-0.00014279
TRXUSDT,1745510400000,0.0001
TRXUSDT,1745539200000,0.0001
TRXUSDT,1745568000000,-0.00017496
TRXUSDT,1745596800000,-0.00014571
TRXUSDT,1745625600000,-0.00028784
TRXUSDT,1745654400000,0.0001
TRXUSDT,1745683200000,0.0001
TRXUSDT,1745712000000,0.0001
TRXUSDT,1745740800000,0.0001
TRXUSDT,1745769600000,-1.681e-05
TRXUSDT,1745798400000,-0.00014761
TRXUSDT,1745827200000,-7.6e-07
TRXUSDT,1745856000000,-0.00013786
TRXUSDT,1745884800000,0.0001
TRXUSDT,1745913600000,0.0001
TRXUSDT,1745942400000,-7.5e-05
TRXUSDT,1745971200000,-0.00013936
TRXUSDT,1746000000000,-9.591e-05
TRXUSDT,1746028800000,0.0001
TRXUSDT,1746057600000,0.0001
TRXUSDT,1746086400000,0.0001
TRXUSDT,1746115200000,0.0001
TRXUSDT,1746144000000,-0.00022444
TRXUSDT,1746172800000,-0.00014584
TRXUSDT,1746201600000,9.382e-05
TRXUSDT,1746230400000,0.0001
TRXUSDT,1746259200000,0.0001
TRXUSDT,1746288000000,0.0001
TRXUSDT,1746316800000,-7.901e-05
TRXUSDT,1746345600000,0.0001
TRXUSDT,1746374400000,6.253e-05
TRXUSDT,1746403200000,-9.4e-06
TRXUSDT,1746432000000,0.0001
TRXUSDT,1746460800000,4.504e-05
TRXUSDT,1746489600000,2.596e-05
TRXUSDT,1746518400000,-0.00015612
TRXUSDT,1746547200000,-0.00013861
TRXUSDT,1746576000000,9.71e-06
TRXUSDT,1746604800000,-0.00014208
TRXUSDT,1746633600000,0.0001
TRXUSDT,1746662400000,0.0001
TRXUSDT,1746691200000,0.0001
TRXUSDT,1746720000000,0.0001
TRXUSDT,1746748800000,0.0001
TRXUSDT,1746777600000,0.0001
TRXUSDT,1746806400000,0.0001
TRXUSDT,1746835200000,0.0001
TRXUSDT,1746864000000,0.0001
TRXUSDT,1746892800000,0.0001
TRXUSDT,1746921600000,0.0001
TRXUSDT,1746950400000,0.0001
TRXUSDT,1746979200000,0.0001
TRXUSDT,1747008000000,0.0001
TRXUSDT,1747036800000,0.0001
TRXUSDT,1747065600000,0.0001
TRXUSDT,1747094400000,0.0001
TRXUSDT,1747123200000,0.0001
TRXUSDT,1747152000000,7.919e-05
TRXUSDT,1747180800000,0.0001
TRXUSDT,1747209600000,0.0001
TRXUSDT,1747238400000,0.0001
TRXUSDT,1747267200000,0.0001
TRXUSDT,1747296000000,0.0001
TRXUSDT,1747324800000,8.88e-05
TRXUSDT,1747353600000,0.0001
TRXUSDT,1747382400000,0.0001
TRXUSDT,1747411200000,-1.08e-05
TRXUSDT,1747440000000,9.272e-05
TRXUSDT,1747468800000,-2.608e-05
TRXUSDT,1747497600000,0.0001
TRXUSDT,1747526400000,7.273e-05
TRXUSDT,1747555200000,9.37e-05
TRXUSDT,1747584000000,-1.633e-05
TRXUSDT,1747612800000,-0.00016891
TRXUSDT,1747641600000,-1.492e-05
TRXUSDT,1747670400000,6.893e-05
TRXUSDT,1747699200000,0.0001
TRXUSDT,1747728000000,0.0001
TRXUSDT,1747756800000,0.0001
TRXUSDT,1747785600000,0.0001
TRXUSDT,1747814400000,0.0001
TRXUSDT,1747843200000,0.0001
TRXUSDT,1747872000000,0.0001
TRXUSDT,1747900800000,0.0001
TRXUSDT,1747929600000,0.0001
TRXUSDT,1747958400000,0.0001
TRXUSDT,1747987200000,0.0001
TRXUSDT,1748016000000,-6.561e-05
TRXUSDT,1748044800000,0.0001
TRXUSDT,1748073600000,0.0001
TRXUSDT,1748102400000,7.842e-05
TRXUSDT,1748131200000,-3.133e-05
TRXUSDT,1748160000000,0.0001
TRXUSDT,1748188800000,1.419e-05
TRXUSDT,1748217600000,-2.756e-05
TRXUSDT,1748246400000,-2.461e-05
TRXUSDT,1748275200000,0.0001
TRXUSDT,1748304000000,0.0001
TRXUSDT,1748332800000,8.474e-05
TRXUSDT,1748361600000,-7.279e-05
TRXUSDT,1748390400000,0.0001
TRXUSDT,1748419200000,0.0001
TRXUSDT,1748448000000,1.714e-05
TRXUSDT,1748476800000,-1.78e-06
TRXUSDT,1748505600000,0.0001
TRXUSDT,1748534400000,0.0001
TRXUSDT,1748563200000,9.517e-05
TRXUSDT,1748592000000,-9.498e-05
TRXUSDT,1748620800000,8.422e-05
TRXUSDT,1748649600000,-2.352e-05
TRXUSDT,1748678400000,2.061e-05
TRXUSDT,1748707200000,-0.00015448
TRXUSDT,1748736000000,-0.00024248
TRXUSDT,1748764800000,6.663e-05
TRXUSDT,1748793600000,-6.022e-05
TRXUSDT,1748822400000,0.0001
TRXUSDT,1748851200000,0.0001
TRXUSDT,1748880000000,-3.978e-05
TRXUSDT,1748908800000,7.75e-05
TRXUSDT,1748937600000,0.0001
TRXUSDT,1748966400000,0.0001
TRXUSDT,1748995200000,0.0001
TRXUSDT,1749024000000,-3.714e-05
TRXUSDT,1749052800000,0.0001
TRXUSDT,1749081600000,0.0001
TRXUSDT,1749110400000,0.0001
TRXUSDT,1749139200000,0.0001
TRXUSDT,1749168000000,2.032e-05
TRXUSDT,1749196800000,-0.00012272
TRXUSDT,1749225600000,-9.993e-05
TRXUSDT,1749254400000,-0.0001468
TRXUSDT,1749283200000,-0.00014055
TRXUSDT,1749312000000,-4.08e-06
TRXUSDT,1749340800000,8.314e-05
TRXUSDT,1749369600000,5.128e-05
TRXUSDT,1749398400000,-5.93e-05
TRXUSDT,1749427200000,-6.938e-05
TRXUSDT,1749456000000,8.321e-05
TRXUSDT,1749484800000,-9.19e-06
TRXUSDT,1749513600000,0.0001
TRXUSDT,1749542400000,0.0001
TRXUSDT,1749571200000,0.0001
TRXUSDT,1749600000000,0.0001
TRXUSDT,1749628800000,0.0001
TRXUSDT,1749657600000,0.0001
TRXUSDT,1749686400000,-4.652e-05
TRXUSDT,1749715200000,-0.00011453
TRXUSDT,1749744000000,2.418e-05
TRXUSDT,1749772800000,-4.31e-06
TRXUSDT,1749801600000,0.0001
TRXUSDT,1749830400000,-1.876e-05
TRXUSDT,1749859200000,-4.068e-05
TRXUSDT,1749888000000,-3.672e-05
TRXUSDT,1749916800000,-0.00010109
TRXUSDT,1749945600000,3.025e-05
TRXUSDT,1749974400000,-2.924e-05
TRXUSDT,1750003200000,-2.155e-05
TRXUSDT,1750032000000,3.007e-05
TRXUSDT,1750060800000,3.661e-05
TRXUSDT,1750089600000,0.0001
TRXUSDT,1750118400000,5.281e-05
TRXUSDT,1750147200000,5.27e-06
TRXUSDT,1750176000000,0.0001
TRXUSDT,1750204800000,-4.968e-05
TRXUSDT,1750233600000,2.873e-05
TRXUSDT,1750262400000,-0.00010643
TRXUSDT,1750291200000,0.0001
TRXUSDT,1750320000000,0.0001
TRXUSDT,1750348800000,5.877e-05
TRXUSDT,1750377600000,8.898e-05
TRXUSDT,1750406400000,-6.219e-05
TRXUSDT,1750435200000,8.869e-05
TRXUSDT,1750464000000,0.0001
TRXUSDT,1750492800000,0.0001
TRXUSDT,1750521600000,-2.426e-05
TRXUSDT,1750550400000,-9.05e-06
TRXUSDT,1750579200000,-1.617e-05
TRXUSDT,1750608000000,-0.00020583
TRXUSDT,1750636800000,-0.00022408
TRXUSDT,1750665600000,-0.00015108
TRXUSDT,1750694400000,4.36e-06
TRXUSDT,1750723200000,0.0001
TRXUSDT,1750752000000,-8.047e-05
TRXUSDT,1750780800000,-9.46e-06
TRXUSDT,1750809600000,0.0001
TRXUSDT,1750838400000,7.322e-05
TRXUSDT,1750867200000,-0.00018271
TRXUSDT,1750896000000,4.676e-05
TRXUSDT,1750924800000,-2.789e-05
TRXUSDT,1750953600000,1.056e-05
TRXUSDT,1750982400000,-3.011e-05
TRXUSDT,1751011200000,-8.113e-05
TRXUSDT,1751040000000,0.0001
TRXUSDT,1751068800000,0.0001
TRXUSDT,1751097600000,0.0001
TRXUSDT,1751126400000,0.0001
TRXUSDT,1751155200000,-5.516e-05
TRXUSDT,1751184000000,0.0001
TRXUSDT,1751212800000,-9.31e-06
TRXUSDT,1751241600000,4.887e-05
TRXUSDT,1751270400000,-1.43e-06
TRXUSDT,1751299200000,-2.862e-05
TRXUSDT,1751328000000,0.0001
TRXUSDT,1751356800000,-4.51e-05
TRXUSDT,1751385600000,4.098e-05
TRXUSDT,1751414400000,0.0001
TRXUSDT,1751443200000,7.16e-05
TRXUSDT,1751472000000,7.029e-05
TRXUSDT,1751500800000,0.0001
TRXUSDT,1751529600000,-5.15e-05
TRXUSDT,1751558400000,3.942e-05
TRXUSDT,1751587200000,0.0001
TRXUSDT,1751616000000,1.866e-05
TRXUSDT,1751644800000,-9.776e-05
TRXUSDT,1751673600000,-0.0001478
TRXUSDT,1751702400000,-6.293e-05
TRXUSDT,1751731200000,-4.938e-05
TRXUSDT,1751760000000,-0.00011045
TRXUSDT,1751788800000,-7.476e-05
TRXUSDT,1751817600000,2.28e-06
TRXUSDT,1751846400000,9.555e-05
TRXUSDT,1751875200000,4.096e-05
TRXUSDT,1751904000000,-0.000136
TRXUSDT,1751932800000,-1.152e-05
TRXUSDT,1751961600000,3.539e-05
TRXUSDT,1751990400000,-0.00020495
TRXUSDT,1752019200000,3.816e-05
TRXUSDT,1752048000000,-1.296e-05
TRXUSDT,1752076800000,-0.00010076
TRXUSDT,1752105600000,-0.00011063
TRXUSDT,1752134400000,7.035e-05
TRXUSDT,1752163200000,5.646e-05
TRXUSDT,1752192000000,0.0001
TRXUSDT,1752220800000,0.0001
TRXUSDT,1752249600000,0.0001
TRXUSDT,1752278400000,0.0001
TRXUSDT,1752307200000,0.0001
TRXUSDT,1752336000000,0.0001
TRXUSDT,1752364800000,0.0001
TRXUSDT,1752393600000,0.0001
TRXUSDT,1752422400000,0.0001
TRXUSDT,1752451200000,0.0001
TRXUSDT,1752480000000,0.0001
TRXUSDT,1752508800000,0.0001
TRXUSDT,1752537600000,0.0001
TRXUSDT,1752566400000,0.0001
TRXUSDT,1752595200000,7.3e-05
TRXUSDT,1752624000000,0.0001
TRXUSDT,1752652800000,0.0001
TRXUSDT,1752681600000,0.0001
TRXUSDT,1752710400000,0.0001
TRXUSDT,1752739200000,0.0001
TRXUSDT,1752768000000,0.0001
TRXUSDT,1752796800000,0.0001
TRXUSDT,1752825600000,0.00024195
TRXUSDT,1752854400000,0.0001
TRXUSDT,1752883200000,0.0001
TRXUSDT,1752912000000,0.0001
TRXUSDT,1752940800000,0.0001
TRXUSDT,1752969600000,0.0001
TRXUSDT,1752998400000,0.0001
TRXUSDT,1753027200000,0.0001
TRXUSDT,1753056000000,0.0001
TRXUSDT,1753084800000,0.0001
TRXUSDT,1753113600000,0.0001
TRXUSDT,1753142400000,0.0001
TRXUSDT,1753171200000,0.0001
TRXUSDT,1753200000000,0.0001
TRXUSDT,1753228800000,0.0001
TRXUSDT,1753257600000,0.0001
TRXUSDT,1753286400000,0.0001
TRXUSDT,1753315200000,0.0001
TRXUSDT,1753344000000,7.839e-05
TRXUSDT,1753372800000,0.0001
TRXUSDT,1753401600000,0.0001
TRXUSDT,1753430400000,0.0001
TRXUSDT,1753459200000,0.0001
TRXUSDT,1753488000000,0.0001
TRXUSDT,1753516800000,0.0001
TRXUSDT,1753545600000,0.0001
TRXUSDT,1753574400000,0.0001
TRXUSDT,1753603200000,0.0001
TRXUSDT,1753632000000,0.0001
TRXUSDT,1753660800000,0.0001
TRXUSDT,1753689600000,0.0001
TRXUSDT,1753718400000,0.0001
TRXUSDT,1753747200000,0.0001
TRXUSDT,1753776000000,0.0001
TRXUSDT,1753804800000,0.0001
TRXUSDT,1753833600000,0.0001
TRXUSDT,1753862400000,0.0001
TRXUSDT,1753891200000,-6.695e-05
TRXUSDT,1753920000000,7.23e-05
TRXUSDT,1753948800000,-1.777e-05
TRXUSDT,1753977600000,0.0001
TRXUSDT,1754006400000,4.409e-05
TRXUSDT,1754035200000,3.756e-05
TRXUSDT,1754064000000,0.0001
TRXUSDT,1754092800000,9.167e-05
TRXUSDT,1754121600000,0.0001
TRXUSDT,1754150400000,7.196e-05
TRXUSDT,1754179200000,9.081e-05
TRXUSDT,1754208000000,0.0001
TRXUSDT,1754236800000,9.126e-05
TRXUSDT,1754265600000,0.0001
TRXUSDT,1754294400000,0.0001
TRXUSDT,1754323200000,7.047e-05
TRXUSDT,1754352000000,0.0001
TRXUSDT,1754380800000,9.367e-05
TRXUSDT,1754409600000,9.037e-05
TRXUSDT,1754438400000,0.0001
TRXUSDT,1754467200000,4.545e-05
TRXUSDT,1754496000000,9.897e-05
TRXUSDT,1754524800000,0.0001
TRXUSDT,1754553600000,0.0001
TRXUSDT,1754582400000,6.451e-05
TRXUSDT,1754611200000,-3.15e-06
TRXUSDT,1754640000000,0.0001
TRXUSDT,1754668800000,0.0001
TRXUSDT,1754697600000,0.0001
TRXUSDT,1754726400000,2.19e-05
TRXUSDT,1754755200000,-6.834e-05
TRXUSDT,1754784000000,-4.565e-05
TRXUSDT,1754812800000,0.0001
TRXUSDT,1754841600000,0.0001
TRXUSDT,1754870400000,-7.903e-05
TRXUSDT,1754899200000,0.0001
TRXUSDT,1754928000000,0.0001
TRXUSDT,1754956800000,0.0001
TRXUSDT,1754985600000,0.0001
TRXUSDT,1755014400000,0.0001
TRXUSDT,1755043200000,0.0001
TRXUSDT,1755072000000,0.0001
TRXUSDT,1755100800000,0.0001
TRXUSDT,1755129600000,0.0001
TRXUSDT,1755158400000,0.00015061
TRXUSDT,1755187200000,0.0001
TRXUSDT,1755216000000,0.0001
TRXUSDT,1755244800000,2.69e-06
TRXUSDT,1755273600000,-1.142e-05
TRXUSDT,1755302400000,0.0001
TRXUSDT,1755331200000,0.0001
TRXUSDT,1755360000000,-0.00016821
TRXUSDT,1755388800000,2.562e-05
TRXUSDT,1755417600000,8.752e-05
TRXUSDT,1755446400000,-3.975e-05
TRXUSDT,1755475200000,0.0001
TRXUSDT,1755504000000,2.786e-05
TRXUSDT,1755532800000,6.223e-05
TRXUSDT,1755561600000,0.0001
TRXUSDT,1755590400000,7.19e-06
TRXUSDT,1755619200000,7.728e-05
TRXUSDT,1755648000000,1.188e-05
TRXUSDT,1755676800000,-2.932e-05
TRXUSDT,1755705600000,-1.495e-05
TRXUSDT,1755734400000,0.0001
TRXUSDT,1755763200000,0.0001
TRXUSDT,1755792000000,3.26e-06
TRXUSDT,1755820800000,8.011e-05
TRXUSDT,1755849600000,0.0001
TRXUSDT,1755878400000,0.0001
TRXUSDT,1755907200000,0.0001
TRXUSDT,1755936000000,0.0001
TRXUSDT,1755964800000,0.0001
TRXUSDT,1755993600000,0.0001
TRXUSDT,1756022400000,0.0001
TRXUSDT,1756051200000,0.0001
TRXUSDT,1756080000000,0.0001
TRXUSDT,1756108800000,1.142e-05
TRXUSDT,1756137600000,4.571e-05
TRXUSDT,1756166400000,-7.363e-05
TRXUSDT,1756195200000,4.561e-05
TRXUSDT,1756224000000,0.0001
TRXUSDT,1756252800000,0.0001
TRXUSDT,1756281600000,1.26e-06
TRXUSDT,1756310400000,-2.85e-06
TRXUSDT,1756339200000,-7.147e-05
TRXUSDT,1756368000000,5.446e-05
TRXUSDT,1756396800000,-0.00012725
TRXUSDT,1756425600000,-2.411e-05
TRXUSDT,1756454400000,-5.972e-05
TRXUSDT,1756483200000,-0.00015795
TRXUSDT,1756512000000,7.009e-05
TRXUSDT,1756540800000,9.406e-05
TRXUSDT,1756569600000,-5.4e-06
TRXUSDT,1756598400000,8.73e-05
TRXUSDT,1756627200000,5.496e-05
TRXUSDT,1756656000000,0.0001
TRXUSDT,1756684800000,7.315e-05
TRXUSDT,1756713600000,-7.85e-06
TRXUSDT,1756742400000,-7.744e-05
TRXUSDT,1756771200000,-1.012e-05
TRXUSDT,1756800000000,4.223e-05
TRXUSDT,1756828800000,-9.714e-05
TRXUSDT,1756857600000,-7.247e-05
TRXUSDT,1756886400000,-0.00018912
TRXUSDT,1756915200000,-5.431e-05
TRXUSDT,1756944000000,-7.492e-05
TRXUSDT,1756972800000,-0.00018351
TRXUSDT,1757001600000,-0.00015003
TRXUSDT,1757030400000,-0.00010864
TRXUSDT,1757059200000,-6.942e-05
TRXUSDT,1757088000000,-7.408e-05
TRXUSDT,1757116800000,-0.00021366
TRXUSDT,1757145600000,-0.00019174
TRXUSDT,1757174400000,-0.00030858
TRXUSDT,1757203200000,-0.00063071
TRXUSDT,1757232000000,-0.00103998
TRXUSDT,1757260800000,-0.00046467
TRXUSDT,1757289600000,-0.0001692
TRXUSDT,1757318400000,-0.00018801
TRXUSDT,1757347200000,-0.000111
TRXUSDT,1757376000000,-0.0003053
TRXUSDT,1757404800000,-6.169e-05
TRXUSDT,1757433600000,5.241e-05
TRXUSDT,1757462400000,5.272e-05
TRXUSDT,1757491200000,3.086e-05
TRXUSDT,1757520000000,3.172e-05
TRXUSDT,1757548800000,-4.66e-05
TRXUSDT,1757577600000,0.0001
TRXUSDT,1757606400000,0.0001
TRXUSDT,1757635200000,8.401e-05
TRXUSDT,1757664000000,4.406e-05
TRXUSDT,1757692800000,1.345e-05
TRXUSDT,1757721600000,0.0001
TRXUSDT,1757750400000,9.998e-05
TRXUSDT,1757779200000,-1.805e-05
TRXUSDT,1757808000000,2.941e-05
TRXUSDT,1757836800000,0.0001
TRXUSDT,1757865600000,-5.216e-05
TRXUSDT,1757894400000,-1.772e-05
TRXUSDT,1757923200000,3.732e-05
TRXUSDT,1757952000000,-0.0001348
TRXUSDT,1757980800000,-2.666e-05
TRXUSDT,1758009600000,-1.551e-05
TRXUSDT,1758038400000,-0.00018264
TRXUSDT,1758067200000,-0.00034302
TRXUSDT,1758096000000,-0.00032433
TRXUSDT,1758124800000,-0.00029225
TRXUSDT,1758153600000,-0.00012704
TRXUSDT,1758182400000,-0.00014349
TRXUSDT,1758211200000,2.885e-05
TRXUSDT,1758240000000,0.0001
TRXUSDT,1758268800000,0.0001
TRXUSDT,1758297600000,6.495e-05
TRXUSDT,1758326400000,-2.2e-05
TRXUSDT,1758355200000,8.479e-05
TRXUSDT,1758384000000,1.599e-05
TRXUSDT,1758412800000,-1.511e-05
TRXUSDT,1758441600000,-3.626e-05
TRXUSDT,1758470400000,-0.00011948
TRXUSDT,1758499200000,-0.00010629
TRXUSDT,1758528000000,-0.0002024
TRXUSDT,1758556800000,6.2e-07
TRXUSDT,1758585600000,1.828e-05
TRXUSDT,1758614400000,-4.697e-05
TRXUSDT,1758643200000,-0.00016129
TRXUSDT,1758672000000,-7.536e-05
TRXUSDT,1758700800000,2.126e-05
TRXUSDT,1758729600000,-2.762e-05
TRXUSDT,1758758400000,-3.155e-05
TRXUSDT,1758787200000,-1.403e-05
TRXUSDT,1758816000000,-4.527e-05
TRXUSDT,1758844800000,-4.034e-05
TRXUSDT,1758873600000,5.1e-07
TRXUSDT,1758902400000,3.658e-05
TRXUSDT,1758931200000,0.0001
TRXUSDT,1758960000000,2.948e-05
TRXUSDT,1758988800000,6.03e-06
TRXUSDT,1759017600000,-2.27e-05
TRXUSDT,1759046400000,8.21e-06
TRXUSDT,1759075200000,-4.899e-05
TRXUSDT,1759104000000,-7.435e-05
TRXUSDT,1759132800000,-6.009e-05
TRXUSDT,1759161600000,-0.0001076
TRXUSDT,1759190400000,9.915e-05
TRXUSDT,1759219200000,0.0001
TRXUSDT,1759248000000,1.58e-06
TRXUSDT,1759276800000,-2.82e-05
TRXUSDT,1759305600000,2.878e-05
TRXUSDT,1759334400000,0.0001
TRXUSDT,1759363200000,0.0001
TRXUSDT,1759392000000,0.0001
TRXUSDT,1759420800000,2.159e-05
TRXUSDT,1759449600000,8.161e-05
TRXUSDT,1759478400000,0.0001
TRXUSDT,1759507200000,-2.431e-05
TRXUSDT,1759536000000,-1.522e-05
TRXUSDT,1759564800000,-0.00010334
TRXUSDT,1759593600000,-0.0001327
TRXUSDT,1759622400000,-3.889e-05
TRXUSDT,1759651200000,-1.403e-05
TRXUSDT,1759680000000,6.687e-05
TRXUSDT,1759708800000,-2.471e-05
TRXUSDT,1759737600000,0.0001
TRXUSDT,1759766400000,0.0001
TRXUSDT,1759795200000,0.0001
TRXUSDT,1759824000000,0.0001
TRXUSDT,1759852800000,2.534e-05
TRXUSDT,1759881600000,-3.623e-05
TRXUSDT,1759910400000,-6.887e-05
TRXUSDT,1759939200000,-0.0001389
TRXUSDT,1759968000000,0.0001
TRXUSDT,1759996800000,5.056e-05
TRXUSDT,1760025600000,1.204e-05
TRXUSDT,1760054400000,4.489e-05
TRXUSDT,1760083200000,-0.00012661
TRXUSDT,1760112000000,-0.0001892
TRXUSDT,1760140800000,-0.00167718
TRXUSDT,1760169600000,-0.00024121
TRXUSDT,1760198400000,-0.00022005
TRXUSDT,1760227200000,-0.00035022
TRXUSDT,1760256000000,-0.00022837
TRXUSDT,1760284800000,-0.00022704
TRXUSDT,1760313600000,-1.294e-05
TRXUSDT,1760342400000,-0.00018414
TRXUSDT,1760371200000,-0.00026453
TRXUSDT,1760400000000,-0.00022193
TRXUSDT,1760428800000,-0.0004948
TRXUSDT,1760457600000,-0.00032216
TRXUSDT,1760486400000,-0.00010558
TRXUSDT,1760515200000,-0.00014374
TRXUSDT,1760544000000,-0.00025573
TRXUSDT,1760572800000,-3.435e-05
TRXUSDT,1760601600000,3.7e-05
TRXUSDT,1760630400000,-0.00011779
TRXUSDT,1760659200000,-0.00016134
TRXUSDT,1760688000000,-0.00022458
TRXUSDT,1760716800000,-0.00036128
TRXUSDT,1760745600000,-0.00018068
TRXUSDT,1760774400000,-1.78e-05
TRXUSDT,1760803200000,-2.044e-05
TRXUSDT,1760832000000,-5.886e-05
TRXUSDT,1760860800000,-8.044e-05
TRXUSDT,1760889600000,0.0001
TRXUSDT,1760918400000,-9.47e-06
TRXUSDT,1760947200000,3.689e-05
TRXUSDT,1760976000000,-4.449e-05
TRXUSDT,1761004800000,5.82e-05
TRXUSDT,1761033600000,-0.00011992
TRXUSDT,1761062400000,0.0001
TRXUSDT,1761091200000,4.201e-05
TRXUSDT,1761120000000,5.192e-05
TRXUSDT,1761148800000,-1.528e-05
TRXUSDT,1761177600000,1.254e-05
TRXUSDT,1761206400000,-1.357e-05
TRXUSDT,1761235200000,-0.00015843
TRXUSDT,1761264000000,-0.00025402
TRXUSDT,1761292800000,-0.00027555
TRXUSDT,1761321600000,-0.00028153
TRXUSDT,1761350400000,-0.00031547
TRXUSDT,1761379200000,-0.00041034
TRXUSDT,1761408000000,-0.00041691
TRXUSDT,1761436800000,-0.00031063
TRXUSDT,1761465600000,-0.00043703
TRXUSDT,1761494400000,-0.00025494
TRXUSDT,1761523200000,-0.00030403
TRXUSDT,1761552000000,-0.0003004
TRXUSDT,1761580800000,-0.00029212
TRXUSDT,1761609600000,-0.00020063
TRXUSDT,1761638400000,-0.00024732
TRXUSDT,1761667200000,-0.00010688
TRXUSDT,1761696000000,-0.00020544
TRXUSDT,1761724800000,-5.077e-05
TRXUSDT,1761753600000,-0.00012003
TRXUSDT,1761782400000,-7.027e-05
TRXUSDT,1761811200000,0.0001
TRXUSDT,1761840000000,-0.00011977
TRXUSDT,1761868800000,-2.841e-05
TRXUSDT,1761897600000,6.895e-05
TRXUSDT,1761926400000,-6.88e-06
TRXUSDT,1761955200000,5.1e-07
TRXUSDT,1761984000000,-8.208e-05
TRXUSDT,1762012800000,-5.294e-05
TRXUSDT,1762041600000,-7.12e-06
TRXUSDT,1762070400000,-0.00011571
TRXUSDT,1762099200000,-0.00013179
TRXUSDT,1762128000000,3.88e-06
TRXUSDT,1762156800000,-0.00014878
TRXUSDT,1762185600000,-1.29e-06
TRXUSDT,1762214400000,-0.000295
TRXUSDT,1762243200000,-0.00037746
TRXUSDT,1762272000000,-0.00032533
TRXUSDT,1762300800000,-7.537e-05
TRXUSDT,1762329600000,-1.165e-05
TRXUSDT,1762358400000,5.776e-05
TRXUSDT,1762387200000,-4.31e-06
TRXUSDT,1762416000000,-0.00012371
TRXUSDT,1762444800000,-0.00020568
TRXUSDT,1762473600000,-0.00014669
TRXUSDT,1762502400000,2.11e-06
TRXUSDT,1762531200000,-5.257e-05
TRXUSDT,1762560000000,0.0001
TRXUSDT,1762588800000,5.118e-05
TRXUSDT,1762617600000,7.1e-07
TRXUSDT,1762646400000,2.668e-05
TRXUSDT,1762675200000,-5.702e-05
TRXUSDT,1762704000000,-9.51e-06
TRXUSDT,1762732800000,-5.628e-05
TRXUSDT,1762761600000,6.107e-05
TRXUSDT,1762790400000,4.261e-05
TRXUSDT,1762819200000,4.471e-05
TRXUSDT,1762848000000,-1.773e-05
TRXUSDT,1762876800000,0.0001
TRXUSDT,1762905600000,-1.675e-05
TRXUSDT,1762934400000,3.65e-05
TRXUSDT,1762963200000,-3.92e-06
TRXUSDT,1762992000000,-0.00013382
TRXUSDT,1763020800000,5.909e-05
TRXUSDT,1763049600000,-1.891e-05
TRXUSDT,1763078400000,-7.838e-05
TRXUSDT,1763107200000,-3.252e-05
TRXUSDT,1763136000000,8.907e-05
TRXUSDT,1763164800000,4.182e-05
TRXUSDT,1763193600000,5.198e-05
TRXUSDT,1763222400000,2.215e-05
TRXUSDT,1763251200000,0.0001
TRXUSDT,1763280000000,0.0001
TRXUSDT,1763308800000,4.927e-05
TRXUSDT,1763337600000,4.448e-05
TRXUSDT,1763366400000,1.847e-05
TRXUSDT,1763395200000,6.881e-05
TRXUSDT,1763424000000,7.282e-05
TRXUSDT,1763452800000,-4.317e-05
TRXUSDT,1763481600000,6.697e-05
TRXUSDT,1763510400000,2.455e-05
TRXUSDT,1763539200000,-0.00013093
TRXUSDT,1763568000000,-3.749e-05
TRXUSDT,1763596800000,0.0001
TRXUSDT,1763625600000,7.967e-05
TRXUSDT,1763654400000,-0.00018621
TRXUSDT,1763683200000,-0.00018939
TRXUSDT,1763712000000,0.0
TRXUSDT,1763740800000,-9.57e-06
TRXUSDT,1763769600000,-3.779e-05
TRXUSDT,1763798400000,0.0001
TRXUSDT,1763827200000,2.301e-05
TRXUSDT,1763856000000,4.594e-05
TRXUSDT,1763884800000,-2.842e-05
TRXUSDT,1763913600000,-3.25e-05
TRXUSDT,1763942400000,8.661e-05
TRXUSDT,1763971200000,0.0001
TRXUSDT,1764000000000,4.925e-05
TRXUSDT,1764028800000,-2.735e-05
TRXUSDT,1764057600000,-0.00019309
TRXUSDT,1764086400000,-0.00025513
TRXUSDT,1764115200000,0.0001
TRXUSDT,1764144000000,0.0001
TRXUSDT,1764172800000,6.403e-05
TRXUSDT,1764201600000,0.0001
TRXUSDT,1764230400000,0.0001
TRXUSDT,1764259200000,0.0001
TRXUSDT,1764288000000,0.0001
TRXUSDT,1764316800000,0.0001
TRXUSDT,1764345600000,1.79e-05
TRXUSDT,1764374400000,0.0001
TRXUSDT,1764403200000,0.0001
TRXUSDT,1764432000000,9.604e-05
TRXUSDT,1764460800000,6.779e-05
TRXUSDT,1764489600000,1.194e-05
TRXUSDT,1764518400000,7.698e-05
TRXUSDT,1764547200000,-0.00012561
TRXUSDT,1764576000000,-3.963e-05
TRXUSDT,1764604800000,8.51e-06
TRXUSDT,1764633600000,0.0001
TRXUSDT,1764662400000,-2.102e-05
TRXUSDT,1764691200000,0.0001
TRXUSDT,1764720000000,1.153e-05
TRXUSDT,1764748800000,-5.448e-05
TRXUSDT,1764777600000,-1.999e-05
TRXUSDT,1764806400000,4.267e-05
TRXUSDT,1764835200000,-0.00016972
TRXUSDT,1764864000000,0.0001
TRXUSDT,1764892800000,0.0001
TRXUSDT,1764921600000,0.0001
TRXUSDT,1764950400000,0.0001
TRXUSDT,1764979200000,0.0001
TRXUSDT,1765008000000,0.0001
TRXUSDT,1765036800000,0.0001
TRXUSDT,1765065600000,3.702e-05
TRXUSDT,1765094400000,-0.00011761
TRXUSDT,1765123200000,-1.342e-05
TRXUSDT,1765152000000,0.0001
TRXUSDT,1765180800000,-4.774e-05
TRXUSDT,1765209600000,-0.00011174
TRXUSDT,1765238400000,-0.00014681
TRXUSDT,1765267200000,3.372e-05
TRXUSDT,1765296000000,-0.00015637
TRXUSDT,1765324800000,-2.146e-05
TRXUSDT,1765353600000,-6.61e-05
TRXUSDT,1765382400000,-0.00020492
TRXUSDT,1765411200000,6.538e-05
TRXUSDT,1765440000000,3.086e-05
TRXUSDT,1765468800000,0.0001
TRXUSDT,1765497600000,2.099e-05
TRXUSDT,1765526400000,-0.00014973
TRXUSDT,1765555200000,-0.00023068
TRXUSDT,1765584000000,-0.00040129
TRXUSDT,1765612800000,-0.00020623
TRXUSDT,1765641600000,-0.00025725
TRXUSDT,1765670400000,-0.00026793
TRXUSDT,1765699200000,7.193e-05
TRXUSDT,1765728000000,0.0001
TRXUSDT,1765756800000,9.003e-05
TRXUSDT,1765785600000,0.0001
TRXUSDT,1765814400000,0.0001
TRXUSDT,1765843200000,-2.239e-05
TRXUSDT,1765872000000,-3.082e-05
TRXUSDT,1765900800000,8.183e-05
TRXUSDT,1765929600000,-2.191e-05
TRXUSDT,1765958400000,7.2e-06
TRXUSDT,1765987200000,5.26e-05
TRXUSDT,1766016000000,-8.368e-05
TRXUSDT,1766044800000,-0.0001445
TRXUSDT,1766073600000,7.027e-05
TRXUSDT,1766102400000,2.525e-05
TRXUSDT,1766131200000,-3.578e-05
TRXUSDT,1766160000000,-3.81e-06
TRXUSDT,1766188800000,0.0001
TRXUSDT,1766217600000,7.516e-05
TRXUSDT,1766246400000,3.289e-05
TRXUSDT,1766275200000,0.0001
TRXUSDT,1766304000000,0.0001
TRXUSDT,1766332800000,0.0001
TRXUSDT,1766361600000,0.0001
TRXUSDT,1766390400000,0.0001
TRXUSDT,1766419200000,-4.854e-05
TRXUSDT,1766448000000,-2.409e-05
TRXUSDT,1766476800000,-5.158e-05
TRXUSDT,1766505600000,1.884e-05
TRXUSDT,1766534400000,4.355e-05
TRXUSDT,1766563200000,0.0001
TRXUSDT,1766592000000,-2.33e-05
TRXUSDT,1766620800000,-7.395e-05
TRXUSDT,1766649600000,-2.554e-05
TRXUSDT,1766678400000,-1.441e-05
TRXUSDT,1766707200000,-6.408e-05
TRXUSDT,1766736000000,-1.318e-05
TRXUSDT,1766764800000,-0.00010416
TRXUSDT,1766793600000,7.04e-06
TRXUSDT,1766822400000,2.629e-05
TRXUSDT,1766851200000,6.544e-05
TRXUSDT,1766880000000,0.0001
TRXUSDT,1766908800000,0.0001
TRXUSDT,1766937600000,0.0001
TRXUSDT,1766966400000,0.0001
TRXUSDT,1766995200000,0.0001
TRXUSDT,1767024000000,-6.163e-05
TRXUSDT,1767052800000,0.0001
TRXUSDT,1767081600000,0.0001
TRXUSDT,1767110400000,0.0001
TRXUSDT,1767139200000,0.0001
TRXUSDT,1767168000000,-7.42e-05
TRXUSDT,1767196800000,-2.653e-05
TRXUSDT,1767225600000,-2.83e-06
TRXUSDT,1767254400000,-5.531e-05
TRXUSDT,1767283200000,-9.067e-05
TRXUSDT,1767312000000,1.779e-05
TRXUSDT,1767340800000,-0.00015728
TRXUSDT,1767369600000,7.94e-06
TRXUSDT,1767398400000,4.121e-05
TRXUSDT,1767427200000,6.974e-05
TRXUSDT,1767456000000,0.0001
TRXUSDT,1767484800000,0.0001
TRXUSDT,1767513600000,0.0001
TRXUSDT,1767542400000,9.837e-05
TRXUSDT,1767571200000,1.977e-05
TRXUSDT,1767600000000,0.0001
TRXUSDT,1767628800000,-0.00011595
TRXUSDT,1767657600000,-6.473e-05
TRXUSDT,1767686400000,1.074e-05
TRXUSDT,1767715200000,-5.635e-05
TRXUSDT,1767744000000,1.536e-05
TRXUSDT,1767772800000,0.0001
TRXUSDT,1767801600000,0.0001
TRXUSDT,1767830400000,0.0001
TRXUSDT,1767859200000,0.0001
TRXUSDT,1767888000000,0.0001
TRXUSDT,1767916800000,-5.746e-05
TRXUSDT,1767945600000,-0.0001534
TRXUSDT,1767974400000,0.0001
TRXUSDT,1768003200000,0.0001
TRXUSDT,1768032000000,0.0001
TRXUSDT,1768060800000,0.0001
TRXUSDT,1768089600000,0.0001
TRXUSDT,1768118400000,0.0001
TRXUSDT,1768147200000,9.009e-05
TRXUSDT,1768176000000,3.696e-05
TRXUSDT,1768204800000,-0.00015279
TRXUSDT,1768233600000,-4.54e-05
TRXUSDT,1768262400000,1.843e-05
TRXUSDT,1768291200000,-4.47e-05
TRXUSDT,1768320000000,-7.454e-05
TRXUSDT,1768348800000,6.499e-05
TRXUSDT,1768377600000,-0.00012648
TRXUSDT,1768406400000,-2.75e-06
TRXUSDT,1768435200000,-2.187e-05
TRXUSDT,1768464000000,8.491e-05
TRXUSDT,1768492800000,7.86e-05
TRXUSDT,1768521600000,4.112e-05
TRXUSDT,1768550400000,-1.902e-05
TRXUSDT,1768579200000,-7.058e-05
TRXUSDT,1768608000000,3.465e-05
TRXUSDT,1768636800000,8.312e-05
TRXUSDT,1768665600000,3.979e-05
TRXUSDT,1768694400000,7.716e-05
TRXUSDT,1768723200000,3.315e-05
TRXUSDT,1768752000000,1.48e-06
TRXUSDT,1768780800000,-3.805e-05
TRXUSDT,1768809600000,6.815e-05
TRXUSDT,1768838400000,-6.771e-05
TRXUSDT,1768867200000,-4.859e-05
TRXUSDT,1768896000000,-7.16e-05
TRXUSDT,1768924800000,-0.00027429
TRXUSDT,1768953600000,-0.00024011
TRXUSDT,1768982400000,-0.0001877
TRXUSDT,1769011200000,-0.00010796
TRXUSDT,1769040000000,-6.6e-07
TRXUSDT,1769068800000,-6.022e-05
TRXUSDT,1769097600000,0.0001
TRXUSDT,1769126400000,0.0001
TRXUSDT,1769155200000,0.0001
TRXUSDT,1769184000000,1.542e-05
TRXUSDT,1769212800000,-0.0001513
TRXUSDT,1769241600000,-0.0003065
TRXUSDT,1769270400000,-0.00020219
TRXUSDT,1769299200000,-0.00012001
TRXUSDT,1769328000000,-0.00013201
TRXUSDT,1769356800000,2.78e-06
TRXUSDT,1769385600000,-0.00013096
TRXUSDT,1769414400000,-0.0001076
TRXUSDT,1769443200000,-0.00015837
TRXUSDT,1769472000000,-2.451e-05
TRXUSDT,1769500800000,-0.00021087
TRXUSDT,1769529600000,-0.00024554
TRXUSDT,1769558400000,-0.00019093
TRXUSDT,1769587200000,-0.0005302
TRXUSDT,1769616000000,-0.00024747
TRXUSDT,1769644800000,-3.331e-05
TRXUSDT,1769673600000,-5.231e-05
TRXUSDT,1769702400000,-9.379e-05
TRXUSDT,1769731200000,-0.00010097
TRXUSDT,1769760000000,-0.00035511
TRXUSDT,1769788800000,-0.00010285
TRXUSDT,1769817600000,6.764e-05
TRXUSDT,1769846400000,-0.00026382
TRXUSDT,1769875200000,-0.00106945
TRXUSDT,1769904000000,-0.00098164
TRXUSDT,1769932800000,-0.00027653
TRXUSDT,1769961600000,-0.00075681
TRXUSDT,1769990400000,-0.00040207
TRXUSDT,1770019200000,-0.00107825
TRXUSDT,1770048000000,-0.00012657
TRXUSDT,1770076800000,-0.00017188
TRXUSDT,1770105600000,-0.00021885
TRXUSDT,1770134400000,-0.00026761
TRXUSDT,1770163200000,-1.788e-05
TRXUSDT,1770192000000,2.339e-05
TRXUSDT,1770220800000,-0.00015279
TRXUSDT,1770249600000,-0.00014835
TRXUSDT,1770278400000,-0.0008706
TRXUSDT,1770307200000,-0.0009109
TRXUSDT,1770336000000,-0.00161295
TRXUSDT,1770364800000,-0.00024573
TRXUSDT,1770393600000,-6.311e-05
TRXUSDT,1770422400000,3.005e-05
TRXUSDT,1770451200000,6.273e-05
TRXUSDT,1770480000000,5.721e-05
TRXUSDT,1770508800000,5.946e-05
TRXUSDT,1770537600000,-0.0001369
TRXUSDT,1770566400000,4.11e-06
TRXUSDT,1770595200000,-0.00010711
TRXUSDT,1770624000000,-3.835e-05
TRXUSDT,1770652800000,-6.628e-05
TRXUSDT,1770681600000,3.909e-05
TRXUSDT,1770710400000,-0.00025254
TRXUSDT,1770739200000,-5.35e-05
TRXUSDT,1770768000000,2.042e-05
TRXUSDT,1770796800000,-0.00035079
TRXUSDT,1770825600000,-0.00015018
TRXUSDT,1770854400000,2.554e-05
TRXUSDT,1770883200000,8.741e-05
TRXUSDT,1770912000000,-0.00013041
TRXUSDT,1770940800000,0.0001
TRXUSDT,1770969600000,-1.382e-05
TRXUSDT,1770998400000,1.062e-05
TRXUSDT,1771027200000,0.0001
TRXUSDT,1771056000000,9.774e-05
TRXUSDT,1771084800000,-1.301e-05
TRXUSDT,1771113600000,-8.804e-05
TRXUSDT,1771142400000,-0.00019694
TRXUSDT,1771171200000,-0.00012629
TRXUSDT,1771200000000,-4.943e-05
TRXUSDT,1771228800000,-8.045e-05
TRXUSDT,1771257600000,7.645e-05
TRXUSDT,1771286400000,0.0001
TRXUSDT,1771315200000,7.571e-05
TRXUSDT,1771344000000,-0.00010528
TRXUSDT,1771372800000,-5.607e-05
TRXUSDT,1771401600000,6.12e-06
TRXUSDT,1771430400000,-3.38e-06
TRXUSDT,1771459200000,-7.94e-05
TRXUSDT,1771488000000,-2.349e-05
TRXUSDT,1771516800000,-5.127e-05
TRXUSDT,1771545600000,0.0001
TRXUSDT,1771574400000,-3.013e-05
TRXUSDT,1771603200000,0.0001
TRXUSDT,1771632000000,2.56e-05
TRXUSDT,1771660800000,-0.00019293
TRXUSDT,1771689600000,1.9e-06
TRXUSDT,1771718400000,0.0001
TRXUSDT,1771747200000,-3.039e-05
TRXUSDT,1771776000000,7.435e-05
TRXUSDT,1771804800000,6.609e-05
TRXUSDT,1771833600000,-0.00011143
TRXUSDT,1771862400000,-0.0002173
TRXUSDT,1771891200000,-0.00020364
TRXUSDT,1771920000000,-0.0002145
TRXUSDT,1771948800000,-0.00019763
TRXUSDT,1771977600000,7.884e-05
TRXUSDT,1772006400000,0.0001
TRXUSDT,1772035200000,-5.864e-05
TRXUSDT,1772064000000,-2.652e-05
TRXUSDT,1772092800000,6.312e-05
TRXUSDT,1772121600000,3.042e-05
TRXUSDT,1772150400000,1.564e-05
TRXUSDT,1772179200000,-0.00015724
TRXUSDT,1772208000000,-0.00013545
TRXUSDT,1772236800000,-0.00011002
TRXUSDT,1772265600000,-0.00021791
TRXUSDT,1772294400000,-0.00017064
TRXUSDT,1772323200000,-5.936e-05
TRXUSDT,1772352000000,-6.617e-05
TRXUSDT,1772380800000,-0.00021973
TRXUSDT,1772409600000,-0.00020114
TRXUSDT,1772438400000,-0.00018096
TRXUSDT,1772467200000,-1.401e-05
TRXUSDT,1772496000000,-6.35e-06
TRXUSDT,1772524800000,-8.52e-05
TRXUSDT,1772553600000,-0.00019635
TRXUSDT,1772582400000,-0.00020605
TRXUSDT,1772611200000,1.701e-05
TRXUSDT,1772640000000,0.0001
TRXUSDT,1772668800000,0.0001
TRXUSDT,1772697600000,-3.493e-05
TRXUSDT,1772726400000,-0.0001684
TRXUSDT,1772755200000,5.125e-05
TRXUSDT,1772784000000,0.0001
TRXUSDT,1772812800000,-1.156e-05
TRXUSDT,1772841600000,-0.00025175
TRXUSDT,1772870400000,-0.00041884
TRXUSDT,1772899200000,-0.00022711
TRXUSDT,1772928000000,9.843e-05
TRXUSDT,1772956800000,-0.00011338
TRXUSDT,1772985600000,6.6e-05
TRXUSDT,1773014400000,0.0001
TRXUSDT,1773043200000,3.668e-05
TRXUSDT,1773072000000,-0.00011738
TRXUSDT,1773100800000,-0.00016204
TRXUSDT,1773129600000,-0.00012537
TRXUSDT,1773158400000,-0.00024705
TRXUSDT,1773187200000,-0.00017485
TRXUSDT,1773216000000,0.0001
TRXUSDT,1773244800000,0.0001
TRXUSDT,1773273600000,0.0001
TRXUSDT,1773302400000,-4.59e-06
TRXUSDT,1773331200000,-1.621e-05
TRXUSDT,1773360000000,-0.0001224
TRXUSDT,1773388800000,-0.00018478
TRXUSDT,1773417600000,-0.00010482
TRXUSDT,1773446400000,0.0001
TRXUSDT,1773475200000,0.0001
TRXUSDT,1773504000000,0.0001
TRXUSDT,1773532800000,7.99e-05
TRXUSDT,1773561600000,-7.547e-05
TRXUSDT,1773590400000,2.334e-05
TRXUSDT,1773619200000,-1.721e-05
TRXUSDT,1773648000000,-5.461e-05
TRXUSDT,1773676800000,-3.075e-05
TRXUSDT,1773705600000,-0.00013708
TRXUSDT,1773734400000,0.0001
TRXUSDT,1773763200000,0.0001
TRXUSDT,1773792000000,0.0001
TRXUSDT,1773820800000,6.562e-05
TRXUSDT,1773849600000,2.006e-05
TRXUSDT,1773878400000,5.303e-05
TRXUSDT,1773907200000,1.267e-05
TRXUSDT,1773936000000,3.497e-05
TRXUSDT,1773964800000,-4.791e-05
TRXUSDT,1773993600000,-4.599e-05
TRXUSDT,1774022400000,4.499e-05
TRXUSDT,1774051200000,0.0001
TRXUSDT,1774080000000,6.005e-05
TRXUSDT,1774108800000,-7.488e-05
TRXUSDT,1774137600000,2.821e-05
TRXUSDT,1774166400000,2.072e-05
TRXUSDT,1774195200000,0.0001
TRXUSDT,1774224000000,-3.965e-05
TRXUSDT,1774252800000,-0.00018274
TRXUSDT,1774281600000,-4.334e-05
TRXUSDT,1774310400000,-1.375e-05
TRXUSDT,1774339200000,0.0001
TRXUSDT,1774368000000,9.085e-05
TRXUSDT,1774396800000,-0.00019432
TRXUSDT,1774425600000,-8.436e-05
TRXUSDT,1774454400000,-2.066e-05
TRXUSDT,1774483200000,0.0001
TRXUSDT,1774512000000,0.0001
TRXUSDT,1774540800000,-1.1e-05
TRXUSDT,1774569600000,-0.00012389
TRXUSDT,1774598400000,9.912e-05
TRXUSDT,1774627200000,-0.00015048
TRXUSDT,1774656000000,-8.758e-05
TRXUSDT,1774684800000,2.743e-05
TRXUSDT,1774713600000,6.777e-05
TRXUSDT,1774742400000,-2.736e-05
TRXUSDT,1774771200000,-8.125e-05
TRXUSDT,1774800000000,5.9e-06
TRXUSDT,1774828800000,-1.7e-06
TRXUSDT,1774857600000,3.55e-06
TRXUSDT,1774886400000,-0.00012739
TRXUSDT,1774915200000,1.51e-05
TRXUSDT,1774944000000,8.315e-05
TRXUSDT,1774972800000,-0.00012067
TRXUSDT,1775001600000,-0.00017716
TRXUSDT,1775030400000,2.593e-05
TRXUSDT,1775059200000,-1.562e-05
TRXUSDT,1775088000000,6.563e-05
TRXUSDT,1775116800000,2.309e-05
TRXUSDT,1775145600000,-4.78e-06
TRXUSDT,1775174400000,2.04e-06
TRXUSDT,1775203200000,-0.00012837
TRXUSDT,1775232000000,1.315e-05
TRXUSDT,1775260800000,7.243e-05
TRXUSDT,1775289600000,5.689e-05
TRXUSDT,1775318400000,1.001e-05
TRXUSDT,1775347200000,2.749e-05
TRXUSDT,1775376000000,2.833e-05
TRXUSDT,1775404800000,4.416e-05
TRXUSDT,1775433600000,-2.156e-05
TRXUSDT,1775462400000,-0.00017188
TRXUSDT,1775491200000,-3.168e-05
TRXUSDT,1775520000000,-0.00019074
TRXUSDT,1775548800000,-4.407e-05
TRXUSDT,1775577600000,-0.00032921
TRXUSDT,1775606400000,4e-06
TRXUSDT,1775635200000,-0.00012137
TRXUSDT,1775664000000,5.117e-05
TRXUSDT,1775692800000,-2.298e-05
TRXUSDT,1775721600000,-4.916e-05
TRXUSDT,1775750400000,1.011e-05
TRXUSDT,1775779200000,8.783e-05
TRXUSDT,1775808000000,-8.3e-06
TRXUSDT,1775836800000,-9.953e-05
TRXUSDT,1775865600000,-6.496e-05
TRXUSDT,1775894400000,-4.225e-05
TRXUSDT,1775923200000,8.17e-06
TRXUSDT,1775952000000,3.009e-05
TRXUSDT,1775980800000,4.002e-05
TRXUSDT,1776009600000,5.481e-05
TRXUSDT,1776038400000,-5.304e-05
TRXUSDT,1776067200000,-0.00014271
TRXUSDT,1776096000000,-4.532e-05
TRXUSDT,1776124800000,4.041e-05
TRXUSDT,1776153600000,1.75e-05
TRXUSDT,1776182400000,2.996e-05
TRXUSDT,1776211200000,3.575e-05
TRXUSDT,1776240000000,-4.333e-05
TRXUSDT,1776268800000,-1.174e-05
TRXUSDT,1776297600000,-2.422e-05
TRXUSDT,1776326400000,-7.804e-05
TRXUSDT,1776355200000,-2.716e-05
TRXUSDT,1776384000000,1.3e-05
TRXUSDT,1776412800000,-5.007e-05
TRXUSDT,1776441600000,-0.00012271
TRXUSDT,1776470400000,0.0001
TRXUSDT,1776499200000,1.41e-06
TRXUSDT,1776528000000,5.615e-05
TRXUSDT,1776556800000,-5.543e-05
TRXUSDT,1776585600000,4.554e-05
TRXUSDT,1776614400000,5.228e-05
TRXUSDT,1776643200000,-6.773e-05
TRXUSDT,1776672000000,3.115e-05
TRXUSDT,1776700800000,-9.877e-05
TRXUSDT,1776729600000,5.763e-05
TRXUSDT,1776758400000,7.7e-06
TRXUSDT,1776787200000,9.712e-05
TRXUSDT,1776816000000,3.149e-05
TRXUSDT,1776844800000,1.313e-05
TRXUSDT,1776873600000,3.584e-05
TRXUSDT,1776902400000,2.506e-05
TRXUSDT,1776931200000,-0.00013291
TRXUSDT,1776960000000,-6.589e-05
TRXUSDT,1776988800000,-4.85e-06
TRXUSDT,1777017600000,-0.0002129
TRXUSDT,1777046400000,-0.00013274
TRXUSDT,1777075200000,-0.00069303
TRXUSDT,1777104000000,-0.00027214
TRXUSDT,1777132800000,-0.00045333
TRXUSDT,1777161600000,-7.598e-05
TRXUSDT,1777190400000,-0.00034285
TRXUSDT,1777219200000,-0.00027324
TRXUSDT,1777248000000,-0.0002227
TRXUSDT,1777276800000,-0.00013958
TRXUSDT,1777305600000,7.203e-05
TRXUSDT,1777334400000,-6.52e-06
TRXUSDT,1777363200000,-0.0001456
TRXUSDT,1777392000000,-7.79e-05
TRXUSDT,1777420800000,-7.287e-05
TRXUSDT,1777449600000,-0.000486
TRXUSDT,1777478400000,-0.00010586
TRXUSDT,1777507200000,1.8e-05
TRXUSDT,1777536000000,3.034e-05
TRXUSDT,1777564800000,-3.166e-05
TRXUSDT,1777593600000,2.698e-05
TRXUSDT,1777622400000,5.31e-06
TRXUSDT,1777651200000,3.75e-06
TRXUSDT,1777680000000,3.423e-05
TRXUSDT,1777708800000,7.522e-05
TRXUSDT,1777737600000,9.48e-05
TRXUSDT,1777766400000,-1.494e-05
TRXUSDT,1777795200000,4.739e-05
TRXUSDT,1777824000000,0.0001
TRXUSDT,1777852800000,0.0001
TRXUSDT,1777881600000,0.0001
TRXUSDT,1777910400000,3.548e-05
TRXUSDT,1777939200000,0.0001
TRXUSDT,1777968000000,3.657e-05
TRXUSDT,1777996800000,7.534e-05
TRXUSDT,1778025600000,0.0001
TRXUSDT,1778054400000,0.0001
TRXUSDT,1778083200000,4.941e-05
TRXUSDT,1778112000000,7.848e-05
TRXUSDT,1778140800000,5.039e-05
TRXUSDT,1778169600000,0.0001
TRXUSDT,1778198400000,7.678e-05
TRXUSDT,1778227200000,0.0001
TRXUSDT,1778256000000,-4.41e-06
TRXUSDT,1778284800000,5.113e-05
TRXUSDT,1778313600000,0.0001
TRXUSDT,1778342400000,8.887e-05
TRXUSDT,1778371200000,2.14e-06
TRXUSDT,1778400000000,1.465e-05
TRXUSDT,1778428800000,5.148e-05
TRXUSDT,1778457600000,5.81e-06
TRXUSDT,1778486400000,-1.63e-06
TRXUSDT,1778515200000,6.608e-05
TRXUSDT,1778544000000,0.0001
TRXUSDT,1778572800000,0.0001
TRXUSDT,1778601600000,-7.13e-06
TRXUSDT,1778630400000,9.406e-05
TRXUSDT,1778659200000,5.341e-05
TRXUSDT,1778688000000,9.56e-05
TRXUSDT,1778716800000,-6.15e-06
TRXUSDT,1778745600000,8.116e-05
TRXUSDT,1778774400000,0.0001
TRXUSDT,1778803200000,8.51e-05
TRXUSDT,1778832000000,2.166e-05
TRXUSDT,1778860800000,1.072e-05
TRXUSDT,1778889600000,7.98e-06
TRXUSDT,1778918400000,-3.603e-05
TRXUSDT,1778947200000,6.638e-05
TRXUSDT,1778976000000,9.297e-05
TRXUSDT,1779004800000,3.773e-05
TRXUSDT,1779033600000,6.319e-05
TRXUSDT,1779062400000,2.639e-05
TRXUSDT,1779091200000,7.717e-05
TRXUSDT,1779120000000,4.578e-05
TRXUSDT,1779148800000,7.622e-05
TRXUSDT,1779177600000,6.06e-05
TRXUSDT,1779206400000,1.415e-05
TRXUSDT,1779235200000,5.854e-05
TRXUSDT,1779264000000,7.387e-05
TRXUSDT,1779292800000,6.479e-05
TRXUSDT,1779321600000,0.0001
TRXUSDT,1779350400000,0.0001
TRXUSDT,1779379200000,8.716e-05
TRXUSDT,1779408000000,0.0001
TRXUSDT,1779436800000,0.0001
TRXUSDT,1779465600000,4.981e-05
TRXUSDT,1779494400000,-3.1e-07
TRXUSDT,1779523200000,-2.512e-05
TRXUSDT,1779552000000,1.221e-05
TRXUSDT,1779580800000,8.799e-05
TRXUSDT,1779609600000,4.237e-05
TRXUSDT,1779638400000,0.0001
TRXUSDT,1779667200000,8.569e-05
TRXUSDT,1779696000000,8.697e-05
TRXUSDT,1779724800000,5.261e-05
TRXUSDT,1779753600000,5.339e-05
TRXUSDT,1779782400000,6.718e-05
TRXUSDT,1779811200000,6.711e-05
TRXUSDT,1779840000000,5.854e-05
TRXUSDT,1779868800000,4.136e-05
TRXUSDT,1779897600000,-4.306e-05
TRXUSDT,1779926400000,-5.987e-05
TRXUSDT,1779955200000,-0.00010405
TRXUSDT,1779984000000,-0.00013132
TRXUSDT,1780012800000,-6.412e-05
TRXUSDT,1780041600000,-0.00010984
TRXUSDT,1780070400000,-0.00035189
TRXUSDT,1780099200000,-0.00053548
TRXUSDT,1780128000000,-0.0004794
TRXUSDT,1780156800000,-0.00010395
TRXUSDT,1780185600000,-6.404e-05
TRXUSDT,1780214400000,-3.764e-05
TRXUSDT,1780243200000,-4.72e-05
TRXUSDT,1780272000000,0.0001
TRXUSDT,1780300800000,-2.013e-05
TRXUSDT,1780329600000,-0.00017086
TRXUSDT,1780358400000,-0.00047247
TRXUSDT,1780387200000,-0.00085228
TRXUSDT,1780416000000,-0.00071169
TRXUSDT,1780444800000,-0.00111439
TRXUSDT,1780473600000,-0.00024394
TRXUSDT,1780502400000,-0.00015868
TRXUSDT,1780531200000,-0.0002251
TRXUSDT,1780560000000,-0.0010762
TRXUSDT,1780588800000,-0.00108249
TRXUSDT,1780617600000,-0.00076219
TRXUSDT,1780646400000,-0.00163867
TRXUSDT,1780675200000,-0.00068598
TRXUSDT,1780704000000,-0.00079376
TRXUSDT,1780732800000,-0.00105394
TRXUSDT,1780761600000,-0.0005494
TRXUSDT,1780790400000,-0.00025236
TRXUSDT,1780819200000,-8.391e-05
TRXUSDT,1780848000000,-0.00016376
TRXUSDT,1780876800000,-0.00031364
TRXUSDT,1780905600000,-0.00014671
TRXUSDT,1780934400000,-0.00014515
TRXUSDT,1780963200000,-0.00014762
TRXUSDT,1780992000000,-0.0005129
TRXUSDT,1781020800000,-0.00032387
TRXUSDT,1781049600000,-0.00032803
TRXUSDT,1781078400000,-0.00026676
TRXUSDT,1781107200000,-0.00017524
TRXUSDT,1781136000000,-0.00037131
TRXUSDT,1781164800000,-9.145e-05
TRXUSDT,1781193600000,-0.00020715
TRXUSDT,1781222400000,-0.00163232
TRXUSDT,1781251200000,-0.00077477
TRXUSDT,1781280000000,-0.00062865
TRXUSDT,1781308800000,-0.00039418
TRXUSDT,1781337600000,-0.000252
TRXUSDT,1781366400000,-0.00012319
TRXUSDT,1781395200000,-0.00020647
TRXUSDT,1781424000000,-0.00056736
TRXUSDT,1781452800000,-0.00021429
TRXUSDT,1781481600000,-0.00024129
TRXUSDT,1781510400000,-0.00013026
TRXUSDT,1781539200000,-0.00010811
TRXUSDT,1781568000000,-9.085e-05
TRXUSDT,1781596800000,-0.00019012
TRXUSDT,1781625600000,-0.00057058
TRXUSDT,1781654400000,-0.0007897
TRXUSDT,1781683200000,-0.00019715
TRXUSDT,1781712000000,-2.735e-05
TRXUSDT,1781740800000,-7.361e-05
TRXUSDT,1781769600000,-0.00019253
TRXUSDT,1781798400000,-0.00043553
TRXUSDT,1781827200000,-0.00017969
TRXUSDT,1781856000000,-7.106e-05
TRXUSDT,1781884800000,-4.39e-05
TRXUSDT,1781913600000,1.431e-05
TRXUSDT,1781942400000,-9.005e-05
TRXUSDT,1781971200000,4.55e-05
TRXUSDT,1782000000000,3.545e-05
TRXUSDT,1782028800000,-2.205e-05
TRXUSDT,1782057600000,-5.856e-05
TRXUSDT,1782086400000,3.04e-05
TRXUSDT,1782115200000,6.522e-05
TRXUSDT,1782144000000,-4.85e-06
TRXUSDT,1782172800000,-3.91e-06
TRXUSDT,1782201600000,-9.093e-05
TRXUSDT,1782230400000,-0.00015533
TRXUSDT,1782259200000,-0.00022766
TRXUSDT,1782288000000,-0.00018181
TRXUSDT,1782316800000,-0.00019921
TRXUSDT,1782345600000,0.0001
TRXUSDT,1782374400000,8.544e-05
TRXUSDT,1782403200000,-0.00010944
TRXUSDT,1782432000000,-3.764e-05
TRXUSDT,1782460800000,-2.877e-05
TRXUSDT,1782489600000,-0.00028175
TRXUSDT,1782518400000,-0.00021344
TRXUSDT,1782547200000,-7.2e-05
TRXUSDT,1782576000000,-0.00014837
TRXUSDT,1782604800000,-7.437e-05
TRXUSDT,1782633600000,-8.5e-07
TRXUSDT,1782662400000,8.518e-05
TRXUSDT,1782691200000,-8.867e-05
TRXUSDT,1782720000000,6.87e-06
TRXUSDT,1782748800000,-4.754e-05
TRXUSDT,1782777600000,-4.127e-05
TRXUSDT,1782806400000,-0.00026848
TRXUSDT,1782835200000,-0.00053816
TRXUSDT,1782864000000,-0.00060304
TRXUSDT,1782892800000,-0.00018805
TRXUSDT,1782921600000,-9.264e-05
TRXUSDT,1782950400000,-0.00026721
TRXUSDT,1782979200000,-0.00041818
TRXUSDT,1783008000000,-0.00022729
TRXUSDT,1783036800000,-0.00063031
TRXUSDT,1783065600000,-0.00051535
TRXUSDT,1783094400000,-4.927e-05
TRXUSDT,1783123200000,0.0001
TRXUSDT,1783152000000,1.657e-05
TRXUSDT,1783180800000,9.629e-05
TRXUSDT,1783209600000,4.06e-06
TRXUSDT,1783238400000,4.669e-05
TRXUSDT,1783267200000,0.0001
TRXUSDT,1783296000000,0.0001
TRXUSDT,1783324800000,8.603e-05
TRXUSDT,1783353600000,-6.117e-05
TRXUSDT,1783382400000,6.863e-05
TRXUSDT,1783411200000,7.57e-06
TRXUSDT,1783440000000,2.508e-05
TRXUSDT,1783468800000,2.903e-05
TRXUSDT,1783497600000,-0.00012644
TRXUSDT,1783526400000,-6.256e-05
TRXUSDT,1783555200000,-9.53e-06
TRXUSDT,1783584000000,0.0001
TRXUSDT,1783612800000,7.611e-05
TRXUSDT,1783641600000,7.373e-05
TRXUSDT,1783670400000,-3.213e-05
TRXUSDT,1783699200000,8.76e-06
TRXUSDT,1783728000000,5.59e-06
TRXUSDT,1783756800000,-0.00012571
TRXUSDT,1783785600000,0.0001
TRXUSDT,1783814400000,-7.425e-05
TRXUSDT,1783843200000,-5.547e-05
TRXUSDT,1783872000000,6.493e-05
TRXUSDT,1783900800000,3.356e-05
TRXUSDT,1783929600000,-6.201e-05
TRXUSDT,1783958400000,-0.00023667
TRXUSDT,1783987200000,-0.00046996
TRXUSDT,1784016000000,-0.00019104
TRXUSDT,1784044800000,-0.00010435
TRXUSDT,1784073600000,-0.00017551
TRXUSDT,1784102400000,6.021e-05
TRXUSDT,1784131200000,1.279e-05
TRXUSDT,1784160000000,-0.00045208
TRXUSDT,1784188800000,-0.00037877
TRXUSDT,1784217600000,-0.00067326
TRXUSDT,1784246400000,-0.00035767
TRXUSDT,1784275200000,-0.00047159
TRXUSDT,1784304000000,-0.00012169
TRXUSDT,1784332800000,-0.0002458
TRXUSDT,1784361600000,-0.00053616
TRXUSDT,1784390400000,-0.00012332
TRXUSDT,1784419200000,4.131e-05
TRXUSDT,1784448000000,-3.526e-05
TRXUSDT,1784476800000,3.024e-05
TRXUSDT,1784505600000,-3.746e-05
TRXUSDT,1784534400000,-5.927e-05
TRXUSDT,1784563200000,-8.653e-05
TRXUSDT,1784592000000,7.683e-05
TRXUSDT,1784620800000,1.85e-05
TRXUSDT,1784649600000,6.361e-05
TRXUSDT,1784678400000,7.081e-05
TRXUSDT,1784707200000,2.376e-05
TRXUSDT,1784736000000,1.517e-05
TRXUSDT,1784764800000,-1.576e-05
TRXUSDT,1784793600000,4.306e-05
TRXUSDT,1784822400000,-9.139e-05
TRXUSDT,1784851200000,3.526e-05
TRXUSDT,1784880000000,0.0001
TRXUSDT,1784908800000,5.359e-05
TRXUSDT,1784937600000,1.644e-05
TRXUSDT,1784966400000,-9.411e-05
TRXUSDT,1784995200000,-2.013e-05
TRXUSDT,1785024000000,1.494e-05
TRXUSDT,1785052800000,-8.983e-05
TRXUSDT,1785081600000,6.317e-05
TRXUSDT,1785110400000,-6.257e-05
TRXUSDT,1785139200000,2.11e-06
TRXUSDT,1785168000000,-9.933e-05
TRXUSDT,1785196800000,-0.00022167
TRXUSDT,1785225600000,-0.00015611
TRXUSDT,1785254400000,-0.00016756
TRXUSDT,1785283200000,-0.00010142
TRXUSDT,1785312000000,-1.58e-05
TRXUSDT,1785340800000,-4.722e-05
TRXUSDT,1785369600000,-8.662e-05
TRXUSDT,1785398400000,-9.408e-05
TRXUSDT,1785427200000,-8.18e-06
TRXUSDT,1785456000000,3.797e-05
TRXUSDT,1785484800000,-4.412e-05
TRXUSDT,1785513600000,-1.884e-05
TRXUSDT,1785542400000,1.102e-05
TRXUSDT,1785571200000,7.793e-05
TRXUSDT,1785600000000,0.0001
TRXUSDT,1785628800000,8.978e-05
TRXUSDT,1785657600000,-7.568e-05
TRXUSDT,1785686400000,-0.00014905
TRXUSDT,1785715200000,-0.00016664
TRXUSDT,1785744000000,-0.00015424
TRXUSDT,1785772800000,0.0001
TRXUSDT,1785801600000,0.0001
TRXUSDT,1785830400000,2.333e-05
TRXUSDT,1785859200000,5.799e-05
TRXUSDT,1785888000000,-0.00015242
TRXUSDT,1785916800000,-0.00013768
TRXUSDT,1785945600000,-4.434e-05
TRXUSDT,1785974400000,-0.0001252
TRXUSDT,1786003200000,-4.559e-05
TRXUSDT,1786032000000,-0.00010465
TRXUSDT,1786060800000,-0.00011825
TRXUSDT,1786089600000,-7.757e-05
TRXUSDT,1786118400000,-3.618e-05
TRXUSDT,1786147200000,-5.2e-06
TRXUSDT,1786176000000,-0.00010593
TRXUSDT,1786204800000,-0.00010232
TRXUSDT,1786233600000,-3.958e-05
TRXUSDT,1786262400000,5.269e-05
TRXUSDT,1786291200000,7.51e-06
TRXUSDT,1786320000000,3.58e-06
TRXUSDT,1786348800000,-8.636e-05
TRXUSDT,1786377600000,5.363e-05
TRXUSDT,1786406400000,-2.225e-05
TRXUSDT,1786435200000,8.476e-05
TRXUSDT,1786464000000,-2.035e-05
TRXUSDT,1786492800000,0.0001
TRXUSDT,1786521600000,8.314e-05
TRXUSDT,1786550400000,3.773e-05
TRXUSDT,1786579200000,6.766e-05
TRXUSDT,1786608000000,5.123e-05
TRXUSDT,1786636800000,3.726e-05
TRXUSDT,1786665600000,9.739e-05
TRXUSDT,1786694400000,5e-05
TRXUSDT,1786723200000,1.02e-06
TRXUSDT,1786752000000,4.476e-05
TRXUSDT,1786780800000,5.064e-05
TRXUSDT,1786809600000,1.367e-05
TRXUSDT,1786838400000,-1.484e-05
TRXUSDT,1786867200000,-2.256e-05
TRXUSDT,1786896000000,2.796e-05
TRXUSDT,1786924800000,-0.00015969
TRXUSDT,1786953600000,0.0001
TRXUSDT,1786982400000,-0.00013736
TRXUSDT,1787011200000,-2.114e-05
TRXUSDT,1787040000000,2.875e-05
TRXUSDT,1787068800000,7.26e-06
TRXUSDT,1787097600000,-3.616e-05
TRXUSDT,1787126400000,-1.176e-05
TRXUSDT,1787155200000,-9.106e-05
TRXUSDT,1787184000000,0.0001
TRXUSDT,1787212800000,-3.62e-06
TRXUSDT,1787241600000,0.0001
TRXUSDT,1787270400000,0.0001
TRXUSDT,1787299200000,0.0001
TRXUSDT,1787328000000,0.0001
TRXUSDT,1787356800000,0.0001
TRXUSDT,1787385600000,0.00011577
TRXUSDT,1787414400000,0.0001
TRXUSDT,1787443200000,0.0001
TRXUSDT,1787472000000,0.0001
TRXUSDT,1787500800000,0.0001
TRXUSDT,1787529600000,0.0001
TRXUSDT,1787558400000,0.0001
TRXUSDT,1787587200000,0.0001
TRXUSDT,1787616000000,0.0001
TRXUSDT,1787644800000,8.743e-05
TRXUSDT,1787673600000,6.9e-05
TRXUSDT,1787702400000,-0.00010689
TRXUSDT,1787731200000,5.577e-05
TRXUSDT,1787760000000,-0.00030956
TRXUSDT,1787788800000,9.103e-05
TRXUSDT,1787817600000,-7.574e-05
TRXUSDT,1787846400000,2.008e-05
TRXUSDT,1787875200000,2.983e-05
TRXUSDT,1787904000000,0.0001
TRXUSDT,1787932800000,6.413e-05
TRXUSDT,1787961600000,0.0001
TRXUSDT,1787990400000,2.082e-05
TRXUSDT,1788019200000,-1.759e-05
TRXUSDT,1788048000000,0.0001
TRXUSDT,1788076800000,0.0001
TRXUSDT,1788105600000,2.619e-05
TRXUSDT,1788134400000,-0.00012938
TRXUSDT,1788163200000,-5.565e-05
TRXUSDT,1788192000000,-0.00039762
TRXUSDT,1788220800000,-0.00060231
TRXUSDT,1788249600000,-0.00058622
TRXUSDT,1788278400000,-0.00169699
TRXUSDT,1788307200000,-0.00185769
TRXUSDT,1788336000000,-0.00083101
TRXUSDT,1788364800000,-0.00040213
TRXUSDT,1788393600000,-0.00049525
TRXUSDT,1788422400000,-0.00018055
TRXUSDT,1788451200000,-0.0001398
TRXUSDT,1788480000000,-0.00035961
TRXUSDT,1788508800000,-0.0007015
TRXUSDT,1788537600000,-5.109e-05
TRXUSDT,1788566400000,-0.00014133
TRXUSDT,1788595200000,-6.922e-05
TRXUSDT,1788624000000,-4.331e-05
TRXUSDT,1788652800000,-0.0001246
TRXUSDT,1788681600000,-0.00019851
TRXUSDT,1788710400000,-1.455e-05
TRXUSDT,1788739200000,-3.949e-05
TRXUSDT,1788768000000,1.55e-06
TRXUSDT,1788796800000,-0.0001672
TRXUSDT,1788825600000,-0.0002345
TRXUSDT,1788854400000,-5.045e-05
TRXUSDT,1788883200000,2.765e-05
TRXUSDT,1788912000000,-2.806e-05
TRXUSDT,1788940800000,-0.00013391
TRXUSDT,1788969600000,-0.0002217
TRXUSDT,1788998400000,-5.229e-05
TRXUSDT,1789027200000,-9.186e-05
TRXUSDT,1789056000000,-0.00015828
TRXUSDT,1789084800000,-0.000138
TRXUSDT,1789113600000,-0.00014329
TRXUSDT,1789142400000,-0.00044696
TRXUSDT,1789171200000,-0.00019713
TRXUSDT,1789200000000,3.53e-06
TRXUSDT,1789228800000,-6.759e-05
TRXUSDT,1789257600000,-8.612e-05
TRXUSDT,1789286400000,-5.35e-05
TRXUSDT,1789315200000,2.882e-05
TRXUSDT,1789344000000,-0.000107
TRXUSDT,1789372800000,-0.00019806
